customerid,customername,gender,age,city,joindate
1142,Priya Reddy,Female,30.0,Pune,2019-10-08
2120,Nikhil Chopra,Male,61.0,DELHI,2021-05-28
4018,Saanvi Pillai,Female,31.0,Bangalore,2023-03-02
1990,Kavya Kumar,Female,34.0,Ahmedabad,2022-08-30
4873,Rohan Pillai,Male,44.0, Patna ,2022-09-27
4450,Aditya Rao,Male,26.0,Nan ,2022-12-09
1352,Manish Singh,Male,36.0,Lucknow,2024-06-01
1772,Sneha Kumar,Female,65.0,Jaipur,2019-12-14
1509,Divya Menon,Female,38.0,Surat,2020-11-29
942,Ishaan Menon,Male,25.0,Surat,2022-09-10
2008,Rajesh Reddy,Male,65.0,Lucknow,2023-03-03
2937,Vivaan Rao,Male,34.0,Lucknow,2023-02-13
1625,Vihaan Bose,Male,19.0,Kochi,2023-12-23
1883,Kavya Iyer,Female,40.0,Patna,2021-09-26
1170,Sneha Sharma,Female,29.0, Patna ,2021-08-15
3970,Kavya Patel,Female,26.0,Pune,2022-05-30
3711,Meera Kumar,Female,60.0,Raipur,2020-11-20
3781,Manish Rao,Male,37.0,Ranchi,2021-12-10
4096,Kabir Bose,Male,33.0,Ahmedabad,2019-09-28
2314,Amit Bose,Male,33.0,Mumbai,2023-05-06
1989,Rajesh Malhotra,Male,19.0,Mumbai,2021-07-11
3243,Diya Kumar,Female,32.0,Coimbatore,2023-02-10
29,Ira Pillai,Female,61.0,Coimbatore,2023-04-05
4921,Vivaan Iyer,Male,43.0,Ranchi,2020-06-23
828,Myra Reddy,Female,51.0,Mumbai,2022-04-15
4820,Anjali Iyer,Female,63.0,Bangalore,2020-08-02
4127,Kavya Mehta,Female,39.0,chennai,2021-06-06
3657,Sneha Pillai,Female,32.0,Hyderabad,2023-12-10
4340,Rohan Chopra,Male,59.0,Coimbatore,2019-10-02
3027,Isha Iyer,Female,63.0,Delhi,2023-05-31
2049,Aditya Joshi,Male,35.0,Delhi,2023-04-12
4101,Kabir Sharma,Male,55.0,Surat,2022-03-15
1550,Sai Sharma,Male,22.0,Chandigarh,2020-01-25
2098,Aadhya Patel,Female,34.0,Indore,2021-04-01
1803,Priya Menon,Female,43.0,Jaipur,2021-04-09
1265,Reyansh Reddy,Male,21.0,Kolkata,2021-02-24
2595,Riya Nair,Female,27.0,Bangalore,2020-08-02
3389,Kiara Iyer,Female,36.0,Ranchi,2021-04-12
3238,Anika Das,Female,63.0,Raipur ,2023-08-30
3937,Saanvi Das,Female,48.0,Ahmedabad,2020-10-15
896,Aditya Chopra,Male,30.0,Surat,2021-03-31
4877,Sai Mehta,Male,28.0,Chandigarh,2019-07-30
1851,Karan Rao,Male,35.0,Raipur,2023-06-30
2428,Kavya Malhotra,Female,44.0,Raipur,2022-09-18
5,Ananya Gupta,Female,41.64736842105263,Kochi,2024-02-16
4687,Krishna Agarwal,Male,41.64736842105263,Jaipur,2023-04-27
3742,Kabir Patel,Male,20.0,Kolkata,2022-03-21
4103,Nikhil Reddy,Male,21.0,Kochi,2023-03-12
1118,Manish Menon,Male,34.0,Coimbatore,2024-02-03
3021,Divya Nair,Female,39.0,Chennai,2023-09-20
1882,Aditya Agarwal,Male,24.0,Chennai,2020-08-15
2901,Shreya Rao,Female,57.0,Coimbatore,2021-10-16
1356,Priya Singh,Female,18.0,Nagpur,2021-02-01
3577,Myra Singh,Female,41.64736842105263,Kochi,2023-04-27
2134,Nikhil Verma,Male,48.0,Chandigarh,2020-03-23
286,Manish Verma,Male,42.0,Kochi,2023-09-11
2722,Anika Reddy,Female,52.0,Raipur,2020-02-27
309,Saanvi Iyer,Female,65.0,Bangalore,2022-03-13
3658,Suresh Iyer,Male,46.0,Bhopal,2021-09-16
1750,Krishna Gupta,Male,51.0, Pune ,2019-01-14
3723,Rajesh Gupta,Male,21.0,Bangalore,2021-06-18
1166,Riya Agarwal,Female,41.64736842105263,Chennai,2019-12-11
1272,Sakshi Rao,Female,39.0,Nagpur,2022-11-06
3112,Karan Singh,Male,23.0,Lucknow,2020-08-24
690,Manish Chopra,Male,53.0,Surat,2022-01-15
944,Krishna Iyer,Male,41.64736842105263,Bhopal,2021-11-07
3079,Nikhil Rao,Male,31.0,Coimbatore,2023-03-02
1524,Karan Malhotra,Male,38.0,Patna,2020-10-21
2296,Pooja Reddy,Female,52.0,Hyderabad,2021-02-21
3805,Rajesh Singh,Male,47.0,Delhi,2020-12-18
3023,Isha Reddy,Female,55.0,Coimbatore,2021-06-16
2607,Krishna Reddy,Male,31.0,Nagpur,2021-03-06
2653,Sakshi Chopra,Female,59.0,Ahmedabad,2020-07-21
4296,Anjali Rao,Female,28.0,kolkata,2022-02-15
4682,Sakshi Menon,Female,21.0,Raipur,2022-05-28
3492,Ananya Kumar,Female,39.0,Kolkata,2021-05-29
725,Suresh Bose,Male,64.0,Ahmedabad,2024-08-17
4216,Karan Mehta,Male,25.0,Nagpur,2024-06-27
4141,Kiara Malhotra,Female,49.0,Raipur,2020-09-09
350,Aryan Rao,Male,36.0,Kolkata,2019-06-11
2820,Riya Patel,Female,61.0,Mumbai,2021-06-27
3317,Manish Sharma,Male,40.0,Coimbatore,2020-10-24
1387,Arjun Menon,Male,25.0,Delhi,2021-02-19
679,Saanvi Singh,Female,41.0,Delhi,2021-04-07
1061,Pooja Mehta,Female,60.0,Raipur,2020-07-27
3088,Vivaan Iyer,Male,23.0, Jaipur ,2022-02-15
593,Priya Rao,Female,44.0,Hyderabad,2021-07-17
1744,Ishaan Gupta,Male,38.0,Kolkata,2024-09-07
1374,Suresh Kumar,Male,32.0,Hyderabad,2020-06-25
34,Vivaan Kapoor,Male,32.0,Ahmedabad,2019-08-04
1095,Rohan Agarwal,Male,55.0,Hyderabad,2021-10-05
1934,Suresh Sharma,Male,34.0,Nagpur,2024-09-14
2906,Amit Chopra,Male,33.0, Indore ,2019-07-02
2824,Priya Mehta,Female,45.0,Kolkata,2021-10-05
1226,Saanvi Joshi,Female,60.0,Chandigarh,2019-10-04
784,Saanvi Sharma,Male,49.0,Bangalore ,2019-01-27
3252,Sakshi Menon,Female,40.0,Ranchi,2021-10-17
1560,Ira Kapoor,Female,51.0,Ahmedabad,2024-05-11
3008,Ira Gupta,Female,38.0,Kolkata,2023-10-17
3747,Anika Malhotra,Female,26.0,Bhopal,2019-06-19
360,Vihaan Kumar,Male,62.0,Delhi,2020-10-14
2295,Amit Kumar,Male,22.0,Lucknow,2021-09-17
575,Shreya Rao,Female,41.0,DELHI,2021-12-24
3562,Divya Pillai,Female,48.0,Lucknow,2020-08-19
3688,Neha Menon,Female,24.0,Ranchi,2020-06-26
1039,Nikhil Singh,Male,28.0,Hyderabad,2021-04-21
2489,Aryan Joshi,Male,44.0,Mumbai,2022-07-14
3994,Vivaan Menon,Male,37.0,Ranchi,2020-09-22
1505,Ira Reddy,Female,48.0,hyderabad,2022-12-07
2858,Ananya Gupta,Female,41.64736842105263,Jaipur,2020-11-07
688,Ira Iyer,Female,27.0,Kolkata,2022-01-25
2012,Ananya Sharma,Female,39.0,mumbai,2024-04-11
2264,Nikhil Sharma,Male,37.0,Ranchi,2021-06-05
201,Divya Mehta,Female,58.0,Kochi,2023-08-29
4418,Manish Agarwal,Male,46.0,Bangalore,2020-04-12
601,Anjali Reddy,Female,53.0, Ranchi ,2021-10-05
1887,Aadhya Rao,Female,25.0,Pune,2021-12-04
4945,Pooja Menon,Female,47.0,Kochi,2024-07-22
4479,Vihaan Nair,Male,34.0,Chennai,2024-04-14
1126,Vihaan Bose,Male,33.0,Surat,2019-08-11
1724,Nikhil Kapoor,Male,42.0,Bhopal,2022-12-22
3922,Ishaan Pillai,Male,38.0,Lucknow,2023-12-17
3085,Vihaan Kapoor,Male,26.0,Kolkata,2024-05-06
4347,Nikhil Joshi,Male,31.0,Kolkata,2024-03-07
2986,Arjun Sharma,Male,23.0,Ranchi,2023-11-03
1753,Aryan Bose,Male,51.0,Kolkata,2022-05-14
117,Priya Iyer,Female,24.0,CHENNAI,2019-12-24
796,Ishaan Das,Male,55.0,Raipur,2022-08-28
281,Ira Mehta,Female,43.0,Chandigarh,2024-06-26
1457,Vivaan Nair,Male,35.0,Bangalore,2019-07-03
4880,Anjali Bose,Female,43.0,Lucknow,2024-01-16
678,Anika Chopra,Female,46.0,Lucknow ,2021-06-04
2985,Aadhya Pillai,Female,47.0,Indore,2019-04-06
4287,Amit Agarwal,Male,63.0,Jaipur,2020-02-28
1043,Amit Joshi,Male,36.0,Kochi ,2020-12-02
1249,Nikhil Chopra,Male,49.0,Indore,2023-08-31
663,Sakshi Joshi,Female,34.0,Kochi,2022-12-20
4812,Ishaan Chopra,Male,24.0,Pune,2019-01-30
3848,Meera Iyer,Female,25.0,Kolkata,2022-07-26
1292,Kavya Joshi,Female,41.0,Chennai,2021-06-28
4538,Aditya Agarwal,Male,41.64736842105263,Kolkata,2020-06-09
1526,Sai Chopra,Male,48.0,Ranchi,2019-01-21
2534,Manish Menon,Male,54.0,Kochi,2021-01-19
4557,Ishaan Bose,Male,61.0,Kolkata,2023-01-03
4771,Pooja Malhotra,Female,18.0,Patna,2019-04-02
3409,Isha Patel,Female,53.0,Nagpur ,2024-07-01
109,Sneha Kumar,Female,62.0,Bangalore,2024-08-13
6,Krishna Pillai,Male,40.0,Delhi,2019-07-27
4916,Ananya Sharma,Female,38.0,BANGALORE,2019-06-19
4816,Aadhya Iyer,Female,51.0,Mumbai,2021-03-13
2762,Nikhil Nair,Male,44.0,Jaipur,2024-06-28
3923,Diya Malhotra,Female,34.0,Nagpur,2021-05-25
3569,Rahul Nair,Male,18.0,Bhopal ,2021-08-14
315,Divya Menon,Female,43.0, Raipur ,2020-02-24
3984,Neha Chopra,Female,49.0,Nagpur,2020-02-14
4269,Kabir Joshi,Male,42.0,Lucknow,2023-12-12
2969,Amit Iyer,Male,44.0,Coimbatore,2020-07-20
4535,Arjun Menon,Male,25.0,Kolkata,2024-05-30
1627,Ishaan Agarwal,Male,34.0,Ranchi,2023-12-04
2424,Ishaan Sharma,Male,45.0,Chandigarh,2022-01-19
326,Neha Chopra,Female,34.0,Raipur,2022-04-19
3979,Rajesh Das,Male,27.0,Pune,2023-06-06
3988,Karan Malhotra,Male,40.0,Jaipur,2022-08-24
1910,Saanvi Singh,Female,42.0, Raipur ,2023-09-09
349,Amit Reddy,Male,56.0,Ranchi,2021-12-13
1122,Ananya Malhotra,Female,30.0,Ranchi,2019-12-02
2026,Meera Chopra,Female,30.0,Raipur,2023-07-20
2695,Rahul Bose,Male,62.0,Delhi,2023-07-08
4927,Shreya Sharma,Female,45.0,Delhi,2019-12-27
4526,Saanvi Bose,Female,45.0,Pune,2021-06-13
345,Sneha Singh,Male,53.0,Jaipur,2024-04-27
4118,Anjali Pillai,Female,27.0,Mumbai,2020-01-26
864,Saanvi Pillai,Female,21.0,Chennai,2022-08-02
3168,Nikhil Sharma,Male,58.0,Hyderabad,2022-04-11
4162,Ananya Rao,Female,61.0,Coimbatore,2021-07-07
1541,Sai Singh,Male,18.0,Surat,2019-02-14
441,Myra Chopra,Female,43.0,Ahmedabad,2022-04-06
2000,Krishna Singh,Male,49.0,Ranchi,2023-01-07
142,Aadhya Singh,Female,64.0,Chennai,2022-11-27
2230,Diya Bose,Female,33.0,Ahmedabad,2019-01-13
4129,Kavya Sharma,Female,29.0,Jaipur,2024-09-28
4524,Diya Patel,Female,64.0,Chennai,2021-06-09
1993,Manish Menon,Male,20.0,chennai,2022-11-28
3610,Anika Mehta,Female,53.0,Bangalore,2020-01-18
1855,Arjun Reddy,Male,41.64736842105263,Lucknow ,2022-06-13
2518,Krishna Singh,Male,62.0,Mumbai,2023-08-21
4409,Rahul Malhotra,Male,23.0,INDORE,2022-08-23
1553,Pooja Das,Female,49.0,Hyderabad,2023-03-12
3645,Priya Bose,Female,45.0,Ranchi,2020-05-09
2915,Riya Patel,Female,18.0,Lucknow,2022-07-13
4901,Diya Verma,Female,42.0,Jaipur,2021-11-05
1413,Sneha Singh,Female,64.0,Kochi,2020-07-16
3306,Karan Kumar,Male,29.0, Bangalore ,2021-03-02
2365,Rahul Menon,Male,28.0,Kolkata ,2021-06-21
4091,Reyansh Bose,Male,61.0,Patna,2023-03-19
3435,Pooja Das,Female,60.0,Ahmedabad ,2019-12-19
3757,Priya Rao,Female,34.0,Bhopal,2024-03-29
4304,Ananya Patel,Female,27.0,pune,2022-04-13
2283,Shreya Agarwal,Female,27.0,surat,2022-11-21
3076,Vihaan Menon,Male,64.0,kolkata,2019-10-04
2679,Ananya Reddy,Female,28.0,Hyderabad,2019-11-18
1024,Vivaan Kapoor,Male,19.0,Bhopal,2022-07-17
1400,Arjun Iyer,Male,26.0,Jaipur,2019-07-31
4300,Vivaan Rao,Male,26.0,Patna,2023-09-08
4243,Ira Joshi,Female,39.0,Ahmedabad,2023-06-20
997,Pooja Menon,Female,26.0,Nagpur,2020-01-29
2258,Krishna Menon,Male,34.0,Ranchi,2021-03-12
958,Neha Das,Female,48.0,Chennai,2021-12-03
1698,Rahul Patel,Male,34.0,Jaipur,2021-11-29
2388,Shreya Chopra,Female,64.0,Kolkata,2020-09-17
4041,Ishaan Iyer,Male,63.0,KOCHI,2023-11-24
4725,Arjun Pillai,Male,19.0,Bangalore,2020-02-05
2990,Ira Das,Female,41.64736842105263,Patna,2022-04-06
1643,Ishaan Singh,Male,29.0,Indore,2023-09-17
1943,Rahul Pillai,Male,51.0,Ahmedabad,2021-09-29
4302,Anjali Reddy,Female,34.0,Jaipur,2020-07-21
4878,Sakshi Pillai,Female,41.0,Raipur,2022-05-09
902,Dhruv Menon,Male,61.0,Surat,2020-09-17
3746,Anjali Sharma,Female,28.0,Nagpur,2022-04-16
4484,Vivaan Patel,Male,60.0, Raipur ,2024-06-04
2317,Reyansh Kumar,Male,26.0,Ranchi,2019-04-07
1427,Myra Mehta,Female,57.0,Lucknow,2022-11-27
4249,Sai Agarwal,Male,26.0,Kochi,2023-05-04
989,Ananya Mehta,Female,61.0,Hyderabad,2023-06-03
1380,Kavya Nair,Female,38.0,DELHI,2021-01-14
3256,Vivaan Kumar,Male,52.0,Lucknow,2024-02-21
2143,Arjun Agarwal,Male,38.0,delhi,2020-04-01
1074,Kiara Patel,Female,65.0,Chandigarh,2019-01-09
644,Aadhya Iyer,Female,38.0,Kolkata,2020-05-21
4644,Ishaan Bose,Male,41.64736842105263,Patna,2023-09-16
1406,Riya Menon,Female,53.0,Pune,2023-12-17
4250,Vivaan Iyer,Male,19.0,Chennai,2023-11-18
2582,Diya Kapoor,Female,45.0,Patna,2019-04-18
4005,Arjun Rao,Male,18.0,Kolkata,2021-10-24
80,Rohan Malhotra,Male,61.0,Ranchi,2019-06-11
4662,Sneha Agarwal,Female,27.0,Ranchi,2019-03-06
1042,Vihaan Reddy,Male,46.0,Bhopal,2019-01-27
4419,Divya Rao,Female,20.0,Delhi,2023-01-18
1393,Kabir Verma,Male,54.0,Delhi,2021-02-18
1858,Aryan Singh,Male,48.0,Coimbatore,2023-06-03
1178,Nikhil Pillai,Male,53.0,Patna,2024-03-04
3190,Reyansh Rao,Male,41.64736842105263,chandigarh,2021-08-05
3699,Anjali Das,Female,41.64736842105263,Chennai,2021-12-04
3901,Rajesh Iyer,Male,39.0,Kolkata,2021-03-30
4922,Neha Sharma,Female,24.0,Nagpur,2020-12-01
1376,Rajesh Reddy,Male,23.0,Delhi,2023-04-07
3583,Vihaan Malhotra,Male,27.0,Nagpur,2019-07-28
1297,Sneha Verma,Female,39.0,Chennai,2021-05-12
4078,Isha Singh,Female,56.0,Indore,2023-08-29
1741,Isha Kapoor,Female,26.0,Patna,2022-04-23
497,Manish Patel,Male,48.0,Surat,2022-12-19
1687,Anjali Reddy,Female,19.0,Surat,2023-11-13
3890,Kavya Kumar,Male,44.0,Kolkata,2021-10-13
3245,Sneha Joshi,Female,29.0,Patna,2022-10-11
4518,Rajesh Patel,Male,47.0,Bhopal,2024-08-03
2721,Saanvi Nair,Female,58.0,Chennai,2022-01-07
2713,Divya Bose,Female,63.0,Chennai,2020-06-14
556,Anjali Singh,Female,43.0,Ahmedabad,2019-02-06
1894,Aditya Menon,Male,36.0,Ranchi ,2024-03-01
3774,Diya Iyer,Female,59.0,Coimbatore,2023-09-27
3093,Meera Chopra,Female,26.0,Hyderabad,2021-09-25
2462,Divya Pillai,Female,41.64736842105263,Ranchi,2021-03-16
4396,Anjali Mehta,Female,47.0,Jaipur,2024-02-19
3296,Aditya Gupta,Male,29.0,Chennai,2020-01-22
1357,Priya Sharma,Female,24.0,Bhopal,2024-07-08
4225,Rahul Agarwal,Male,55.0,Hyderabad,2020-08-20
539,Anika Patel,Female,63.0,Indore,2023-03-30
3635,Reyansh Verma,Male,62.0,surat,2023-02-26
1549,Rahul Mehta,Male,26.0,Indore,2019-06-01
3018,Vivaan Iyer,Male,39.0,Delhi,2020-09-21
637,Rahul Das,Male,20.0,Ahmedabad,2023-06-09
574,Krishna Bose,Male,23.0,Patna,2019-09-06
474,Sakshi Iyer,Female,61.0,Indore,2021-04-14
841,Neha Kumar,Female,18.0,Coimbatore,2024-09-09
4194,Aarav Kumar,Male,41.64736842105263,Nagpur ,2022-03-05
3725,Reyansh Mehta,Male,47.0,Bangalore,2019-12-22
4710,Krishna Patel,Male,27.0,Mumbai,2019-07-10
4014,Suresh Rao,Male,28.0,Ahmedabad,2021-06-19
3407,Pooja Patel,Female,59.0,Lucknow ,2023-05-16
4691,Nikhil Joshi,Male,27.0,CHANDIGARH,2021-03-02
797,Kiara Joshi,Female,41.64736842105263,Hyderabad,2022-08-28
2033,Pooja Das,Female,45.0, Coimbatore ,2019-12-06
1774,Manish Menon,Male,27.0,Hyderabad,2023-05-22
4723,Sneha Chopra,Female,45.0,Ranchi,2021-08-31
4140,Suresh Agarwal,Male,39.0,Ahmedabad,2020-09-23
2175,Rahul Sharma,Male,49.0,Raipur,2022-11-09
2847,Manish Agarwal,Male,22.0,Raipur,2022-01-09
3965,Kavya Mehta,Female,31.0,CHENNAI,2020-06-23
170,Suresh Chopra,Male,41.64736842105263,Jaipur,2020-11-20
2184,Sneha Reddy,Female,48.0,Indore,2023-05-10
2294,Rahul Kumar,Male,62.0,Pune,2019-01-03
2306,Rahul Malhotra,Male,65.0,Surat,2021-09-15
2319,Shreya Singh,Female,44.0,Chandigarh,2019-05-18
249,Saanvi Sharma,Female,38.0,Ranchi,2021-06-16
4046,Krishna Singh,Male,38.0, Surat ,2022-10-25
4144,Riya Reddy,Female,60.0,Lucknow,2023-08-10
952,Rohan Gupta,Male,49.0,Chandigarh,2023-08-19
872,Krishna Agarwal,Male,41.64736842105263,Kochi,2020-04-11
1214,Isha Verma,Female,56.0,Mumbai,2019-07-19
3032,Ishaan Singh,Male,23.0,Hyderabad,2024-03-10
1480,Aadhya Joshi,Female,39.0,Ranchi,2024-06-14
1676,Anika Das,Female,63.0,LUCKNOW,2023-02-11
1027,Amit Chopra,Male,46.0,Ranchi,2024-09-10
1248,Amit Reddy,Male,27.0,pune,2019-01-18
4208,Vihaan Chopra,Male,60.0,Kolkata,2020-07-27
1233,Neha Verma,Female,51.0,BHOPAL,2022-03-27
408,Krishna Joshi,Male,39.0,Nagpur,2022-04-17
2031,Manish Kumar,Male,24.0,Ahmedabad,2024-02-17
4475,Rohan Nair,Male,51.0,Coimbatore,2019-06-07
1442,Vihaan Pillai,Male,22.0,Chandigarh,2020-10-09
2074,Dhruv Singh,Male,65.0,LUCKNOW,2019-12-03
4529,Kabir Kapoor,Male,32.0,Hyderabad,2023-06-14
3903,Vihaan Pillai,Male,59.0,Kolkata,2023-05-27
1231,Pooja Reddy,Female,27.0,Indore,2021-04-17
966,Rohan Mehta,Male,65.0,Chandigarh,2023-04-14
3905,Arjun Das,Male,40.0,Chandigarh,2022-04-24
800,Karan Kumar,Male,31.0,Ranchi ,2024-02-07
4855,Priya Iyer,Female,50.0,Mumbai,2020-08-02
2147,Ishaan Verma,Male,54.0,Coimbatore,2019-10-30
2741,Shreya Verma,Female,56.0,Chennai ,2024-05-11
1792,Vivaan Rao,Male,49.0,Kolkata,2024-06-18
504,Vivaan Kapoor,Male,41.64736842105263,Chandigarh,2019-05-14
1278,Isha Nair,Female,56.0,Chandigarh,2023-06-28
4422,Diya Nair,Female,59.0,Mumbai,2020-08-01
4098,Pooja Pillai,Female,30.0,Chennai,2023-01-04
3600,Aadhya Rao,Female,57.0,Hyderabad,2021-10-04
1652,Priya Menon,Female,41.64736842105263,Chennai,2019-10-03
1513,Arjun Kapoor,Male,25.0,Raipur,2023-05-25
4234,Priya Das,Female,20.0,Bangalore,2023-06-23
2739,Myra Singh,Female,36.0,Bangalore,2019-05-25
3529,Kiara Joshi,Female,33.0,Jaipur,2023-08-19
1499,Shreya Rao,Female,51.0,Surat,2020-04-09
300,Riya Bose,Male,62.0,Hyderabad,2021-07-22
4423,Aarav Singh,Male,24.0,Chennai,2022-10-24
4240,Sai Sharma,Male,52.0,Lucknow ,2021-01-24
1163,Meera Bose,Female,35.0,Raipur,2023-07-01
4884,Ananya Reddy,Female,41.64736842105263,Mumbai,2024-09-09
730,Amit Gupta,Male,61.0,Coimbatore,2022-07-03
2356,Reyansh Singh,Male,41.0,Delhi,2019-06-18
1957,Divya Bose,Female,49.0,Kolkata,2021-01-02
2530,Sneha Nair,Female,53.0,Kochi,2020-08-15
3309,Kabir Bose,Male,50.0,Raipur,2020-04-03
2779,Riya Pillai,Female,49.0,Ranchi,2020-04-22
871,Neha Patel,Female,24.0,Pune,2020-09-25
2929,Reyansh Pillai,Male,56.0,Nagpur,2023-12-24
4350,Sai Kumar,Male,51.0,Nagpur,2022-05-13
124,Pooja Bose,Female,22.0,Nagpur,2021-10-27
1478,Isha Agarwal,Female,47.0,Hyderabad,2019-12-18
1133,Rahul Malhotra,Male,47.0,Bhopal,2020-02-19
4428,Aarav Bose,Male,58.0,Pune,2019-03-23
1667,Dhruv Malhotra,Male,62.0,Chennai,2023-10-27
4531,Sneha Joshi,Female,42.0,Coimbatore,2023-05-07
59,Pooja Sharma,Female,43.0,Jaipur,2019-01-13
4988,Amit Kapoor,Male,22.0,Raipur,2020-01-09
3248,Anjali Singh,Female,41.64736842105263,Pune,2019-02-10
746,Manish Chopra,Male,45.0,Ranchi,2022-01-21
3698,Kabir Nair,Male,60.0,Delhi,2023-12-14
4870,Diya Sharma,Female,42.0, Jaipur ,2021-07-08
3109,Sakshi Reddy,Female,63.0,Ahmedabad,2023-09-04
2404,Rahul Kumar,Male,44.0,Ranchi,2021-10-02
1551,Pooja Iyer,Female,38.0,Nagpur ,2023-06-28
2705,Manish Rao,Male,64.0,Ranchi,2021-10-24
2457,Neha Kumar,Female,20.0,Ranchi,2021-09-10
3345,Ira Rao,Female,47.0,Ahmedabad,2022-03-29
3423,Rahul Sharma,Male,60.0,Surat,2021-03-10
4853,Sai Patel,Male,43.0,Mumbai,2020-07-29
764,Kavya Malhotra,Female,64.0,Bangalore,2021-07-14
3383,Meera Chopra,Female,57.0,Bangalore,2024-01-12
2776,Sai Agarwal,Male,37.0,Jaipur,2023-09-08
2763,Krishna Agarwal,Male,47.0,Nagpur,2019-04-10
4390,Kabir Agarwal,Male,20.0,Kolkata,2021-08-02
2680,Aarav Malhotra,Male,25.0,Ahmedabad,2023-09-25
624,Arjun Mehta,Male,62.0,kochi,2020-07-07
99,Ishaan Reddy,Male,41.64736842105263,Kochi,2021-10-30
1580,Sneha Malhotra,Female,24.0,Ahmedabad,2022-01-03
985,Meera Singh,Female,64.0,Ranchi,2020-05-21
4275,Meera Agarwal,Female,21.0,Bhopal,2019-10-31
4447,Saanvi Menon,Female,30.0,Raipur,2019-07-07
645,Vihaan Das,Male,58.0,Nagpur,2019-12-16
3910,Priya Kapoor,Female,31.0,Lucknow,2022-03-05
1927,Rahul Bose,Male,33.0,Jaipur,2022-11-03
1022,Vihaan Rao,Male,44.0,Chandigarh,2022-04-06
429,Kiara Singh,Female,29.0,Raipur,2019-08-11
2119,Kiara Chopra,Female,52.0,Delhi,2023-11-12
220,Aryan Reddy,Male,36.0,Raipur,2022-05-29
1298,Vivaan Patel,Male,49.0,indore,2022-05-10
1045,Arjun Kapoor,Male,44.0,Ahmedabad,2020-07-19
2805,Divya Singh,Female,27.0,Lucknow,2020-12-22
2290,Ira Kapoor,Female,52.0,Delhi,2020-03-01
2620,Dhruv Chopra,Male,57.0,Nagpur,2020-07-02
2425,Divya Mehta,Female,49.0,Indore,2019-07-30
2224,Riya Agarwal,Female,39.0,Raipur,2022-09-18
2271,Aadhya Iyer,Female,44.0,MUMBAI,2022-05-03
545,Riya Kumar,Female,63.0,Patna ,2019-02-03
3589,Rahul Singh,Male,44.0,Hyderabad,2023-10-14
3074,Rahul Singh,Male,23.0,Nagpur,2020-10-25
3945,Kavya Pillai,Female,62.0,Ranchi,2019-10-12
1012,Karan Agarwal,Male,19.0,Mumbai,2023-06-06
2328,Kabir Kumar,Male,38.0,Ahmedabad ,2024-05-21
3822,Anjali Gupta,Female,26.0,Nagpur,2022-06-25
4054,Isha Menon,Female,46.0, Coimbatore ,2019-08-07
3057,Anika Sharma,Female,18.0,Indore,2024-07-03
4188,Ira Pillai,Female,36.0,Kolkata,2021-10-18
1866,Saanvi Rao,Female,41.64736842105263,Lucknow,2022-06-28
1597,Anjali Rao,Female,35.0,Lucknow,2021-02-19
2528,Rohan Bose,Male,42.0,Jaipur,2020-10-19
567,Aarav Menon,Male,41.0,Ranchi ,2021-09-05
4476,Divya Chopra,Female,23.0,Lucknow,2020-09-15
3486,Nikhil Bose,Male,22.0,Indore,2024-07-23
3374,Saanvi Singh,Female,32.0,Coimbatore,2021-07-11
2464,Diya Mehta,Female,39.0,Mumbai,2023-07-27
2379,Suresh Kapoor,Male,56.0,Kochi,2021-03-12
3096,Aarav Verma,Male,40.0,Ranchi,2021-08-03
1631,Riya Malhotra,Female,42.0,hyderabad,2024-03-15
2865,Pooja Agarwal,Female,26.0,Ranchi,2020-05-07
3135,Ira Mehta,Female,38.0,Lucknow,2021-05-24
4178,Anjali Singh,Female,49.0,Raipur ,2020-02-13
3793,Riya Pillai,Female,64.0,Chennai,2024-09-24
561,Kiara Sharma,Female,62.0,Indore,2023-01-07
4711,Riya Agarwal,Female,39.0,Ranchi,2024-07-13
2765,Reyansh Chopra,Male,48.0,Patna,2022-08-07
3993,Aditya Das,Male,19.0,Ahmedabad,2023-07-31
1658,Sneha Menon,Female,21.0,Coimbatore,2020-03-30
2350,Priya Nair,Female,43.0,Chandigarh,2022-01-13
4596,Rohan Rao,Male,30.0,Pune,2022-05-13
3656,Reyansh Rao,Male,47.0,Kolkata,2021-11-05
4769,Reyansh Malhotra,Male,29.0,Bhopal,2021-11-30
1334,Reyansh Kapoor,Male,64.0,Lucknow,2024-06-28
3693,Ira Das,Female,32.0,Mumbai,2019-01-19
2274,Aditya Nair,Male,47.0,Raipur,2022-01-23
3414,Neha Singh,Female,35.0,Pune,2023-10-09
3452,Reyansh Kapoor,Male,52.0,Jaipur,2024-09-16
4310,Rahul Kumar,Male,62.0,Delhi,2022-01-09
1476,Vihaan Mehta,Male,42.0,Kolkata,2023-06-24
1900,Pooja Joshi,Female,46.0,Patna,2019-05-02
2257,Riya Agarwal,Female,41.0,Kochi,2023-05-10
4570,Myra Iyer,Female,64.0,Delhi,2020-12-21
4072,Ira Nair,Female,37.0,Jaipur,2024-05-18
1746,Diya Rao,Female,41.64736842105263,Kochi,2022-07-24
3097,Isha Das,Female,40.0,Indore ,2020-01-29
868,Manish Joshi,Male,38.0,Lucknow,2022-01-16
207,Saanvi Singh,Male,18.0,Chennai,2019-02-16
695,Sakshi Chopra,Female,37.0,SURAT,2021-03-22
1547,Vihaan Das,Male,28.0,Ranchi,2022-08-31
458,Rohan Patel,Male,51.0,Indore,2019-03-18
824,Amit Agarwal,Male,61.0,coimbatore,2022-04-12
4218,Manish Sharma,Male,22.0,Mumbai,2022-05-14
4246,Ananya Patel,Male,35.0,Kolkata,2023-02-20
1407,Sai Iyer,Male,31.0,Raipur,2023-06-08
609,Meera Sharma,Female,39.0,Pune,2021-05-17
779,Krishna Rao,Male,39.0,Indore,2022-08-21
1035,Rajesh Nair,Male,25.0,coimbatore,2021-07-06
2305,Riya Agarwal,Female,23.0,Bangalore,2021-10-02
2416,Sneha Nair,Female,20.0,Delhi,2022-05-25
2580,Meera Kapoor,Female,22.0,Chennai ,2020-12-20
4982,Ishaan Kumar,Male,38.0,Ranchi,2019-04-27
3582,Suresh Das,Male,59.0,Coimbatore,2023-08-27
4143,Kavya Reddy,Female,65.0,Coimbatore,2021-07-08
4670,Meera Mehta,Female,46.0,Ahmedabad,2021-05-23
3502,Meera Agarwal,Female,45.0,Kochi,2023-09-22
4592,Ishaan Agarwal,Male,42.0,bangalore,2021-10-21
793,Aryan Mehta,Male,31.0,Bhopal,2021-10-26
4104,Vivaan Singh,Male,64.0,Coimbatore,2024-05-21
4303,Arjun Pillai,Male,25.0,Lucknow,2023-11-26
2473,Manish Reddy,Male,41.64736842105263,Bhopal,2019-11-23
3286,Karan Gupta,Male,41.64736842105263,Nagpur,2019-12-09
4230,Sakshi Rao,Female,54.0,Delhi,2022-05-05
4586,Neha Gupta,Female,61.0,Ranchi,2019-08-17
1207,Ira Kumar,Female,38.0,Patna,2024-06-08
2888,Ananya Menon,Female,22.0,Bangalore,2022-05-13
1848,Rahul Menon,Male,47.0,Ranchi,2023-11-17
2688,Meera Kapoor,Female,28.0, Kolkata ,2019-11-04
2521,Kiara Kumar,Female,31.0,Indore,2022-12-17
1329,Karan Kumar,Male,38.0,Bhopal,2023-04-02
859,Aarav Sharma,Male,27.0,Jaipur,2022-05-14
3528,Krishna Iyer,Male,60.0,Mumbai ,2019-10-08
2156,Neha Joshi,Female,60.0,Ranchi,2020-06-29
3257,Suresh Sharma,Male,23.0,Patna,2020-10-29
58,Nikhil Rao,Male,47.0,raipur,2019-08-25
4432,Sneha Menon,Female,41.0,Bhopal,2024-07-24
2011,Kabir Malhotra,Male,58.0,Nagpur,2021-12-22
2736,Kiara Singh,Female,31.0, Kolkata ,2023-02-08
4368,Ananya Chopra,Female,62.0,LUCKNOW,2024-05-12
1076,Anjali Mehta,Female,54.0,Patna ,2022-10-15
502,Priya Menon,Female,38.0,chandigarh,2022-01-30
1585,Neha Sharma,Female,29.0,Jaipur,2019-11-12
1218,Karan Kapoor,Male,24.0,SURAT,2022-08-14
4019,Nikhil Gupta,Male,47.0,Coimbatore,2024-08-12
2910,Nikhil Pillai,Male,34.0,Surat,2023-03-06
1124,Sai Mehta,Male,22.0,Hyderabad,2019-04-25
685,Isha Verma,Female,24.0,Kochi,2022-07-03
3446,Arjun Bose,Male,41.64736842105263,Mumbai,2021-12-17
1916,Kiara Joshi,Female,26.0,Lucknow,2019-09-23
1587,Anika Bose,Female,25.0,Delhi,2019-03-13
1345,Shreya Bose,Female,18.0,Bhopal,2024-09-14
1099,Saanvi Sharma,Female,21.0,Chandigarh,2022-01-24
1923,Sneha Kapoor,Female,58.0,Patna,2023-10-22
2107,Pooja Singh,Female,40.0,Kolkata,2020-11-16
3973,Arjun Reddy,Male,46.0,Kochi,2024-06-01
3596,Rohan Mehta,Male,30.0,Chennai,2021-05-23
999,Riya Pillai,Female,56.0,Bhopal,2020-01-05
1123,Ishaan Rao,Male,22.0,Ahmedabad,2021-03-17
276,Kiara Reddy,Female,44.0,Coimbatore,2021-12-22
2229,Rahul Malhotra,Male,30.0,Jaipur,2020-08-09
448,Ira Kapoor,Female,58.0,Jaipur,2021-12-14
4703,Aarav Verma,Male,62.0,Kochi,2020-06-26
1555,Sai Rao,Male,32.0,Kolkata,2019-12-27
204,Manish Joshi,Male,41.64736842105263,Raipur,2019-09-28
1415,Aarav Verma,Male,26.0,Ahmedabad,2019-12-09
2288,Sai Kapoor,Male,58.0,Chennai,2022-10-31
4099,Vihaan Iyer,Male,62.0,Raipur,2024-02-19
4037,Ira Kapoor,Female,26.0,Mumbai,2024-06-23
2479,Saanvi Singh,Female,46.0,Surat,2020-05-12
1833,Anjali Sharma,Female,28.0,Mumbai,2021-06-09
3690,Priya Nair,Female,64.0,Indore,2020-06-08
3762,Ananya Mehta,Female,33.0,Nagpur,2023-08-15
1959,Krishna Singh,Male,32.0,Pune,2022-06-12
1148,Aryan Sharma,Male,22.0,Nagpur,2019-05-03
1425,Aryan Gupta,Male,20.0,Ranchi,2020-09-10
4585,Rahul Verma,Male,38.0,Lucknow,2020-07-03
4494,Aryan Reddy,Male,21.0,Jaipur,2022-01-27
2813,Sneha Mehta,Female,26.0,pune,2019-04-21
2699,Aditya Malhotra,Male,61.0,Nagpur,2019-03-02
4851,Ananya Das,Female,35.0,Kolkata,2020-04-27
4724,Krishna Malhotra,Male,60.0, Delhi ,2023-09-03
182,Arjun Mehta,Male,28.0,Jaipur,2020-01-18
2770,Ira Bose,Female,29.0,Bangalore,2024-02-16
3932,Rajesh Chopra,Male,45.0,Chandigarh,2021-09-17
2102,Sai Malhotra,Male,37.0,Mumbai,2023-03-16
1849,Meera Nair,Female,34.0,Nagpur,2022-10-15
3241,Aditya Bose,Male,46.0,Lucknow,2019-09-21
1961,Suresh Kumar,Male,38.0,Kolkata,2021-02-25
718,Sneha Rao,Female,52.0,Pune,2020-12-11
3267,Reyansh Singh,Male,26.0,Bangalore,2019-12-19
2913,Vivaan Mehta,Male,42.0,Indore,2022-01-27
1405,Ananya Agarwal,Female,60.0,Raipur,2020-03-11
4938,Aadhya Mehta,Female,56.0,Kolkata,2019-03-21
2118,Diya Agarwal,Female,41.64736842105263,Delhi,2022-05-25
837,Vihaan Verma,Male,38.0,Raipur,2020-06-02
1489,Meera Agarwal,Female,62.0,Kolkata,2023-11-25
3911,Sneha Malhotra,Female,28.0,Kolkata,2023-02-28
485,Aarav Patel,Male,41.64736842105263,Jaipur,2023-06-25
4569,Suresh Rao,Male,62.0,Lucknow,2023-01-24
4517,Rajesh Malhotra,Male,40.0,Surat,2023-05-15
2186,Kavya Joshi,Female,26.0,Nagpur ,2021-12-07
2347,Kiara Chopra,Female,63.0,Coimbatore,2022-08-08
4052,Krishna Malhotra,Male,52.0,Patna,2020-04-11
4944,Rohan Mehta,Male,30.0, Lucknow ,2021-03-20
553,Vivaan Agarwal,Male,51.0,Hyderabad,2021-11-03
3814,Kabir Nair,Male,42.0,Surat,2020-06-28
4975,Isha Reddy,Female,33.0,Kochi,2020-02-08
2861,Reyansh Sharma,Male,58.0,Jaipur,2020-01-25
4463,Pooja Chopra,Female,40.0,Surat,2021-06-19
2542,Vihaan Pillai,Male,26.0,Ahmedabad,2023-08-10
3139,Aryan Agarwal,Male,46.0,Bangalore,2022-02-24
1438,Myra Singh,Female,21.0,Nagpur,2023-01-18
3587,Aarav Bose,Male,28.0,Coimbatore,2023-12-23
1614,Kavya Rao,Female,47.0,mumbai,2019-04-19
4420,Aarav Menon,Male,29.0,Jaipur,2022-01-09
1852,Reyansh Kapoor,Male,28.0,LUCKNOW,2021-03-23
4515,Aadhya Singh,Female,55.0,Bangalore,2021-12-20
4778,Priya Malhotra,Female,38.0,Raipur,2019-05-31
2292,Meera Singh,Female,38.0,Nagpur,2023-06-06
4953,Arjun Chopra,Male,34.0, Ranchi ,2020-09-21
355,Reyansh Verma,Male,36.0,Nagpur,2022-07-04
22,Rahul Joshi,Male,44.0,Chennai,2023-08-19
449,Dhruv Malhotra,Male,41.0,Raipur,2019-11-15
454,Karan Joshi,Male,64.0,Hyderabad,2024-05-26
4039,Vivaan Das,Male,55.0,Chennai,2021-06-17
4070,Ananya Joshi,Female,18.0,Kolkata,2020-11-09
13,Krishna Menon,Male,50.0,Indore,2024-08-10
4720,Kavya Malhotra,Female,62.0,Jaipur,2021-04-16
3832,Sai Reddy,Male,56.0,Kochi,2021-02-15
3810,Karan Menon,Male,19.0,Raipur,2020-01-04
4760,Meera Singh,Female,40.0,Surat,2021-12-05
1520,Suresh Singh,Male,25.0,Patna ,2020-05-17
373,Rajesh Menon,Male,58.0,Lucknow,2024-09-13
1939,Sakshi Singh,Female,59.0,Pune,2022-12-31
2032,Vihaan Agarwal,Male,63.0,Lucknow,2020-06-01
3290,Anjali Malhotra,Female,32.0,Bhopal,2021-09-27
2816,Anika Agarwal,Female,49.0,Jaipur,2019-09-05
3684,Vivaan Singh,Male,27.0,Ahmedabad,2024-07-26
646,Divya Menon,Female,28.0,Indore,2023-04-08
193,Kavya Joshi,Female,26.0,Ahmedabad,2022-02-08
63,Isha Malhotra,Female,42.0,Bangalore,2020-06-28
3301,Pooja Kumar,Female,61.0,Mumbai,2019-06-24
105,Krishna Pillai,Male,48.0,Jaipur,2019-07-10
1604,Vivaan Iyer,Male,26.0,Nagpur,2022-03-06
3276,Dhruv Patel,Male,42.0,Surat,2021-12-03
2506,Rohan Patel,Male,55.0,Coimbatore,2021-10-11
127,Neha Das,Female,39.0,Bhopal,2020-07-11
245,Meera Rao,Female,53.0,Chandigarh,2019-09-07
1305,Anjali Singh,Female,61.0,Chennai,2023-03-23
1543,Dhruv Mehta,Male,56.0,Pune,2021-06-09
517,Priya Agarwal,Female,53.0,Jaipur,2022-11-10
148,Saanvi Patel,Female,58.0,Bhopal,2023-06-09
1420,Vivaan Singh,Male,52.0,Lucknow,2020-02-25
518,Karan Singh,Male,40.0,Ranchi,2021-03-25
1157,Neha Menon,Female,45.0,Ahmedabad,2019-07-09
3000,Aditya Malhotra,Male,32.0,Surat,2023-08-07
1448,Aarav Malhotra,Male,45.0,Patna,2021-11-22
3925,Ira Pillai,Female,65.0,Bangalore,2023-06-18
2795,Aadhya Reddy,Female,61.0,Raipur,2024-08-09
1301,Kiara Agarwal,Female,43.0,Hyderabad,2020-06-20
1621,Krishna Kapoor,Male,27.0,coimbatore,2024-07-21
3007,Vihaan Pillai,Male,41.0, Mumbai ,2020-12-30
3687,Rajesh Iyer,Male,59.0, Bangalore ,2021-04-12
835,Aryan Mehta,Male,47.0,Kolkata,2020-10-20
1243,Isha Rao,Female,50.0,Ranchi,2023-11-11
3823,Saanvi Kumar,Female,65.0,Delhi,2021-11-16
1040,Saanvi Mehta,Female,63.0,Patna,2024-09-03
557,Suresh Bose,Male,62.0,Ranchi,2020-09-26
4360,Ira Menon,Female,63.0,Bhopal,2020-05-07
3080,Shreya Agarwal,Female,23.0,raipur,2022-07-05
223,Ananya Joshi,Female,18.0,Indore,2022-06-13
166,Shreya Reddy,Female,45.0,Hyderabad,2021-10-10
2089,Myra Malhotra,Female,31.0,Patna,2022-06-23
395,Ira Menon,Female,61.0,Coimbatore,2021-07-07
1382,Meera Iyer,Female,56.0,Hyderabad,2023-10-31
780,Suresh Agarwal,Male,26.0,Surat,2021-05-23
1273,Anika Chopra,Female,60.0,Indore,2023-03-31
583,Sakshi Nair,Female,54.0,coimbatore,2021-05-26
719,Myra Reddy,Female,53.0,Indore,2023-01-15
3184,Saanvi Verma,Female,48.0,Mumbai,2020-07-15
1797,Sai Kumar,Male,28.0,Kochi,2024-04-24
4862,Suresh Joshi,Male,41.0,Kochi,2024-05-29
4452,Neha Sharma,Female,60.0,Kolkata,2020-01-21
3787,Shreya Das,Female,30.0,Mumbai,2023-02-15
3868,Ira Agarwal,Female,35.0,Mumbai,2021-10-15
2780,Rahul Menon,Male,55.0,Patna,2019-01-12
1685,Krishna Malhotra,Male,29.0,Bhopal,2019-08-03
628,Vihaan Kumar,Male,29.0,Mumbai,2021-12-29
1300,Priya Malhotra,Female,43.0,Bangalore,2022-03-05
3838,Myra Agarwal,Female,48.0,Chennai,2019-05-16
3857,Meera Rao,Female,19.0,Patna,2023-08-31
759,Ira Kumar,Female,52.0,Bhopal,2021-06-13
38,Suresh Nair,Male,52.0,Delhi,2020-12-18
277,Pooja Nair,Female,24.0,Delhi,2023-05-29
3769,Neha Reddy,Female,50.0,Surat,2019-07-11
1958,Karan Mehta,Male,24.0,Patna,2022-11-03
1737,Riya Menon,Female,24.0,Ahmedabad,2022-02-15
1454,Ira Singh,Female,22.0,Nagpur,2022-10-06
2654,Kabir Sharma,Male,40.0,Bhopal,2020-04-27
162,Aditya Pillai,Male,19.0,Ahmedabad,2022-04-11
1942,Rohan Agarwal,Male,52.0, nan ,2019-11-22
323,Saanvi Agarwal,Female,29.0,Lucknow,2020-02-04
12,Vihaan Malhotra,Male,41.0,Surat,2023-02-06
1917,Krishna Pillai,Male,47.0,Patna,2021-09-30
3992,Ananya Kapoor,Female,32.0,Surat,2024-04-08
2235,Ananya Mehta,Female,34.0,Pune,2020-08-13
2090,Neha Nair,Female,54.0, Kochi ,2023-07-26
1114,Krishna Malhotra,Male,25.0,Jaipur,2024-08-11
4367,Suresh Gupta,Male,34.0,Ahmedabad,2019-02-24
4200,Aadhya Das,Female,27.0,Indore,2023-07-14
4064,Aadhya Malhotra,Female,65.0,Nagpur,2019-10-10
2870,Kabir Menon,Male,43.0,Bangalore,2019-12-11
2482,Manish Iyer,Male,64.0,Mumbai,2019-12-20
1237,Vivaan Kumar,Male,31.0,Chennai,2020-01-11
20,Saanvi Kapoor,Female,58.0, Ranchi ,2023-04-07
4795,Arjun Kapoor,Male,41.64736842105263,Hyderabad ,2021-03-03
3578,Vivaan Reddy,Male,28.0,Delhi,2021-04-05
2158,Isha Agarwal,Female,44.0,Nagpur,2022-06-11
2362,Reyansh Malhotra,Male,31.0,Coimbatore,2019-03-13
4715,Nikhil Malhotra,Male,19.0,Indore,2019-06-29
3330,Manish Kapoor,Male,24.0,Jaipur,2021-10-10
2474,Anika Bose,Female,19.0,Hyderabad,2020-06-15
2897,Aadhya Kapoor,Female,26.0,Jaipur,2019-06-21
4639,Karan Kumar,Male,42.0,Ahmedabad,2023-05-27
3862,Sneha Reddy,Female,34.0,Delhi ,2019-10-28
4742,Anjali Joshi,Female,54.0,Chandigarh,2022-10-03
2040,Isha Joshi,Female,26.0,Lucknow,2019-01-02
2561,Ira Rao,Female,32.0,Kolkata,2021-12-26
4448,Isha Nair,Female,65.0,Chandigarh,2020-08-04
3376,Priya Reddy,Female,24.0,Kolkata,2019-08-19
3091,Arjun Sharma,Male,26.0,Delhi,2021-05-01
2076,Ananya Bose,Female,32.0,Ahmedabad,2021-10-01
2514,Ananya Singh,Female,43.0,Raipur,2021-02-22
1963,Sakshi Rao,Female,64.0,JAIPUR,2021-07-25
1616,Myra Menon,Female,52.0,raipur,2022-04-16
2889,Krishna Singh,Male,55.0,Ahmedabad,2023-01-05
1535,Neha Menon,Female,24.0,Ranchi,2023-04-18
4184,Neha Kumar,Female,49.0,Bangalore,2021-05-22
4905,Sai Nair,Male,46.0,Bhopal,2022-05-24
4667,Anika Menon,Female,52.0,Bhopal,2020-12-16
325,Aadhya Nair,Female,41.64736842105263,Ahmedabad,2022-06-11
995,Aadhya Sharma,Female,31.0,Kolkata,2023-05-11
87,Aryan Joshi,Male,44.0,Delhi,2021-06-25
3501,Shreya Malhotra,Female,62.0,Lucknow,2023-08-22
3160,Diya Bose,Female,43.0,Bangalore,2019-07-20
91,Meera Das,Female,41.64736842105263,Nagpur,2020-11-24
1740,Amit Sharma,Male,41.64736842105263,Pune,2022-02-28
2069,Neha Das,Female,41.0,Kolkata,2020-11-21
95,Priya Verma,Female,57.0,Ranchi,2024-06-02
3870,Sneha Patel,Female,65.0,Delhi,2021-09-04
4733,Karan Bose,Male,31.0,Delhi,2022-09-19
158,Manish Patel,Male,49.0,LUCKNOW,2020-07-28
3476,Dhruv Reddy,Male,21.0,Chandigarh,2019-02-19
840,Ira Sharma,Female,43.0,Chandigarh,2020-08-18
900,Rohan Bose,Male,49.0,Ahmedabad,2020-07-05
4067,Meera Iyer,Female,42.0,Kolkata,2020-05-16
795,Reyansh Sharma,Male,49.0,Kochi,2020-04-20
3469,Ira Kumar,Female,27.0,Jaipur,2024-03-22
3837,Kabir Singh,Male,19.0,Pune,2024-07-23
2242,Neha Malhotra,Female,29.0,surat,2019-05-22
302,Krishna Das,Male,31.0,Ranchi,2024-06-07
1423,Ira Bose,Female,28.0,Hyderabad,2021-07-08
2934,Rahul Agarwal,Male,40.0,Kolkata,2023-02-18
1371,Anika Menon,Female,27.0,Kochi,2021-02-04
3181,Aditya Pillai,Male,61.0,Surat,2022-09-13
4241,Arjun Iyer,Male,29.0,Pune,2022-05-19
4995,Anika Joshi,Female,26.0, Mumbai ,2019-01-04
231,Reyansh Das,Male,47.0,Surat,2023-07-24
2748,Nikhil Kumar,Male,37.0, Ranchi ,2020-05-01
4341,Kavya Joshi,Female,46.0,Chennai,2023-02-22
2077,Rahul Reddy,Male,27.0,Mumbai,2022-04-30
2568,Manish Nair,Male,26.0,ahmedabad,2019-07-27
3836,Vivaan Mehta,Male,64.0,raipur,2019-10-17
4615,Ananya Singh,Female,42.0,Chandigarh,2022-04-13
4074,Isha Mehta,Female,19.0, Chennai ,2020-05-28
3941,Reyansh Kapoor,Male,35.0,Lucknow,2020-07-20
3441,Kavya Sharma,Female,39.0,Ahmedabad,2022-04-23
4002,Neha Verma,Female,47.0,Pune,2022-12-20
2106,Rahul Sharma,Male,57.0,Delhi,2020-05-07
4482,Riya Reddy,Female,23.0,Kochi,2021-04-11
2611,Suresh Gupta,Male,58.0,Pune,2024-07-10
2947,Anika Mehta,Female,18.0,Delhi ,2020-03-01
4583,Sai Rao,Male,35.0,Mumbai,2022-03-13
2951,Manish Chopra,Male,62.0,Bangalore,2024-04-30
1688,Diya Singh,Female,53.0,Ranchi,2022-03-23
3485,Aditya Singh,Male,31.0,Coimbatore,2023-04-09
3448,Rohan Iyer,Male,61.0,Jaipur,2024-01-31
1972,Dhruv Bose,Male,33.0,Jaipur,2023-03-17
3799,Pooja Kapoor,Female,38.0,Ranchi,2019-03-20
2214,Aarav Bose,Male,41.64736842105263,Kolkata,2022-05-28
4740,Kavya Bose,Female,50.0,Mumbai,2023-06-24
251,Reyansh Singh,Male,33.0,Ahmedabad,2021-12-27
2244,Arjun Bose,Male,22.0,Bangalore ,2020-07-27
1079,Sneha Nair,Female,43.0,Surat,2019-07-07
330,Anjali Das,Female,27.0,Surat,2021-01-08
4153,Shreya Sharma,Female,41.64736842105263,Chennai,2023-05-03
1788,Kiara Agarwal,Female,49.0,Coimbatore,2024-08-09
4991,Meera Joshi,Female,41.64736842105263,Chandigarh,2020-05-11
394,Kabir Reddy,Male,52.0,Delhi,2023-01-09
611,Aarav Malhotra,Male,55.0,Kochi,2019-06-28
2731,Sakshi Singh,Female,61.0,Kochi ,2019-11-02
3754,Meera Rao,Female,65.0,Hyderabad,2022-04-17
3061,Kabir Singh,Male,47.0,Coimbatore ,2021-11-09
552,Amit Malhotra,Male,61.0,Lucknow,2022-08-16
4886,Sneha Pillai,Female,64.0,Ranchi,2021-01-15
1336,Sakshi Singh,Female,21.0,Kolkata,2022-07-26
3626,Saanvi Malhotra,Female,41.64736842105263,Kolkata,2020-12-08
2724,Manish Joshi,Male,64.0,Chandigarh,2020-12-29
3594,Aarav Patel,Male,36.0,Coimbatore,2019-03-03
4244,Sai Agarwal,Male,39.0,surat,2024-02-22
206,Ira Das,Female,57.0,Ranchi,2019-08-14
1017,Amit Kumar,Male,59.0,Ahmedabad,2023-11-20
4970,Ishaan Singh,Male,43.0,Ranchi,2024-07-11
3673,Riya Agarwal,Female,54.0,Delhi ,2021-07-11
704,Rajesh Nair,Male,53.0,Kolkata,2024-05-29
3954,Vivaan Bose,Male,63.0,Lucknow,2019-08-08
3920,Aryan Kapoor,Male,46.0,Ranchi,2019-09-11
848,Kiara Bose,Female,38.0,RANCHI,2024-09-26
3336,Rajesh Chopra,Male,54.0,hyderabad,2020-07-20
4042,Sakshi Das,Female,20.0,Ahmedabad,2022-07-19
1031,Reyansh Reddy,Male,28.0,Ranchi,2024-07-08
1529,Krishna Sharma,Male,38.0,Chennai,2021-06-19
2386,Kavya Patel,Female,33.0,Mumbai,2021-03-11
3444,Kiara Joshi,Female,52.0,Lucknow,2023-08-05
643,Isha Sharma,Female,29.0,Patna,2021-04-07
2756,Anika Rao,Female,46.0,Patna,2022-04-13
2859,Myra Sharma,Female,31.0,Patna,2019-07-28
2054,Kavya Iyer,Female,40.0,Bangalore,2019-02-22
2390,Nikhil Kapoor,Male,21.0,indore,2020-07-06
1683,Aadhya Verma,Female,41.64736842105263,Ranchi,2023-04-22
2507,Sai Patel,Male,29.0,raipur,2020-03-01
1234,Ishaan Joshi,Male,39.0,Ahmedabad,2021-04-23
1396,Kiara Patel,Female,18.0,Kolkata,2021-06-11
3964,Ananya Mehta,Female,56.0,PUNE,2020-08-08
4180,Ira Gupta,Female,41.64736842105263,Hyderabad,2021-04-12
2061,Aarav Joshi,Male,24.0,Lucknow,2023-08-16
2822,Sneha Bose,Female,54.0,Patna,2023-02-18
660,Meera Kumar,Female,25.0,Jaipur,2022-09-10
1974,Isha Mehta,Female,25.0,Chandigarh,2020-07-04
4810,Diya Bose,Female,21.0,Patna,2020-06-08
882,Aryan Sharma,Male,23.0,chennai,2022-02-10
3350,Myra Das,Female,20.0,Indore,2023-06-28
45,Kavya Kapoor,Female,38.0,Bangalore,2023-06-30
4959,Nikhil Iyer,Male,26.0,Ranchi ,2021-07-01
197,Sneha Singh,Female,33.0,Chandigarh,2019-10-18
3691,Riya Bose,Female,38.0,Chennai,2024-09-14
1765,Aarav Malhotra,Male,23.0,Surat,2022-12-15
103,Diya Sharma,Female,62.0,NAN,2019-12-05
2065,Priya Patel,Female,49.0,Bangalore,2022-09-29
4979,Riya Sharma,Female,58.0,Raipur,2023-03-14
219,Pooja Mehta,Female,38.0, Bangalore ,2024-02-14
3811,Ishaan Das,Male,41.0,ahmedabad,2019-02-06
1514,Shreya Patel,Female,38.0,Pune,2020-01-17
772,Ananya Verma,Female,39.0,Delhi,2022-10-15
3067,Sneha Das,Female,32.0,Chennai,2019-01-27
907,Isha Das,Female,20.0,Delhi,2020-12-25
1925,Aryan Rao,Male,60.0,Surat,2020-08-04
1421,Myra Sharma,Female,32.0,Mumbai,2021-07-17
137,Aryan Patel,Male,59.0,ranchi,2019-07-01
4137,Meera Chopra,Female,32.0,Ahmedabad,2023-07-15
2037,Saanvi Singh,Female,61.0,Kolkata,2021-07-15
1686,Diya Agarwal,Female,40.0,MUMBAI,2022-10-09
134,Myra Rao,Female,42.0,Bangalore,2024-01-14
1562,Rohan Mehta,Male,63.0,Ranchi,2022-12-16
1496,Aryan Reddy,Male,30.0,Raipur,2019-02-28
2203,Amit Chopra,Male,64.0,Delhi,2023-10-28
2922,Vihaan Patel,Male,27.0,Lucknow,2021-01-11
1217,Aditya Nair,Male,24.0,Ranchi,2020-11-15
463,Myra Singh,Female,19.0,Pune,2024-08-27
1536,Kiara Pillai,Female,40.0,Nagpur,2019-09-21
2515,Myra Pillai,Female,29.0,Raipur,2020-05-06
1546,Amit Bose,Male,20.0,Jaipur,2023-09-22
4083,Meera Chopra,Female,57.0,Mumbai,2020-01-20
2949,Karan Chopra,Male,29.0,Jaipur,2021-11-06
4204,Saanvi Iyer,Female,20.0,Kochi,2023-12-29
2407,Divya Agarwal,Female,48.0,Delhi,2024-05-17
83,Vihaan Bose,Male,33.0,Ranchi,2021-04-17
1386,Rohan Reddy,Male,55.0,Indore ,2019-12-24
2982,Shreya Agarwal,Female,51.0,Raipur ,2020-04-29
1626,Diya Singh,Female,37.0,Indore,2024-06-04
1853,Arjun Joshi,Male,21.0,bangalore,2022-06-20
3834,Aditya Mehta,Male,37.0,Delhi ,2024-03-25
1414,Rajesh Singh,Male,42.0,indore,2019-03-26
4904,Saanvi Chopra,Female,40.0,Lucknow,2020-08-09
191,Karan Menon,Male,61.0,Patna,2021-06-08
4838,Sneha Kumar,Female,65.0,Ranchi,2023-03-09
1716,Aryan Agarwal,Male,50.0,Bangalore,2023-01-23
4110,Pooja Kumar,Female,39.0,patna,2019-08-05
1082,Amit Kapoor,Male,19.0,Hyderabad,2021-01-06
3432,Aryan Kapoor,Male,64.0,Ranchi,2023-07-01
805,Suresh Agarwal,Male,32.0,Bangalore,2023-08-14
1502,Aditya Singh,Male,23.0,Mumbai,2023-08-12
4248,Sakshi Mehta,Female,41.64736842105263,Kolkata,2021-06-29
588,Vivaan Das,Male,40.0,Chennai,2020-07-20
101,Anjali Nair,Female,62.0,Ahmedabad,2022-05-13
4571,Rahul Bose,Male,58.0,Pune,2022-09-08
3926,Pooja Malhotra,Female,55.0,Pune,2023-10-26
367,Aarav Patel,Male,50.0,CHANDIGARH,2024-07-23
594,Dhruv Verma,Male,37.0,Kochi,2019-06-18
487,Aditya Agarwal,Male,36.0,Ranchi,2022-11-26
3049,Sai Menon,Male,57.0,Kolkata,2023-01-11
2992,Vihaan Agarwal,Male,61.0,Coimbatore,2020-08-15
2452,Amit Verma,Male,41.0,Kolkata,2023-05-20
1988,Divya Rao,Female,19.0,Indore,2022-04-18
934,Sakshi Nair,Female,43.0,Ahmedabad,2020-04-10
2962,Reyansh Kumar,Male,25.0,Delhi,2020-04-24
4035,Ira Patel,Female,25.0,Ranchi,2019-04-25
758,Amit Reddy,Male,57.0,Indore,2020-12-31
1236,Rahul Sharma,Male,22.0,Chandigarh,2019-10-14
600,Arjun Bose,Male,53.0,Pune,2024-06-21
4031,Divya Menon,Female,63.0,Indore,2020-11-17
1404,Aryan Nair,Male,64.0,Jaipur,2020-12-24
3830,Ananya Mehta,Female,25.0, Ahmedabad ,2021-11-09
359,Isha Iyer,Female,42.0,chandigarh,2023-09-24
2912,Myra Mehta,Female,41.64736842105263,Raipur,2021-10-21
4444,Ananya Mehta,Female,41.64736842105263,Delhi,2023-01-19
4634,Divya Menon,Female,42.0,Ahmedabad,2021-08-10
4978,Pooja Singh,Female,29.0,Chennai,2022-04-15
4357,Aadhya Kumar,Female,22.0,Delhi,2020-08-02
1331,Manish Rao,Male,22.0,Surat,2019-12-31
1458,Diya Verma,Female,38.0,Bangalore,2022-06-18
4330,Priya Kapoor,Female,21.0,Pune,2019-06-22
558,Aadhya Nair,Female,28.0,Chandigarh,2020-01-10
2825,Meera Singh,Female,26.0,Jaipur ,2024-03-06
2363,Aditya Pillai,Male,65.0,RANCHI,2022-01-09
1161,Nikhil Malhotra,Male,59.0,Kochi,2023-03-13
2769,Vihaan Malhotra,Male,21.0,Coimbatore,2021-01-14
192,Vihaan Kumar,Male,25.0,Raipur,2023-04-22
851,Isha Agarwal,Female,23.0,Pune,2023-12-25
4191,Sakshi Rao,Female,60.0,Kolkata,2023-05-11
4770,Rajesh Chopra,Male,43.0,Chandigarh,2024-09-28
1978,Sai Chopra,Male,46.0,Pune,2021-01-24
1534,Krishna Bose,Male,45.0,Patna,2023-10-02
4520,Myra Rao,Female,33.0,Raipur,2022-12-22
3584,Ira Pillai,Female,59.0,Lucknow,2024-03-26
198,Aryan Joshi,Male,26.0,Indore,2023-09-20
1052,Isha Reddy,Female,52.0,Ranchi,2023-12-17
2636,Rajesh Reddy,Male,51.0,JAIPUR,2022-04-04
3740,Ira Kapoor,Female,53.0,Patna,2019-03-22
257,Ananya Joshi,Female,57.0,Pune,2020-06-18
3182,Riya Sharma,Female,54.0,Bangalore,2023-03-20
4555,Karan Singh,Male,33.0,Bangalore,2024-04-09
2446,Anika Mehta,Female,60.0,Surat,2021-05-12
4172,Vivaan Mehta,Male,59.0,Kolkata,2019-06-08
4899,Isha Agarwal,Female,43.0,Ranchi,2020-07-29
120,Sneha Sharma,Female,36.0,Bhopal,2023-05-08
2601,Reyansh Malhotra,Male,32.0,Nagpur,2022-10-24
247,Manish Sharma,Male,42.0,Nagpur,2024-05-18
809,Vivaan Bose,Male,64.0,Kochi,2019-05-18
4487,Neha Gupta,Female,46.0,Pune,2020-10-24
2339,Riya Malhotra,Female,35.0,Patna,2022-10-30
4381,Riya Pillai,Female,28.0,Chandigarh,2020-06-10
4193,Sai Patel,Male,59.0,Chandigarh,2022-07-01
14,Vivaan Verma,Male,26.0,Surat,2024-04-24
472,Kiara Joshi,Female,44.0,NAGPUR,2020-03-12
3226,Riya Pillai,Female,45.0,Lucknow ,2023-04-12
4050,Vihaan Gupta,Male,41.64736842105263,Bangalore,2022-06-17
760,Rahul Iyer,Male,24.0,Delhi,2019-10-26
4906,Aryan Joshi,Male,41.64736842105263,chandigarh,2023-10-04
3697,Rohan Reddy,Male,64.0,CHENNAI,2020-02-16
344,Vihaan Sharma,Male,21.0,hyderabad,2023-09-04
647,Reyansh Joshi,Male,54.0,Chennai,2020-10-26
959,Suresh Joshi,Male,36.0,Pune,2019-12-12
3447,Amit Rao,Male,31.0,Bhopal,2020-07-04
3531,Anjali Iyer,Female,43.0,Bhopal,2023-12-14
1417,Aadhya Reddy,Female,26.0,Chandigarh,2023-12-25
932,Arjun Mehta,Male,45.0,Bhopal,2022-07-29
4165,Dhruv Nair,Male,54.0,Ranchi,2022-01-19
1752,Vivaan Rao,Male,62.0,Jaipur,2023-04-07
4181,Vihaan Pillai,Male,61.0,Lucknow,2019-03-08
892,Isha Nair,Female,53.0,Bhopal,2022-04-05
274,Sakshi Menon,Female,48.0,mumbai,2023-11-02
46,Reyansh Kumar,Male,41.64736842105263,Surat ,2021-10-13
2754,Kabir Mehta,Male,36.0,Kochi,2023-04-19
4736,Aryan Agarwal,Male,60.0,Kolkata,2020-10-12
2877,Pooja Agarwal,Female,53.0,Ahmedabad,2022-09-27
3795,Amit Verma,Male,56.0,Chennai,2023-08-16
3625,Pooja Gupta,Female,37.0,Kochi,2022-08-21
1962,Saanvi Patel,Female,57.0,KOLKATA,2022-08-26
100,Riya Malhotra,Female,23.0,Nagpur,2023-07-22
757,Diya Iyer,Female,34.0,Kolkata,2023-12-10
3284,Anika Iyer,Female,29.0,Patna,2024-08-01
1343,Neha Gupta,Female,58.0,Bangalore,2019-11-11
336,Divya Reddy,Female,19.0,Mumbai,2021-10-16
1075,Manish Chopra,Male,22.0, Delhi ,2023-09-07
4320,Manish Chopra,Male,44.0,Jaipur,2019-08-01
3372,Meera Malhotra,Female,37.0,Coimbatore,2022-03-27
41,Pooja Das,Female,59.0,Coimbatore,2024-07-16
2344,Neha Nair,Female,54.0,Pune,2022-11-28
1103,Kavya Reddy,Female,57.0,Kochi,2022-07-27
3219,Ishaan Verma,Male,55.0,Surat,2024-08-12
2331,Arjun Kapoor,Male,41.64736842105263,Bangalore,2024-05-10
1561,Riya Joshi,Female,64.0,Chandigarh,2021-07-14
2419,Aarav Gupta,Male,28.0,Delhi,2021-12-23
2337,Aadhya Rao,Female,56.0,Mumbai,2023-09-06
3148,Vivaan Sharma,Male,27.0,Chandigarh,2020-12-30
1310,Aadhya Das,Female,59.0,Indore ,2022-02-01
4003,Meera Mehta,Female,50.0,Mumbai,2022-08-11
4729,Divya Pillai,Female,38.0,Ahmedabad,2020-11-21
3852,Ishaan Rao,Male,23.0,Raipur,2021-01-04
1127,Divya Nair,Female,22.0,Ranchi,2023-12-02
2997,Pooja Chopra,Female,49.0,Delhi,2022-07-30
1399,Ishaan Verma,Male,52.0,ahmedabad,2022-04-10
307,Ira Sharma,Female,33.0, Nagpur ,2024-06-25
2370,Neha Sharma,Female,49.0,Kochi,2023-05-08
3163,Aarav Bose,Male,25.0,Chennai,2023-06-12
4588,Sai Malhotra,Male,38.0,RANCHI,2021-12-30
3595,Priya Das,Female,50.0,Ranchi,2019-03-02
2079,Karan Patel,Male,51.0,Raipur,2023-06-25
1735,Ira Chopra,Female,36.0,Kolkata,2020-04-30
1057,Kabir Rao,Male,50.0,Hyderabad,2019-09-03
3510,Riya Das,Female,20.0,Kochi,2020-10-08
4936,Divya Patel,Female,55.0,HYDERABAD,2022-11-08
2647,Ananya Kapoor,Female,37.0,Nan ,2021-03-07
988,Karan Gupta,Male,33.0,CHANDIGARH,2020-01-22
554,Pooja Reddy,Female,41.0,Delhi,2021-06-11
1964,Meera Mehta,Female,41.0,Chennai,2022-06-08
2080,Riya Chopra,Female,34.0,Bhopal,2023-02-25
4934,Ishaan Nair,Male,63.0,Chennai,2024-01-18
3605,Kabir Agarwal,Male,36.0,Kochi,2019-09-28
18,Ira Rao,Female,55.0,Lucknow,2019-04-20
2952,Rahul Agarwal,Male,24.0,Mumbai,2022-08-05
1794,Karan Mehta,Male,64.0,Jaipur,2022-08-13
189,Dhruv Kumar,Male,59.0,Chennai,2019-10-08
3272,Saanvi Menon,Female,41.64736842105263,Hyderabad,2024-07-16
928,Kiara Rao,Female,43.0,Jaipur,2024-01-31
3812,Manish Iyer,Male,54.0,Patna,2023-07-18
1572,Manish Gupta,Male,40.0,Bhopal,2021-05-18
2193,Aditya Patel,Male,23.0,Bangalore,2019-01-16
314,Priya Das,Male,34.0,Pune,2024-03-26
495,Kavya Chopra,Female,51.0,Coimbatore,2019-02-09
3537,Anika Chopra,Male,58.0,Pune,2023-08-13
686,Suresh Mehta,Male,58.0,Pune,2022-08-07
3412,Arjun Mehta,Male,51.0,Coimbatore,2021-02-07
2499,Vihaan Iyer,Male,39.0,Surat,2020-05-21
4097,Priya Iyer,Female,42.0,Ranchi,2023-03-12
790,Rajesh Chopra,Male,52.0,Kochi,2021-06-17
2978,Nikhil Menon,Male,18.0,nagpur,2021-03-08
4843,Ishaan Patel,Male,42.0,Lucknow,2022-09-07
4405,Anika Rao,Female,52.0,Kochi,2023-01-04
4261,Sakshi Nair,Female,49.0,Ranchi,2024-06-18
2341,Sneha Pillai,Female,62.0,Coimbatore,2020-07-16
4908,Suresh Kumar,Male,28.0,Hyderabad,2021-10-17
762,Aarav Verma,Male,60.0,Indore,2021-12-27
2708,Diya Das,Female,23.0,Nagpur,2021-01-03
3898,Rajesh Agarwal,Male,55.0,Hyderabad,2019-02-14
1071,Diya Kapoor,Female,27.0,Hyderabad,2023-03-02
1005,Anjali Verma,Female,53.0,Bangalore,2019-07-04
421,Suresh Verma,Male,62.0,Bangalore,2023-01-05
1661,Diya Nair,Female,49.0,Bangalore,2019-05-25
4082,Krishna Das,Male,45.0, Coimbatore ,2021-06-23
1320,Nikhil Mehta,Male,41.0,Coimbatore,2020-12-03
590,Aadhya Pillai,Female,43.0,Raipur,2021-06-09
580,Reyansh Patel,Male,53.0,Indore,2024-08-29
1186,Amit Singh,Male,39.0,Raipur,2024-01-24
2338,Manish Gupta,Male,63.0,Chennai,2019-06-13
1051,Priya Sharma,Female,35.0,Kochi,2020-08-24
1378,Kavya Bose,Female,41.64736842105263,Kochi,2023-10-16
4325,Nikhil Kapoor,Male,54.0,delhi,2022-03-16
317,Ira Bose,Female,22.0,Surat,2022-02-06
2994,Karan Iyer,Male,29.0,Kolkata,2020-07-31
332,Aarav Das,Male,35.0,Pune,2020-11-21
1574,Rahul Iyer,Male,41.0,Hyderabad,2019-07-21
3897,Nikhil Gupta,Male,59.0,Bhopal,2021-12-25
2409,Aarav Singh,Male,27.0,Coimbatore ,2022-01-09
1388,Rahul Singh,Male,22.0,Coimbatore,2022-11-05
2373,Sneha Iyer,Female,33.0,Lucknow ,2021-08-03
3665,Kavya Das,Female,43.0,Surat,2020-12-04
1065,Rahul Gupta,Male,41.0,Kochi,2023-07-08
3206,Anjali Rao,Female,57.0,Kolkata ,2024-03-17
4809,Karan Bose,Male,33.0,Nagpur,2022-12-29
4519,Ishaan Das,Male,46.0,Hyderabad,2024-08-14
331,Amit Joshi,Male,58.0,Kolkata,2022-07-07
3221,Ira Nair,Female,28.0,Hyderabad,2019-02-02
2237,Isha Kumar,Female,46.0,Indore,2020-10-04
33,Vihaan Menon,Male,65.0,Raipur,2021-09-07
1046,Kavya Rao,Female,47.0,Ranchi,2023-01-21
4069,Riya Menon,Female,25.0,Bhopal,2019-09-18
1519,Riya Verma,Female,35.0,Bangalore,2020-08-11
3889,Anika Pillai,Female,35.0,Bhopal,2024-06-13
1886,Pooja Rao,Female,43.0,Mumbai,2021-01-23
1948,Ira Agarwal,Female,21.0,SURAT,2019-10-27
2415,Arjun Reddy,Male,23.0,Ranchi,2023-04-22
3077,Divya Singh,Female,51.0,Raipur,2024-06-25
1180,Rahul Das,Male,53.0,MUMBAI,2023-03-15
1011,Reyansh Gupta,Male,65.0,Ranchi,2021-11-28
222,Arjun Sharma,Male,44.0,MUMBAI,2021-08-12
2210,Dhruv Rao,Male,19.0,Chennai,2022-07-21
2574,Rohan Joshi,Male,19.0,Ranchi,2019-02-17
1500,Rahul Rao,Male,41.0,kolkata,2020-10-28
3958,Vivaan Nair,Male,63.0,Indore,2021-02-20
2445,Priya Kapoor,Female,37.0,Lucknow,2023-07-01
3346,Divya Joshi,Female,31.0,INDORE,2020-03-13
933,Krishna Rao,Male,35.0,Lucknow,2020-10-19
3202,Anjali Das,Female,37.0,Ranchi,2023-09-16
3166,Meera Reddy,Female,38.0,Patna,2021-12-11
3784,Sai Mehta,Male,61.0,Ranchi,2019-03-20
4309,Kabir Das,Male,41.64736842105263,Chennai,2021-09-22
1677,Anika Kapoor,Female,35.0,Surat,2024-08-24
3307,Aarav Mehta,Male,62.0,Ranchi,2019-07-06
3124,Aryan Nair,Male,45.0,Nagpur,2024-04-18
4221,Rohan Mehta,Male,48.0,Coimbatore,2023-08-07
3069,Anjali Patel,Female,23.0,kolkata,2023-10-01
2613,Karan Verma,Male,64.0,Bangalore,2019-12-10
3016,Karan Gupta,Male,57.0,Kochi,2020-08-01
773,Dhruv Singh,Male,31.0,Kochi,2024-02-21
4697,Priya Menon,Female,53.0,Lucknow,2022-07-05
2637,Vihaan Nair,Male,37.0,Coimbatore,2019-01-21
855,Aarav Rao,Male,58.0, Jaipur ,2023-08-25
1274,Aryan Joshi,Male,24.0,Mumbai,2024-02-15
2378,Priya Iyer,Female,48.0,Kolkata,2020-11-21
875,Sakshi Kapoor,Female,39.0,Kolkata,2022-06-01
1141,Vivaan Nair,Male,50.0,Coimbatore,2019-08-12
4791,Isha Reddy,Male,57.0,Surat,2020-09-13
1436,Divya Pillai,Female,41.64736842105263,Ahmedabad,2019-12-24
750,Karan Singh,Male,51.0,Hyderabad,2024-01-01
1816,Rajesh Agarwal,Male,30.0,INDORE,2023-03-13
84,Anika Agarwal,Female,38.0,Lucknow,2023-04-09
129,Saanvi Malhotra,Female,38.0,Lucknow,2024-07-04
1721,Reyansh Das,Male,18.0,Ranchi,2020-05-09
886,Nikhil Bose,Male,41.0,Raipur,2021-01-28
135,Anjali Malhotra,Female,52.0,Kochi,2023-09-10
2641,Rajesh Verma,Male,50.0,Ranchi,2019-09-23
1257,Aditya Malhotra,Male,43.0,Raipur,2019-11-26
2773,Saanvi Singh,Female,64.0,BHOPAL,2022-09-01
3759,Pooja Gupta,Female,51.0,Nagpur,2019-05-18
3971,Pooja Patel,Female,58.0,Kolkata,2022-10-28
523,Pooja Iyer,Female,56.0,Indore,2022-01-16
1381,Aarav Verma,Male,60.0,Surat,2021-05-18
4198,Isha Chopra,Female,60.0,Indore,2021-05-02
112,Rohan Das,Male,49.0,Ahmedabad,2022-12-28
3117,Anika Reddy,Female,53.0,Surat,2021-09-07
2403,Meera Malhotra,Female,47.0,Patna,2023-03-02
1824,Aditya Rao,Male,25.0,DELHI,2023-12-22
3208,Suresh Malhotra,Male,32.0,Surat,2021-04-23
2047,Vihaan Kapoor,Male,37.0,Kochi,2020-02-25
2576,Aditya Reddy,Male,48.0,HYDERABAD,2023-12-04
1135,Vihaan Sharma,Male,56.0, Bangalore ,2021-03-04
2648,Krishna Singh,Male,29.0,Ahmedabad,2022-04-20
2333,Rohan Rao,Male,21.0,Bhopal,2019-06-25
4768,Amit Das,Male,39.0,Surat,2020-07-22
1365,Krishna Bose,Male,60.0,Jaipur,2020-05-01
2583,Rajesh Verma,Male,18.0,Jaipur,2021-10-03
2757,Myra Sharma,Female,26.0,Nagpur,2020-11-17
3511,Ishaan Pillai,Male,51.0,Bhopal,2022-07-28
749,Sai Agarwal,Male,18.0,Mumbai,2019-10-06
2085,Rahul Menon,Male,41.64736842105263,Chandigarh,2023-11-22
3260,Amit Bose,Male,38.0,jaipur,2023-08-23
911,Meera Pillai,Female,42.0,Ranchi,2022-12-15
1679,Aadhya Reddy,Female,26.0,Kochi,2021-08-02
305,Krishna Verma,Male,33.0,Delhi,2024-02-13
3156,Ishaan Kumar,Male,28.0,Chennai,2023-12-19
1538,Sakshi Kapoor,Female,40.0,Indore,2019-05-03
1938,Anika Mehta,Female,31.0,Ahmedabad,2020-09-06
2055,Amit Nair,Male,55.0,Chandigarh,2021-06-25
3291,Myra Rao,Female,29.0,ranchi,2022-04-30
3264,Arjun Joshi,Male,56.0,Delhi,2022-11-06
2672,Kavya Kumar,Female,56.0,Chennai,2022-11-12
2556,Rahul Nair,Male,57.0, Chennai ,2019-05-09
108,Kabir Patel,Male,54.0,Ahmedabad,2023-05-13
1247,Shreya Menon,Female,48.0,Bangalore,2022-09-26
121,Manish Nair,Male,54.0,Kochi,2020-11-25
2618,Dhruv Joshi,Male,48.0,Chandigarh,2021-12-16
3058,Sneha Patel,Female,39.0,Surat,2019-02-02
365,Sai Kapoor,Male,51.0,Ranchi,2020-01-26
3632,Kavya Kumar,Female,40.0,Ranchi,2020-05-28
1815,Aarav Chopra,Male,47.0,Nagpur,2023-10-04
873,Isha Gupta,Female,25.0,Chennai,2019-03-13
899,Divya Iyer,Female,27.0,Patna,2020-03-18
4495,Diya Sharma,Female,41.64736842105263,Mumbai,2020-06-20
3277,Kiara Reddy,Female,65.0,Mumbai,2021-03-11
3490,Karan Verma,Male,27.0,Ahmedabad,2022-05-20
4796,Saanvi Nair,Female,31.0,Lucknow ,2023-12-24
3565,Arjun Gupta,Male,39.0,Bhopal,2021-11-01
1860,Myra Joshi,Female,26.0,Indore ,2022-09-01
2028,Rohan Kapoor,Male,39.0,Surat,2021-02-02
3863,Divya Sharma,Female,41.64736842105263,Nagpur,2019-11-20
792,Amit Bose,Male,29.0,Kolkata,2019-06-26
2375,Rahul Sharma,Male,42.0,Raipur,2022-11-14
701,Saanvi Mehta,Female,40.0,Ranchi,2020-06-05
3467,Suresh Reddy,Male,28.0,Jaipur,2023-03-01
4047,Sai Das,Male,61.0,DELHI,2023-01-04
1987,Aadhya Patel,Female,59.0,Raipur ,2022-10-23
4382,Ananya Verma,Female,20.0,Chennai,2019-03-27
2405,Vihaan Mehta,Male,41.0,Delhi,2022-12-06
3731,Rahul Patel,Male,30.0,Jaipur,2023-10-02
771,Sneha Gupta,Female,52.0,Lucknow ,2024-08-08
3794,Sai Sharma,Male,30.0,Patna,2019-07-09
1160,Aditya Bose,Male,60.0,Ranchi,2019-09-23
56,Sai Kapoor,Male,41.64736842105263,Hyderabad,2021-04-21
116,Priya Singh,Female,23.0,Mumbai,2022-06-16
2431,Karan Bose,Male,19.0,Surat,2023-02-26
3348,Neha Sharma,Female,56.0,Kolkata,2023-06-04
2151,Arjun Mehta,Male,58.0,Kolkata,2023-05-11
4623,Ishaan Agarwal,Male,38.0,Chandigarh,2023-10-19
3522,Manish Rao,Male,48.0,Jaipur,2023-05-11
3436,Sneha Malhotra,Female,33.0,Raipur,2024-06-19
4108,Shreya Gupta,Female,53.0,Patna,2020-02-03
3545,Nikhil Kumar,Male,47.0,Bangalore,2019-05-02
4967,Karan Mehta,Male,47.0, Bhopal ,2019-10-04
1156,Arjun Reddy,Male,30.0,coimbatore,2023-03-30
4504,Rohan Malhotra,Male,21.0,Hyderabad ,2022-06-25
922,Saanvi Menon,Female,37.0,Nagpur,2023-11-21
4885,Sneha Kapoor,Female,40.0,Bhopal,2019-02-16
2622,Ira Agarwal,Female,36.0,Ahmedabad,2021-08-05
188,Vihaan Singh,Male,38.0,Nagpur,2022-05-10
2965,Vivaan Sharma,Male,50.0,Ranchi,2024-05-23
1749,Myra Bose,Female,29.0,Chandigarh,2022-03-03
4217,Rajesh Das,Male,51.0,Ahmedabad,2019-04-30
3179,Aryan Joshi,Male,34.0,RAIPUR,2019-10-25
2502,Shreya Mehta,Female,24.0,Indore,2019-06-16
3818,Vihaan Chopra,Male,63.0,Raipur,2024-01-25
4252,Vihaan Bose,Male,36.0,Kolkata,2020-07-22
2931,Karan Gupta,Male,27.0,Hyderabad,2020-11-05
1322,Myra Pillai,Female,49.0,Surat ,2022-12-13
2180,Amit Joshi,Male,28.0,Delhi,2021-09-05
3022,Dhruv Iyer,Male,52.0,Bhopal,2019-06-09
1892,Karan Kumar,Male,35.0,Jaipur,2024-03-09
3866,Amit Bose,Male,18.0,Delhi,2022-03-13
2408,Aryan Joshi,Male,30.0,lucknow,2024-09-06
4489,Nikhil Bose,Male,32.0,Ranchi,2020-09-29
237,Rahul Singh,Male,26.0,Hyderabad,2019-02-18
1495,Karan Agarwal,Male,28.0, Ranchi ,2023-03-27
3250,Isha Gupta,Female,64.0,Hyderabad,2023-10-19
312,Amit Kumar,Male,59.0,Kolkata,2019-02-04
4176,Pooja Agarwal,Female,34.0,Chennai,2019-09-03
1994,Sai Joshi,Male,32.0,pune,2021-04-06
2777,Amit Das,Male,41.64736842105263,Chandigarh,2021-06-15
1525,Kabir Sharma,Male,29.0,Raipur,2019-05-09
608,Ananya Joshi,Female,62.0,Hyderabad,2022-06-03
847,Aditya Agarwal,Male,46.0,Bangalore,2024-09-27
2862,Ishaan Chopra,Male,61.0,Ranchi,2024-08-28
1433,Meera Rao,Female,41.64736842105263,BHOPAL,2022-09-27
4845,Suresh Menon,Male,23.0,Indore,2019-06-01
4618,Rohan Joshi,Male,19.0,Surat,2023-08-03
564,Isha Iyer,Female,56.0,Coimbatore,2020-10-18
419,Kavya Malhotra,Female,46.0,Indore,2023-11-09
4808,Isha Malhotra,Female,61.0,AHMEDABAD,2022-12-16
4336,Kavya Kapoor,Female,45.0, Hyderabad ,2019-12-15
2823,Pooja Menon,Female,22.0,Nagpur,2023-12-19
4391,Riya Gupta,Female,39.0,Coimbatore,2021-01-06
4462,Suresh Nair,Male,38.0,Hyderabad,2019-11-18
4020,Kabir Kumar,Male,42.0,Nagpur,2022-10-24
438,Rajesh Gupta,Male,35.0,Chennai,2021-03-15
519,Kabir Chopra,Male,38.0,Kochi,2024-06-19
3659,Manish Nair,Male,54.0,Delhi,2023-06-17
1021,Kabir Pillai,Male,43.0,Delhi,2022-09-29
994,Aadhya Malhotra,Female,34.0,Kolkata ,2021-09-10
2198,Rohan Kumar,Male,52.0,Raipur,2021-02-14
1922,Meera Verma,Female,36.0,Indore,2019-06-13
3279,Divya Kapoor,Female,49.0,Kochi,2022-09-16
1929,Arjun Kumar,Male,51.0,Lucknow,2019-04-17
4972,Rajesh Reddy,Male,37.0,Ahmedabad,2023-06-28
2676,Krishna Reddy,Male,30.0,Patna,2021-08-08
2160,Sakshi Rao,Female,21.0, Pune ,2021-06-08
3706,Aryan Menon,Male,21.0,Kolkata,2022-10-25
4581,Ananya Menon,Female,37.0, Patna ,2023-08-12
535,Myra Mehta,Female,18.0,Mumbai,2020-07-12
3504,Pooja Das,Female,34.0,Mumbai,2024-09-24
3909,Manish Singh,Male,63.0,COIMBATORE,2023-05-14
4312,Dhruv Reddy,Male,44.0,Ahmedabad,2020-07-29
1822,Saanvi Bose,Female,65.0,Coimbatore,2020-03-01
3232,Priya Agarwal,Female,37.0,Pune,2021-11-28
2712,Sakshi Agarwal,Female,49.0,Indore,2020-09-06
4407,Saanvi Pillai,Female,28.0,Kolkata,2023-10-08
176,Isha Bose,Female,38.0,Raipur,2019-01-11
1670,Ishaan Gupta,Male,55.0,Mumbai,2021-07-19
2140,Dhruv Malhotra,Male,27.0,Lucknow,2024-09-01
3129,Sai Patel,Male,43.0,Ranchi,2020-08-07
2718,Vihaan Patel,Male,35.0,Coimbatore,2020-12-21
4985,Arjun Mehta,Male,39.0,Indore,2022-06-05
947,Priya Mehta,Female,19.0,Ranchi,2019-05-23
3456,Dhruv Iyer,Male,64.0,Delhi,2021-04-11
4471,Aarav Nair,Male,41.64736842105263,Ranchi,2022-10-08
4915,Reyansh Agarwal,Male,53.0,Kochi,2019-01-28
1684,Ananya Malhotra,Female,42.0,Patna,2019-07-01
617,Ishaan Kapoor,Male,37.0,Surat,2024-06-29
2744,Diya Joshi,Female,55.0,Kochi,2023-08-29
956,Aarav Malhotra,Male,30.0,Lucknow,2022-07-09
195,Kabir Reddy,Male,51.0,ranchi,2024-09-18
910,Shreya Patel,Female,50.0,Delhi,2023-05-23
2481,Aryan Gupta,Male,40.0,Kolkata,2023-05-08
1007,Priya Iyer,Female,55.0,Bangalore,2024-08-24
4702,Aarav Rao,Male,24.0,Indore,2023-04-08
1778,Ishaan Rao,Male,53.0,Jaipur,2024-06-02
4205,Aarav Sharma,Male,58.0,Bhopal,2023-08-03
369,Diya Kapoor,Female,32.0,Coimbatore,2023-03-31
3305,Myra Reddy,Female,36.0,KOLKATA,2020-04-02
4342,Aryan Nair,Male,33.0,Raipur,2024-09-16
1773,Aditya Kapoor,Male,64.0,Bhopal,2019-03-24
2955,Rajesh Verma,Male,37.0,Surat,2024-05-25
2194,Anika Reddy,Female,21.0, Bangalore ,2023-05-04
4550,Kiara Bose,Female,53.0,Kochi,2019-10-18
4748,Riya Joshi,Female,32.0,Jaipur,2023-07-23
217,Suresh Chopra,Male,25.0,Kochi,2019-08-04
1445,Myra Kapoor,Female,62.0,Lucknow,2024-04-09
4425,Saanvi Pillai,Female,19.0,Indore,2022-11-12
1498,Amit Das,Male,44.0,Bhopal,2022-12-11
3603,Ananya Reddy,Female,30.0,Nagpur,2019-07-10
1056,Aarav Sharma,Male,52.0,Raipur ,2021-11-25
4009,Suresh Das,Male,60.0,Patna,2024-04-13
1411,Ananya Mehta,Female,28.0,Kolkata,2023-06-03
4825,Riya Iyer,Female,42.0,Nagpur,2021-05-29
4496,Divya Nair,Female,53.0,Chandigarh,2019-05-21
4822,Krishna Patel,Male,22.0,Jaipur,2020-11-12
3763,Diya Joshi,Female,41.64736842105263,Nan ,2021-10-12
461,Rajesh Kapoor,Male,34.0,Kolkata,2022-11-04
4222,Pooja Kumar,Female,53.0,Delhi,2020-12-18
2631,Aryan Malhotra,Male,41.64736842105263,Ranchi,2019-12-29
1136,Nikhil Iyer,Male,40.0,Bhopal,2024-05-25
268,Aryan Iyer,Male,24.0,Mumbai,2019-07-17
1878,Kavya Joshi,Female,61.0,LUCKNOW,2019-04-07
2263,Priya Das,Female,21.0,Ahmedabad,2021-10-30
4167,Kiara Bose,Female,60.0,Bhopal,2024-05-28
3220,Myra Menon,Female,64.0,Chandigarh,2021-06-14
4239,Pooja Iyer,Female,37.0,Patna,2024-08-05
818,Vihaan Malhotra,Male,41.0,Patna,2019-06-17
770,Vivaan Reddy,Male,19.0,Ranchi,2021-09-03
3078,Aryan Pillai,Male,24.0,Bhopal,2020-03-11
1635,Isha Iyer,Female,18.0,Kolkata,2023-01-05
2091,Manish Pillai,Male,38.0, Mumbai ,2019-08-05
2202,Rohan Mehta,Male,28.0,bangalore,2019-09-10
1674,Myra Menon,Female,43.0,Chandigarh,2020-05-16
235,Sneha Kapoor,Female,21.0,Lucknow,2021-12-01
4776,Sakshi Agarwal,Female,29.0,Kochi,2021-09-28
2,Vivaan Mehta,Male,42.0,Ranchi,2023-09-09
1653,Kavya Malhotra,Female,22.0,Raipur,2019-11-17
4089,Amit Kumar,Male,42.0,Pune,2019-09-30
2967,Aryan Malhotra,Male,23.0,Lucknow,2019-09-10
2197,Saanvi Kapoor,Female,41.64736842105263,Bangalore,2020-12-21
4553,Aarav Bose,Male,22.0,Bhopal,2024-07-15
211,Anjali Gupta,Female,49.0,Patna,2024-09-23
672,Arjun Bose,Male,27.0,Patna,2022-10-04
3541,Aadhya Patel,Female,58.0,Surat,2022-11-18
4889,Sakshi Chopra,Female,47.0,Delhi,2021-04-20
439,Aadhya Gupta,Female,41.64736842105263,Kochi,2019-05-08
2971,Vivaan Sharma,Male,30.0,Mumbai,2024-02-16
2604,Ishaan Singh,Male,41.0,Ahmedabad,2024-08-13
3320,Kavya Nair,Female,32.0,Ranchi,2021-04-27
3370,Vihaan Menon,Male,18.0,Surat,2021-08-24
3642,Myra Patel,Female,48.0,Pune,2023-07-07
881,Vihaan Singh,Male,56.0,Ranchi,2021-03-30
4313,Kiara Sharma,Female,25.0,Bangalore,2020-07-20
2875,Aadhya Pillai,Female,45.0,NAN,2022-12-23
1009,Aditya Rao,Male,63.0,Lucknow ,2022-07-09
4611,Karan Pillai,Male,21.0,Bangalore,2021-12-04
3086,Aarav Verma,Male,29.0,Coimbatore ,2021-05-25
4893,Reyansh Verma,Male,44.0,Coimbatore ,2020-11-18
4806,Sakshi Patel,Female,51.0,Surat,2022-07-09
1121,Ishaan Verma,Male,41.64736842105263,Bhopal,2024-01-13
2019,Ishaan Kapoor,Male,26.0,Chennai,2021-07-12
386,Neha Mehta,Female,46.0,Chennai,2020-07-19
1725,Dhruv Agarwal,Male,33.0,Lucknow,2020-05-02
1940,Isha Pillai,Female,58.0, Mumbai ,2021-07-24
1838,Isha Iyer,Female,23.0,Chandigarh,2022-12-25
1638,Myra Iyer,Female,60.0,Lucknow,2023-06-02
1876,Diya Das,Female,36.0,Delhi,2020-05-12
3644,Arjun Bose,Male,24.0,Hyderabad,2019-11-04
1302,Anjali Verma,Female,63.0,Lucknow,2024-02-18
3586,Rahul Joshi,Male,32.0,Surat,2020-11-09
3867,Suresh Nair,Male,18.0,Lucknow,2022-07-30
3274,Anika Nair,Female,53.0,PATNA,2021-01-14
4132,Anjali Agarwal,Female,41.64736842105263,Nagpur,2020-12-27
3191,Rajesh Patel,Male,26.0,Patna,2023-05-14
3229,Rahul Joshi,Male,43.0,Nagpur,2023-05-24
1823,Aryan Sharma,Male,57.0,Chennai,2020-12-25
2367,Isha Reddy,Female,32.0,Hyderabad,2019-12-02
2538,Anjali Reddy,Female,58.0,Indore,2023-01-01
1992,Arjun Reddy,Male,37.0,Kolkata,2020-02-18
4227,Dhruv Menon,Male,54.0,Mumbai,2022-07-30
4485,Ira Singh,Female,38.0,Mumbai,2023-07-30
2167,Aadhya Joshi,Female,40.0,Pune,2020-09-08
1784,Anjali Nair,Female,23.0,Chennai,2023-07-10
2903,Anjali Mehta,Female,62.0,Bangalore,2022-09-02
397,Sneha Rao,Female,61.0,Ranchi,2019-08-09
3193,Priya Nair,Female,58.0,Pune,2022-06-18
1715,Ira Nair,Female,46.0,Bhopal,2023-01-22
4478,Priya Verma,Female,61.0,Chennai,2020-12-20
1769,Vivaan Sharma,Male,51.0,Hyderabad,2024-08-16
2286,Kavya Gupta,Female,56.0,Jaipur,2020-07-17
2633,Kiara Singh,Female,29.0,Pune,2021-11-06
3134,Shreya Pillai,Female,30.0,Ahmedabad,2020-10-06
1410,Reyansh Reddy,Male,54.0,Chandigarh,2021-01-08
2148,Amit Pillai,Male,59.0,Indore,2022-03-02
3053,Dhruv Pillai,Male,45.0,COIMBATORE,2019-08-29
614,Ira Sharma,Female,36.0,Indore,2021-08-04
291,Rajesh Iyer,Male,38.0,Bangalore,2019-12-23
2646,Anjali Nair,Female,27.0,SURAT,2020-02-26
1654,Nikhil Mehta,Male,24.0,Hyderabad,2024-08-04
991,Rahul Bose,Male,47.0,Jaipur,2019-01-24
4207,Amit Rao,Male,28.0,Pune,2024-08-16
2740,Saanvi Das,Female,42.0,Ranchi,2020-05-14
3552,Anika Sharma,Female,41.0,Chandigarh,2021-04-19
1428,Rohan Bose,Male,60.0,Nagpur,2021-12-23
1751,Aadhya Bose,Female,53.0,Ranchi,2021-05-04
2018,Sakshi Singh,Female,48.0,Ranchi,2021-03-14
3559,Divya Iyer,Female,57.0,Lucknow,2024-04-22
1353,Riya Reddy,Female,18.0,Raipur,2023-06-01
651,Shreya Sharma,Female,56.0,Chandigarh,2021-09-01
4497,Kabir Chopra,Male,21.0,Kolkata,2022-07-19
4470,Karan Pillai,Male,32.0,Bangalore,2023-11-03
3612,Riya Kumar,Female,49.0,Kochi,2023-10-05
1730,Sneha Joshi,Female,46.0,Kolkata,2024-09-14
4472,Karan Bose,Male,21.0, Lucknow ,2022-10-06
731,Sai Agarwal,Male,18.0,Chandigarh,2024-02-03
3186,Rajesh Bose,Male,24.0,Chennai,2020-01-03
2105,Anjali Patel,Female,46.0,Ranchi,2024-09-09
346,Krishna Sharma,Male,37.0,Bhopal,2020-02-18
4049,Riya Iyer,Female,20.0,Lucknow ,2023-02-14
2454,Saanvi Bose,Female,47.0,Indore,2022-08-18
2366,Ira Sharma,Female,33.0,Lucknow ,2023-11-18
3356,Aarav Kumar,Male,46.0,Nagpur,2019-02-22
3513,Reyansh Reddy,Male,65.0,Chandigarh,2020-08-30
2280,Ishaan Das,Male,18.0,DELHI,2023-11-19
3995,Nikhil Rao,Male,21.0,Kolkata,2019-07-05
3619,Kavya Chopra,Female,35.0,Bhopal,2024-03-09
3211,Kavya Reddy,Female,45.0,Lucknow,2021-08-19
3640,Meera Joshi,Female,40.0, Jaipur ,2020-10-12
914,Sneha Singh,Female,45.0,Nagpur,2023-01-03
2729,Shreya Joshi,Female,19.0,Ranchi,2022-08-05
961,Aarav Agarwal,Male,59.0,Ranchi,2021-07-25
393,Saanvi Mehta,Female,61.0,Jaipur ,2020-08-22
4872,Amit Nair,Male,41.64736842105263,Ahmedabad,2021-07-13
269,Isha Rao,Female,28.0,Bhopal,2024-07-12
343,Dhruv Iyer,Male,52.0,Ranchi,2019-07-19
2248,Myra Agarwal,Female,23.0,pune,2024-01-12
1449,Anika Rao,Female,28.0,Jaipur,2020-01-12
2449,Myra Kumar,Female,64.0,BANGALORE,2022-03-03
4507,Dhruv Kapoor,Male,41.64736842105263,Bhopal,2021-06-29
4521,Ira Kumar,Female,65.0,Indore,2023-04-13
2016,Shreya Das,Female,26.0,Ranchi,2019-01-03
4680,Kiara Menon,Female,51.0,Coimbatore,2023-02-02
4923,Anjali Das,Female,41.64736842105263,Jaipur,2020-11-30
4316,Krishna Rao,Male,46.0,Raipur,2023-04-10
3505,Rahul Agarwal,Male,23.0,Raipur,2020-03-24
894,Amit Singh,Male,43.0,Patna,2019-12-15
696,Rahul Pillai,Male,26.0,Bangalore,2024-04-02
1601,Kabir Bose,Male,36.0,Bangalore,2022-04-22
2681,Nikhil Joshi,Male,26.0,Patna,2024-07-23
2459,Aarav Chopra,Male,63.0,Surat,2023-03-08
571,Reyansh Verma,Male,30.0,Hyderabad,2024-06-11
4273,Aryan Patel,Male,60.0,Chandigarh,2023-09-09
3950,Dhruv Malhotra,Male,37.0,Chandigarh,2019-04-26
4348,Amit Malhotra,Male,45.0,Raipur,2021-06-28
3254,Aditya Patel,Male,32.0, Raipur ,2021-11-24
444,Rahul Patel,Male,29.0,Raipur,2020-08-21
2133,Kiara Gupta,Female,41.64736842105263,Chandigarh,2021-04-02
3670,Ananya Patel,Female,20.0,Coimbatore,2019-02-11
1808,Arjun Patel,Male,48.0,Mumbai,2022-08-17
3391,Krishna Singh,Male,51.0,Pune,2023-09-22
4960,Sai Menon,Male,41.64736842105263,Jaipur,2024-01-11
431,Krishna Pillai,Male,49.0,Surat,2023-01-02
1196,Dhruv Menon,Male,33.0,Kochi,2022-09-09
3377,Ishaan Malhotra,Male,26.0,Kolkata,2020-01-10
2690,Krishna Iyer,Male,51.0,Bhopal,2020-12-03
496,Anika Mehta,Female,23.0,Indore,2022-11-01
2389,Ishaan Sharma,Male,38.0,Kolkata,2022-01-20
1578,Vihaan Verma,Male,20.0,Raipur,2021-12-26
3263,Amit Kumar,Male,39.0,Kochi,2019-09-20
4185,Meera Kapoor,Female,41.0, Chandigarh ,2023-04-08
2926,Aryan Kapoor,Male,34.0,Coimbatore,2023-05-10
4431,Ananya Joshi,Female,49.0,Bangalore,2022-02-08
1269,Meera Singh,Female,18.0,Delhi,2021-12-25
4121,Anika Pillai,Female,26.0,Kolkata,2020-12-22
4891,Rahul Gupta,Male,60.0,Bangalore,2019-08-14
1704,Nikhil Gupta,Male,33.0, Pune ,2022-08-27
55,Vivaan Agarwal,Male,50.0,Pune,2020-09-05
4233,Kavya Das,Female,33.0,Ahmedabad,2024-01-27
2551,Suresh Iyer,Male,41.64736842105263,Bhopal ,2022-11-30
3609,Pooja Malhotra,Female,63.0,Ahmedabad,2021-08-04
1464,Arjun Patel,Male,50.0,Kochi,2022-10-30
4080,Anika Iyer,Female,29.0,Delhi,2020-07-04
4657,Neha Gupta,Female,23.0,Coimbatore,2020-02-21
4481,Vihaan Joshi,Male,36.0,Raipur,2019-04-10
633,Kavya Nair,Female,65.0, Pune ,2021-04-17
578,Suresh Patel,Male,53.0,Coimbatore,2023-08-28
2577,Diya Menon,Female,19.0,Chennai,2022-12-18
3648,Shreya Malhotra,Female,54.0,Coimbatore,2021-08-11
1522,Amit Chopra,Male,31.0,Indore,2020-02-17
788,Amit Menon,Male,23.0,lucknow,2022-11-25
1081,Manish Gupta,Male,30.0,Ranchi,2019-08-05
3020,Rahul Mehta,Male,31.0,nagpur,2023-11-29
234,Krishna Joshi,Male,27.0,Bangalore,2021-10-13
3961,Nikhil Reddy,Male,55.0,Raipur,2024-06-07
2853,Sakshi Agarwal,Female,65.0,Lucknow,2020-02-23
1926,Amit Reddy,Male,34.0,Hyderabad,2022-09-13
1564,Aarav Reddy,Male,47.0,Indore,2021-02-08
4745,Riya Agarwal,Female,63.0,PATNA,2022-02-06
4728,Nikhil Sharma,Male,31.0,Surat,2020-05-11
785,Reyansh Gupta,Male,63.0,Raipur,2022-03-08
2121,Rahul Patel,Male,32.0,Surat,2019-10-26
3819,Anika Kapoor,Female,41.0,Jaipur,2023-06-27
2094,Aarav Bose,Male,64.0,Hyderabad,2022-09-21
786,Meera Kumar,Female,31.0,Ranchi,2022-01-14
525,Reyansh Sharma,Male,26.0,Ahmedabad,2021-10-27
715,Myra Mehta,Female,21.0,NAGPUR,2019-08-06
4976,Ishaan Sharma,Male,48.0,Ahmedabad,2022-02-09
1954,Sai Kapoor,Male,48.0,Kochi,2022-03-08
4364,Kabir Iyer,Male,19.0,Mumbai,2023-02-10
3752,Anjali Menon,Female,19.0,delhi,2021-06-21
501,Aditya Bose,Male,57.0,Mumbai,2019-06-23
2686,Diya Nair,Female,46.0,Pune,2021-10-21
4545,Divya Singh,Female,53.0,Ranchi,2020-02-22
858,Kabir Pillai,Male,37.0,Chandigarh,2024-03-13
3314,Aarav Chopra,Male,30.0,Kolkata,2022-10-10
1786,Kavya Mehta,Female,65.0,Surat,2020-09-08
293,Ananya Menon,Female,55.0, Kochi ,2023-09-15
4564,Dhruv Verma,Male,25.0,Coimbatore,2023-06-07
562,Rohan Verma,Male,49.0,Patna,2022-04-22
94,Aditya Kumar,Male,18.0,Pune,2024-09-02
2720,Anjali Malhotra,Female,30.0,Chennai,2022-12-16
662,Suresh Kapoor,Male,41.64736842105263, Chandigarh ,2022-03-22
3663,Suresh Singh,Male,42.0,AHMEDABAD,2022-11-26
1062,Divya Nair,Female,24.0,SURAT,2021-02-27
2545,Krishna Chopra,Male,24.0,Delhi,2021-11-16
3198,Sneha Iyer,Female,36.0,Raipur,2024-02-12
1418,Kabir Joshi,Male,48.0,Chennai,2021-09-25
280,Krishna Patel,Male,58.0,Lucknow ,2019-12-02
2882,Rahul Sharma,Male,27.0,Coimbatore,2022-10-16
4016,Saanvi Das,Female,44.0,Ranchi,2022-04-13
658,Anjali Chopra,Female,20.0,Bangalore,2022-05-10
1439,Kabir Das,Male,27.0,Coimbatore,2023-09-21
3788,Sakshi Kapoor,Female,28.0,Jaipur,2021-08-08
1565,Ira Joshi,Female,31.0,Raipur,2022-07-07
4668,Aditya Iyer,Male,21.0,Nagpur,2019-10-03
4059,Kiara Bose,Female,41.64736842105263,Pune,2020-05-02
4897,Anjali Iyer,Female,63.0,Ahmedabad,2019-01-10
3462,Ananya Patel,Female,52.0,CHENNAI,2023-06-10
2458,Riya Reddy,Female,64.0,Kolkata ,2023-09-08
390,Shreya Bose,Female,55.0,Raipur,2023-09-06
102,Vivaan Gupta,Male,43.0,Indore ,2023-03-25
3918,Kiara Sharma,Female,22.0, Patna ,2021-08-01
1703,Aryan Singh,Male,22.0,kochi,2023-12-23
2544,Manish Das,Male,63.0,chennai,2021-06-23
4228,Shreya Joshi,Male,40.0,Chandigarh,2023-03-05
939,Sakshi Mehta,Female,22.0,Ranchi,2023-01-28
4483,Anika Rao,Female,57.0,nagpur,2021-07-10
4384,Aadhya Pillai,Female,19.0,Coimbatore,2022-10-16
3406,Saanvi Singh,Female,63.0,Ranchi,2023-08-05
7,Meera Menon,Female,41.64736842105263,Chandigarh,2022-03-16
1064,Aditya Verma,Male,45.0,Chennai,2024-05-04
4900,Aadhya Kumar,Female,50.0,Surat,2021-09-20
2071,Shreya Agarwal,Female,29.0,Ranchi,2019-11-08
483,Krishna Kapoor,Male,36.0,Pune,2019-05-18
1104,Riya Das,Female,35.0,Ahmedabad,2022-08-10
225,Arjun Iyer,Male,23.0,Delhi,2021-08-06
960,Priya Patel,Female,41.64736842105263,Indore,2021-07-08
3550,Saanvi Kumar,Female,46.0,Bhopal,2021-06-15
1228,Nikhil Pillai,Male,63.0,Mumbai,2021-08-10
437,Isha Chopra,Female,37.0,Chandigarh,2020-03-21
1914,Aryan Sharma,Male,65.0,Ranchi,2023-05-14
4678,Aarav Kumar,Male,40.0,Kochi,2023-03-12
4766,Isha Kumar,Female,50.0,Nagpur,2019-06-24
1044,Rohan Chopra,Male,63.0,Bhopal,2023-01-17
3929,Shreya Sharma,Female,41.0,Patna,2019-07-21
2782,Sai Nair,Male,60.0,Ranchi,2024-04-03
4138,Saanvi Mehta,Female,46.0,Jaipur,2023-06-02
603,Karan Rao,Male,41.0,Nagpur ,2021-02-19
2189,Ishaan Gupta,Male,29.0,Nagpur,2019-09-24
2254,Suresh Verma,Male,31.0,Ahmedabad,2024-07-06
2749,Karan Joshi,Male,19.0,Chennai,2019-01-26
1826,Sai Joshi,Male,63.0,KOLKATA,2023-02-09
2039,Dhruv Mehta,Male,42.0,Kochi,2023-09-22
4597,Ishaan Iyer,Male,31.0,Chandigarh,2023-02-28
4837,Meera Rao,Female,24.0,Coimbatore,2021-08-29
3075,Manish Sharma,Male,29.0,Pune,2023-11-03
3976,Sneha Mehta,Female,47.0,Raipur,2022-01-15
1908,Dhruv Bose,Male,47.0,Lucknow,2024-01-15
1719,Pooja Joshi,Female,38.0,Hyderabad,2019-11-30
549,Aadhya Agarwal,Female,48.0,Kolkata,2021-02-26
3639,Kavya Das,Female,21.0,Chandigarh,2024-08-10
3402,Anika Reddy,Female,43.0,Chennai,2021-11-18
4666,Kavya Mehta,Female,19.0,Surat,2022-02-13
2524,Vivaan Das,Male,51.0,Lucknow,2021-04-14
4354,Meera Das,Female,65.0,Hyderabad,2020-05-10
4949,Kabir Kumar,Male,36.0,Chandigarh,2023-09-12
3651,Anjali Agarwal,Male,18.0,Hyderabad,2021-12-26
3730,Nikhil Chopra,Male,18.0,Mumbai,2022-08-26
4974,Saanvi Kapoor,Female,48.0,Coimbatore,2021-06-30
2612,Arjun Malhotra,Male,59.0,Surat,2021-07-13
4841,Shreya Kapoor,Female,51.0,Indore,2019-07-22
1785,Divya Pillai,Female,32.0,Delhi,2024-07-14
465,Manish Kapoor,Male,25.0,Bangalore,2024-05-29
2301,Sakshi Pillai,Female,20.0,Chandigarh,2019-05-10
4831,Meera Gupta,Female,34.0,Indore,2020-07-05
726,Kavya Agarwal,Female,54.0,Nagpur,2019-05-18
3351,Shreya Menon,Female,21.0,Mumbai,2021-01-03
3494,Isha Bose,Female,29.0,Indore,2019-04-03
941,Nikhil Pillai,Male,51.0,Jaipur,2024-07-26
396,Anika Kapoor,Female,41.64736842105263,Lucknow,2019-07-12
232,Manish Chopra,Male,31.0,Patna,2022-06-16
2774,Kabir Nair,Male,53.0,Coimbatore,2020-08-12
1622,Ishaan Kumar,Male,37.0,Lucknow,2019-01-27
4971,Vivaan Rao,Male,46.0,Nagpur,2022-01-01
2732,Amit Menon,Male,48.0,Kolkata,2019-07-12
2304,Ananya Malhotra,Female,41.64736842105263,Chandigarh ,2019-12-22
1144,Sakshi Mehta,Female,44.0,Surat,2020-10-26
1036,Riya Joshi,Female,40.0,Delhi,2021-12-31
1760,Diya Agarwal,Female,38.0,Jaipur,2022-07-24
4684,Dhruv Das,Male,40.0,Ranchi,2020-12-29
4750,Rajesh Malhotra,Male,46.0,KOCHI,2023-10-15
3231,Aadhya Pillai,Female,57.0,Pune,2019-10-09
4498,Isha Malhotra,Female,21.0,Ahmedabad,2019-07-14
2941,Isha Malhotra,Female,31.0,Ahmedabad,2022-04-17
3858,Ishaan Joshi,Male,22.0,Mumbai,2024-04-10
1898,Riya Malhotra,Female,20.0,Raipur,2019-11-18
3881,Sneha Singh,Female,24.0,Surat,2022-02-03
2380,Dhruv Chopra,Male,21.0,Ahmedabad,2020-01-04
774,Suresh Nair,Male,41.64736842105263,Delhi,2020-08-02
2166,Aditya Gupta,Male,19.0,Mumbai,2019-08-05
4351,Ira Nair,Female,41.64736842105263,Coimbatore,2024-03-28
4212,Aarav Iyer,Male,23.0,Delhi,2022-01-02
4469,Nikhil Das,Male,43.0,Kolkata,2019-02-27
3249,Aarav Nair,Male,30.0,Jaipur ,2023-07-31
202,Sneha Gupta,Female,41.64736842105263,Coimbatore,2020-09-17
4071,Nikhil Singh,Male,43.0,Raipur,2019-10-22
3850,Ira Sharma,Female,21.0,Ranchi,2024-06-30
1477,Ishaan Malhotra,Male,41.64736842105263,Bangalore,2022-11-30
2250,Vivaan Nair,Male,48.0,DELHI,2019-06-22
3460,Ananya Iyer,Female,24.0,Ahmedabad,2019-02-04
2017,Meera Bose,Female,34.0,NAN,2022-08-15
417,Rahul Joshi,Male,20.0,Bangalore,2019-10-28
2671,Sneha Patel,Female,21.0,Patna,2020-07-26
3662,Rahul Patel,Male,49.0,Kolkata,2019-12-23
4537,Vivaan Iyer,Male,21.0,Indore,2020-08-17
4989,Aryan Sharma,Male,40.0,Ranchi,2022-06-24
2001,Kavya Reddy,Male,31.0,Bangalore,2024-09-07
3892,Arjun Malhotra,Male,22.0, Coimbatore ,2022-05-18
3729,Amit Rao,Male,26.0,Indore,2022-02-26
1521,Arjun Mehta,Male,34.0,Kolkata,2020-01-16
339,Divya Menon,Female,51.0,Surat,2023-11-12
261,Reyansh Rao,Male,58.0,Chandigarh,2022-07-23
3268,Vihaan Kapoor,Male,47.0,Kochi,2019-06-21
720,Myra Mehta,Female,60.0,Chennai,2020-07-04
1663,Myra Iyer,Female,41.64736842105263,Delhi,2020-03-02
569,Rajesh Mehta,Male,41.64736842105263,Bhopal,2022-08-12
4983,Aadhya Chopra,Female,40.0,Surat,2024-08-04
3710,Saanvi Sharma,Female,65.0,Kochi,2021-12-26
377,Priya Mehta,Female,53.0,Kochi,2023-03-12
3420,Isha Pillai,Female,21.0,Nagpur,2022-07-16
4169,Aadhya Verma,Female,22.0,Bhopal,2024-07-14
4053,Sneha Agarwal,Female,56.0,Bangalore,2019-06-03
606,Diya Nair,Female,30.0,Nagpur ,2020-09-30
3506,Amit Mehta,Male,57.0,Raipur,2020-06-19
3105,Isha Verma,Female,42.0,Ahmedabad,2023-06-02
2513,Anika Menon,Female,25.0,Bhopal,2021-11-10
4458,Myra Agarwal,Female,45.0,Indore,2021-01-20
303,Diya Kapoor,Female,41.64736842105263,Bangalore,2022-06-28
4235,Myra Das,Female,44.0,Bangalore,2021-07-01
1364,Dhruv Rao,Male,65.0,Surat,2019-05-10
233,Riya Singh,Female,23.0,Kolkata,2022-05-31
3721,Diya Pillai,Female,41.0,BHOPAL,2021-03-06
1651,Nikhil Bose,Male,30.0,Pune,2024-04-24
363,Amit Bose,Male,25.0,Bhopal,2023-12-11
3316,Diya Joshi,Female,41.64736842105263,Jaipur,2021-09-27
1566,Isha Kumar,Female,41.64736842105263,Hyderabad,2020-06-16
3177,Sneha Nair,Female,54.0,Chandigarh,2023-02-05
126,Arjun Mehta,Male,18.0,Indore ,2022-09-22
4007,Sai Kapoor,Male,35.0,ranchi,2019-03-13
4955,Rohan Verma,Male,24.0,Surat,2020-08-30
954,Aryan Rao,Male,56.0,coimbatore,2022-08-31
482,Sakshi Verma,Female,29.0,Chandigarh,2023-12-04
4839,Amit Rao,Male,59.0,chandigarh,2019-09-27
4155,Sneha Reddy,Female,55.0,Lucknow ,2023-12-16
3044,Vivaan Sharma,Male,43.0,Lucknow,2021-06-04
711,Arjun Kumar,Male,46.0,Coimbatore,2022-04-08
2558,Aditya Patel,Male,41.64736842105263,INDORE,2019-02-01
2291,Rohan Agarwal,Male,60.0,Kolkata,2021-07-17
2685,Divya Verma,Female,24.0,Bhopal,2022-02-02
4567,Sai Malhotra,Male,31.0,Delhi,2021-09-19
2348,Rahul Pillai,Male,51.0,kolkata,2020-04-25
4643,Kiara Das,Female,65.0,Patna,2021-11-05
710,Meera Verma,Female,23.0,Ranchi,2020-07-23
3815,Diya Chopra,Female,40.0,Ahmedabad,2023-10-07
2159,Dhruv Kumar,Male,48.0,Hyderabad,2024-01-27
3807,Sakshi Malhotra,Female,58.0,Kolkata,2021-11-02
2806,Aditya Mehta,Male,19.0, Coimbatore ,2023-06-06
814,Isha Kumar,Female,63.0,Indore,2021-01-27
131,Suresh Reddy,Male,55.0,Coimbatore,2021-01-06
3717,Reyansh Patel,Male,33.0,Jaipur,2019-12-24
2948,Dhruv Das,Male,48.0,Kochi,2022-03-19
2669,Kavya Kumar,Female,21.0,Nagpur,2021-06-22
3555,Sai Singh,Male,65.0,CHENNAI,2024-02-23
491,Nikhil Iyer,Male,52.0,Raipur,2021-10-21
4830,Rahul Rao,Male,50.0,LUCKNOW,2020-02-13
90,Amit Agarwal,Male,59.0,Surat,2021-11-20
1527,Nikhil Iyer,Male,25.0,Pune,2019-05-02
1636,Aryan Kapoor,Male,42.0,Kochi,2019-09-15
73,Pooja Iyer,Female,21.0,Coimbatore,2020-12-18
352,Aditya Singh,Male,54.0,Ranchi,2020-09-02
187,Myra Bose,Female,22.0,Ahmedabad,2023-04-19
3335,Sneha Chopra,Female,41.64736842105263,Indore,2023-04-24
4314,Aarav Verma,Male,64.0,Kochi,2022-04-11
1711,Aadhya Gupta,Female,32.0,Raipur,2024-08-24
2108,Amit Reddy,Male,56.0,CHENNAI,2022-10-13
400,Kabir Das,Male,29.0,Bangalore,2021-02-04
3433,Krishna Chopra,Male,33.0,Ranchi,2019-09-05
3122,Sneha Pillai,Female,61.0,Jaipur,2024-08-07
1996,Ananya Kumar,Female,46.0,Hyderabad,2023-03-17
1050,Kavya Malhotra,Female,61.0,Coimbatore,2022-05-31
2662,Aarav Patel,Male,48.0,Ahmedabad,2019-01-05
1101,Diya Patel,Female,65.0,Coimbatore,2019-10-14
3887,Diya Agarwal,Female,61.0,Chennai,2021-03-16
3288,Suresh Mehta,Male,25.0,Bangalore,2022-08-14
4379,Amit Kumar,Male,60.0,Bhopal,2023-09-30
2234,Nikhil Kapoor,Male,36.0,Ahmedabad,2023-03-21
4698,Isha Rao,Female,65.0,Bhopal,2021-08-30
422,Kabir Mehta,Male,56.0,Bangalore,2022-02-27
4359,Vivaan Chopra,Male,65.0, Chandigarh ,2024-01-06
1402,Neha Gupta,Female,63.0,Coimbatore,2021-12-17
3526,Rajesh Agarwal,Male,59.0, Nagpur ,2021-11-27
964,Aryan Patel,Male,54.0, Hyderabad ,2019-02-27
2046,Rahul Kumar,Male,61.0,Ranchi,2022-09-03
1164,Krishna Nair,Male,30.0,PATNA,2021-08-18
4013,Divya Malhotra,Female,62.0,Kochi,2022-02-06
2391,Vivaan Bose,Male,27.0,Chennai,2021-09-17
3817,Riya Sharma,Female,41.64736842105263,INDORE,2022-01-19
3876,Vivaan Reddy,Male,56.0,Patna,2022-05-13
488,Riya Nair,Female,56.0,PUNE,2024-02-06
3313,Kavya Sharma,Female,65.0,Kolkata,2019-01-09
1250,Priya Malhotra,Female,49.0,LUCKNOW,2019-10-19
436,Priya Kumar,Female,41.64736842105263,Surat,2024-05-19
1834,Isha Gupta,Female,64.0,Ahmedabad,2022-06-14
256,Vivaan Nair,Male,56.0,Ahmedabad,2019-03-23
4755,Sakshi Patel,Female,41.64736842105263,INDORE,2023-08-08
830,Ananya Mehta,Female,30.0,Bangalore,2019-04-01
789,Ananya Agarwal,Female,33.0,Pune,2020-04-26
3217,Pooja Nair,Female,54.0,Jaipur,2023-08-07
1680,Shreya Reddy,Female,25.0,Nagpur,2020-08-04
3900,Ishaan Sharma,Male,27.0,Nagpur,2020-07-08
4635,Manish Gupta,Male,61.0,Chennai,2021-03-14
4689,Saanvi Singh,Female,62.0,Ranchi,2023-02-24
457,Nikhil Verma,Male,54.0,Ranchi,2019-08-18
4187,Vivaan Bose,Male,37.0,Ranchi,2020-03-31
1434,Ishaan Malhotra,Male,44.0,Coimbatore,2024-07-29
3203,Dhruv Chopra,Male,45.0,Delhi,2021-11-18
1013,Aarav Patel,Male,41.64736842105263,Chandigarh,2024-02-28
4492,Ira Sharma,Female,40.0,Chennai,2024-01-23
2864,Divya Sharma,Female,22.0,Coimbatore,2023-06-23
3204,Diya Sharma,Female,44.0,Ahmedabad,2022-12-16
1129,Dhruv Joshi,Male,62.0,Bangalore,2020-06-06
2998,Divya Kumar,Female,18.0,Raipur,2020-08-02
1106,Aarav Menon,Male,48.0,Mumbai,2019-02-09
3224,Kabir Rao,Male,41.0,Surat,2024-04-19
399,Anjali Agarwal,Female,65.0,Ranchi,2021-03-15
4669,Aditya Agarwal,Male,42.0,Indore,2019-05-13
798,Vihaan Nair,Male,65.0, Bhopal ,2021-03-30
2904,Anjali Iyer,Female,38.0,Delhi,2020-03-29
4274,Arjun Sharma,Male,54.0,Kolkata,2019-12-21
3212,Sai Menon,Male,36.0,Kochi,2022-10-05
3590,Manish Kapoor,Male,41.64736842105263,Ranchi,2024-04-09
4266,Rahul Pillai,Male,57.0,Chennai,2021-07-18
3270,Rahul Verma,Male,49.0,Lucknow,2019-05-28
2228,Nikhil Bose,Male,47.0,Ranchi,2021-12-25
1362,Arjun Chopra,Male,65.0,Bhopal,2019-01-24
1459,Aryan Mehta,Male,43.0,Ranchi,2021-03-09
3512,Kavya Patel,Female,27.0,mumbai,2020-11-19
1335,Nikhil Chopra,Male,62.0,Raipur,2022-03-01
2044,Ishaan Chopra,Male,22.0,Ahmedabad,2022-02-05
66,Anika Nair,Female,47.0,Nagpur,2020-09-27
178,Karan Reddy,Male,49.0,Jaipur,2022-08-15
3722,Aditya Bose,Male,36.0,Delhi,2019-03-18
3120,Vivaan Nair,Male,22.0,Bangalore,2023-02-07
2127,Kavya Sharma,Female,44.0,Bhopal,2023-03-25
27,Shreya Mehta,Female,32.0,Lucknow,2022-03-29
3895,Diya Malhotra,Female,33.0,Delhi,2023-06-11
526,Krishna Patel,Male,43.0,hyderabad,2020-01-27
3855,Krishna Mehta,Male,64.0,Kolkata,2022-04-18
1254,Ishaan Bose,Male,41.64736842105263, Nagpur ,2019-04-26
3491,Myra Patel,Female,41.0,Chennai,2020-01-16
1146,Ishaan Das,Male,57.0,Pune ,2021-09-06
3840,Ananya Joshi,Female,57.0,Chennai,2019-08-16
322,Anika Agarwal,Female,41.64736842105263,Chandigarh,2023-01-08
1893,Ira Nair,Female,41.64736842105263,Mumbai,2022-08-22
3024,Pooja Agarwal,Female,50.0, Pune ,2022-05-28
665,Saanvi Menon,Female,32.0,Lucknow,2021-03-03
2116,Pooja Bose,Female,41.64736842105263,Delhi,2019-06-20
2384,Pooja Patel,Female,41.64736842105263,Bangalore,2021-08-07
3145,Kiara Reddy,Female,47.0,Mumbai,2020-04-01
4253,Aarav Mehta,Male,23.0,Bhopal,2024-03-15
3985,Rohan Bose,Male,45.0,Jaipur,2019-01-24
1222,Kiara Das,Female,32.0,bangalore,2022-02-14
1743,Arjun Iyer,Male,64.0,Hyderabad,2022-12-19
333,Amit Gupta,Male,26.0,Ranchi,2023-11-12
3278,Kabir Mehta,Male,37.0,Patna,2019-03-17
3026,Manish Verma,Male,39.0,Surat,2019-08-06
1919,Saanvi Nair,Female,47.0,Bangalore,2019-01-29
3493,Aadhya Kumar,Female,64.0,Mumbai,2022-01-17
599,Riya Gupta,Female,43.0,Kochi,2023-11-15
2162,Rahul Sharma,Male,62.0,Pune,2023-04-30
3734,Pooja Gupta,Female,45.0,Lucknow,2020-07-16
4649,Vivaan Verma,Male,54.0,Jaipur,2019-05-18
387,Sakshi Kapoor,Female,37.0,Coimbatore,2022-07-09
3481,Isha Bose,Female,56.0,Surat,2019-05-03
1609,Anjali Kumar,Female,61.0,Pune,2021-10-21
1460,Sneha Chopra,Female,26.0,hyderabad,2022-09-19
2707,Aditya Mehta,Male,40.0,Patna,2024-09-09
3623,Amit Verma,Male,31.0,Hyderabad,2024-06-16
2737,Karan Bose,Male,64.0,Kochi,2020-02-03
4408,Kavya Das,Female,50.0,Kochi,2019-02-15
229,Neha Joshi,Female,46.0,Jaipur,2021-08-14
1029,Sneha Rao,Female,61.0,Nagpur,2024-04-18
4907,Shreya Malhotra,Female,19.0,Kolkata,2019-06-22
499,Ishaan Nair,Male,34.0, Pune ,2021-07-27
1885,Rajesh Singh,Male,42.0,Kochi,2019-11-19
3930,Ishaan Bose,Male,48.0,bangalore,2021-12-22
903,Sakshi Menon,Female,24.0,Bangalore,2024-07-09
4051,Diya Singh,Female,27.0,Ahmedabad,2022-08-14
702,Dhruv Singh,Male,38.0,Coimbatore,2019-10-18
3382,Myra Joshi,Male,24.0,Indore,2020-04-18
4257,Ishaan Pillai,Male,28.0,Kochi,2019-07-04
1722,Riya Agarwal,Female,63.0,Chandigarh,2020-02-18
3508,Dhruv Menon,Male,64.0,Chennai,2021-03-19
4871,Neha Pillai,Female,63.0,Patna,2021-08-13
3138,Divya Chopra,Female,28.0,Chennai,2020-05-07
2157,Ishaan Reddy,Male,63.0,Pune,2021-03-08
1238,Suresh Agarwal,Male,31.0,Ahmedabad,2024-09-09
3660,Riya Verma,Female,28.0,Nagpur,2022-08-24
1239,Karan Das,Male,37.0,kolkata,2021-03-20
4525,Sneha Gupta,Female,37.0,Lucknow,2023-05-21
4713,Rajesh Chopra,Male,23.0,Lucknow,2022-10-02
950,Dhruv Iyer,Male,37.0,NAN,2021-08-22
1718,Manish Nair,Male,44.0,Raipur,2020-07-19
3265,Sneha Agarwal,Female,36.0,Jaipur,2024-09-08
4654,Isha Sharma,Female,54.0,Bangalore,2019-10-15
5000,Suresh Verma,Male,24.0,Ranchi,2019-11-19
2834,Sai Gupta,Male,21.0,Lucknow,2023-01-19
4385,Kiara Kumar,Female,49.0,Hyderabad,2023-06-30
4370,Aditya Joshi,Male,41.64736842105263,Hyderabad,2019-06-29
139,Anika Kapoor,Female,65.0,Kochi,2021-06-24
4111,Shreya Sharma,Female,27.0, Bhopal ,2021-03-21
252,Ishaan Pillai,Male,42.0,Nagpur ,2020-12-12
2020,Vihaan Malhotra,Male,36.0,Ranchi,2020-03-07
4186,Kavya Reddy,Female,56.0,Bangalore,2021-09-05
1091,Neha Iyer,Female,42.0,Hyderabad,2019-08-01
4756,Suresh Kapoor,Male,34.0,Bhopal,2019-07-21
3136,Rahul Pillai,Male,44.0,Ahmedabad,2024-02-19
4568,Amit Menon,Male,43.0,Kochi,2022-10-15
2066,Sakshi Agarwal,Female,65.0,Ahmedabad,2022-07-20
581,Saanvi Agarwal,Female,56.0,Patna ,2022-12-14
913,Aryan Chopra,Male,65.0,Raipur,2019-04-21
1811,Sneha Malhotra,Female,63.0,Chandigarh,2022-12-25
368,Aditya Bose,Male,38.0,Ahmedabad,2022-09-17
2634,Priya Verma,Female,45.0,Kochi,2021-01-21
2041,Rohan Agarwal,Male,60.0,Lucknow,2021-05-05
1579,Aditya Agarwal,Male,24.0,Jaipur,2021-07-16
3643,Rahul Reddy,Male,29.0,Delhi,2020-12-22
3924,Sai Das,Male,55.0,Delhi,2022-07-31
3542,Kabir Malhotra,Male,25.0,Delhi,2019-09-07
4875,Shreya Verma,Female,55.0,Lucknow,2023-12-03
912,Neha Verma,Female,19.0,Raipur,2019-07-04
2606,Sai Verma,Male,36.0,Delhi,2022-04-08
3835,Myra Menon,Female,64.0,Bangalore,2022-06-03
3975,Dhruv Gupta,Male,64.0,Pune,2021-11-12
111,Sakshi Menon,Female,56.0,Indore,2022-08-29
2472,Ira Nair,Female,42.0,Coimbatore,2022-09-07
3561,Ananya Verma,Female,44.0,Hyderabad,2024-09-21
4288,Shreya Reddy,Female,61.0,Chandigarh,2023-08-18
2683,Manish Mehta,Male,37.0,Jaipur,2019-07-21
2755,Anjali Menon,Female,63.0,Chandigarh,2020-08-13
1090,Kabir Malhotra,Male,24.0,Surat,2020-08-06
930,Rahul Iyer,Male,58.0,Coimbatore,2023-11-12
1339,Arjun Malhotra,Male,54.0,Jaipur,2019-08-05
3978,Anjali Malhotra,Female,30.0,Nan ,2021-09-15
3478,Vivaan Verma,Male,56.0,Surat,2021-08-26
1915,Reyansh Das,Male,41.0,Ahmedabad ,2020-12-18
937,Rohan Kumar,Male,19.0,Jaipur,2022-02-11
3459,Ishaan Reddy,Male,43.0,Lucknow,2024-04-29
3652,Dhruv Iyer,Male,49.0,Ranchi,2019-09-06
2810,Krishna Pillai,Male,56.0,Nagpur,2020-06-09
3081,Meera Patel,Female,63.0,Hyderabad,2023-04-13
3650,Suresh Patel,Male,29.0,mumbai,2021-01-08
1251,Diya Singh,Female,42.0,Raipur,2020-10-27
4665,Ishaan Sharma,Male,64.0,Kolkata,2021-01-31
3831,Vivaan Kapoor,Male,34.0,Ranchi,2021-10-08
2974,Kavya Malhotra,Male,45.0,Jaipur,2020-01-12
3042,Kiara Kumar,Female,47.0,Ranchi,2019-07-22
2364,Ira Singh,Female,33.0,Ranchi,2021-06-24
3664,Kabir Pillai,Male,45.0,Delhi,2020-05-28
4202,Ananya Bose,Female,19.0,Delhi,2019-12-06
2645,Nikhil Mehta,Male,27.0,Coimbatore,2023-02-08
2165,Neha Menon,Female,57.0,Kochi,2019-05-25
2848,Sai Nair,Male,60.0,Bangalore,2022-07-21
3384,Vivaan Joshi,Male,21.0,Kochi,2019-07-13
706,Anjali Joshi,Female,52.0,Ahmedabad,2020-12-09
1198,Isha Chopra,Female,62.0,Lucknow,2023-05-21
1960,Neha Kapoor,Female,48.0,Hyderabad,2022-05-14
2838,Kavya Menon,Female,34.0,Chandigarh,2019-05-02
1793,Manish Rao,Male,43.0,Mumbai,2022-04-30
1795,Anjali Patel,Female,27.0,Lucknow,2021-04-17
435,Aarav Joshi,Male,33.0,Ahmedabad ,2023-11-22
4058,Aditya Rao,Male,31.0,Chennai,2022-07-31
2785,Sneha Verma,Female,53.0,PUNE,2020-12-10
1775,Rajesh Mehta,Male,38.0,Bhopal,2024-09-29
1732,Suresh Kapoor,Male,51.0,Ranchi,2024-09-12
384,Vihaan Malhotra,Male,60.0,Ranchi,2022-08-11
2797,Arjun Singh,Male,31.0,Kolkata ,2020-04-28
2891,Kavya Sharma,Female,39.0,Kolkata,2021-10-15
1947,Ishaan Nair,Male,55.0,raipur,2024-05-08
3362,Nikhil Bose,Male,28.0,Bhopal,2019-05-24
433,Sai Bose,Male,46.0, Surat ,2022-06-06
740,Rajesh Kumar,Male,41.64736842105263,Bhopal,2023-04-19
4580,Myra Sharma,Female,28.0,Jaipur,2021-09-29
82,Kiara Joshi,Female,37.0,Mumbai,2021-05-17
3744,Saanvi Nair,Female,35.0,Nagpur,2023-10-21
1841,Pooja Reddy,Female,39.0,Kochi,2022-01-06
3618,Ishaan Malhotra,Male,19.0,Chennai,2022-04-25
1930,Aryan Pillai,Male,41.0,Lucknow,2022-06-10
4214,Ishaan Chopra,Male,60.0,MUMBAI,2022-07-11
2942,Amit Patel,Male,19.0,Pune,2023-04-04
3591,Arjun Reddy,Male,61.0,Ranchi,2023-04-23
1726,Neha Pillai,Female,56.0,Ranchi,2020-03-17
4260,Suresh Nair,Male,59.0,Ahmedabad,2021-05-16
4,Amit Kapoor,Male,47.0,Chandigarh,2022-06-17
1767,Manish Malhotra,Male,63.0,Ahmedabad ,2022-04-03
4576,Reyansh Patel,Male,65.0,Jaipur ,2020-01-21
4648,Meera Reddy,Female,41.64736842105263,pune,2019-09-01
3133,Saanvi Malhotra,Female,25.0,Lucknow,2019-08-04
8,Vihaan Rao,Male,26.0,Jaipur,2023-02-07
2124,Ishaan Joshi,Male,29.0,Indore,2021-07-24
2346,Sakshi Rao,Female,60.0, Pune ,2020-07-24
2024,Diya Reddy,Female,29.0,Mumbai,2020-08-08
404,Sai Menon,Male,21.0,Ranchi,2022-05-18
4782,Aarav Pillai,Male,35.0,Ranchi,2019-08-09
51,Kabir Chopra,Male,57.0,Ahmedabad,2021-06-16
4460,Nikhil Reddy,Male,53.0,Nagpur,2022-11-28
2205,Sakshi Gupta,Female,54.0,JAIPUR,2022-07-30
1829,Rahul Verma,Male,35.0,Ranchi,2021-03-24
3240,Suresh Iyer,Male,42.0, Raipur ,2019-07-25
2443,Nikhil Singh,Male,49.0,Ranchi,2021-07-05
4561,Sai Joshi,Male,24.0,patna,2022-01-20
559,Diya Verma,Female,40.0,Chennai,2020-03-15
727,Suresh Bose,Male,63.0,Nagpur,2020-04-08
3947,Pooja Nair,Female,31.0,Chennai,2021-01-24
3072,Priya Kapoor,Female,29.0,Bangalore,2021-11-13
1152,Krishna Sharma,Male,29.0,Jaipur,2020-02-19
10,Shreya Mehta,Female,41.64736842105263,Ranchi,2024-08-27
1991,Kiara Pillai,Female,40.0,Raipur,2020-09-17
1708,Aryan Verma,Male,36.0,Chennai,2019-04-15
546,Aditya Kumar,Male,18.0,Chandigarh,2021-06-08
4010,Shreya Rao,Male,47.0, Nagpur ,2023-02-05
3273,Reyansh Patel,Male,27.0,Chandigarh,2023-05-08
1615,Aadhya Kumar,Female,57.0,Lucknow,2021-09-20
1072,Priya Mehta,Female,36.0,Chandigarh,2019-04-25
4718,Sneha Menon,Female,39.0,Delhi,2019-04-06
4292,Isha Nair,Female,41.0, Bangalore ,2020-08-14
717,Karan Pillai,Male,43.0,Surat,2023-04-17
1897,Rahul Bose,Male,31.0,Ranchi,2020-11-27
4677,Aditya Reddy,Male,41.0,Bangalore,2024-09-01
3052,Karan Bose,Male,54.0,Raipur,2019-02-23
1397,Nikhil Das,Male,50.0,Kochi,2021-11-26
1232,Ishaan Menon,Male,46.0,SURAT,2020-07-03
3951,Ananya Reddy,Female,53.0,Nagpur,2019-08-03
3385,Pooja Menon,Female,41.64736842105263,Jaipur,2024-01-10
2025,Ishaan Patel,Male,43.0, Surat ,2019-02-17
1759,Aarav Mehta,Male,35.0,Kochi,2021-05-31
319,Nikhil Nair,Male,21.0,Ranchi,2023-07-14
4068,Anjali Chopra,Female,52.0,Lucknow,2019-12-04
4131,Anika Rao,Female,47.0,Chandigarh,2021-09-20
1673,Diya Joshi,Female,40.0,ranchi,2021-09-27
3574,Pooja Reddy,Female,60.0,Jaipur,2019-12-03
3678,Neha Verma,Female,32.0,Indore,2024-08-27
2751,Aditya Nair,Male,26.0,HYDERABAD,2022-08-28
4455,Sakshi Joshi,Female,30.0,Bangalore,2020-02-16
1588,Anika Kapoor,Female,50.0,Kolkata,2020-08-23
428,Divya Kumar,Female,28.0,Kolkata,2021-06-23
2052,Anika Bose,Female,62.0,Bhopal,2023-09-24
2276,Aditya Malhotra,Male,61.0,Indore,2019-05-03
2359,Vihaan Joshi,Male,57.0,Jaipur ,2022-03-10
481,Rajesh Verma,Male,64.0,Indore,2023-06-30
2269,Isha Malhotra,Female,64.0,Raipur,2020-10-15
547,Kavya Mehta,Female,49.0,Nagpur,2024-03-14
1299,Aarav Agarwal,Male,41.64736842105263,Surat,2023-09-27
263,Pooja Mehta,Female,26.0,Kolkata,2019-01-08
4626,Dhruv Reddy,Male,38.0,Kochi,2022-12-07
3354,Sai Bose,Male,37.0,Coimbatore,2021-08-28
4614,Kavya Joshi,Female,18.0,Surat,2019-11-10
4560,Amit Iyer,Male,64.0,PUNE,2020-09-23
667,Kavya Verma,Female,39.0,Nagpur,2021-05-19
2638,Kiara Joshi,Male,37.0,Ahmedabad,2024-05-07
172,Karan Verma,Male,35.0,Chennai,2020-06-27
1177,Dhruv Nair,Male,32.0,Pune,2024-04-27
3418,Shreya Gupta,Female,35.0,Surat,2019-02-16
1078,Isha Das,Female,27.0,Surat,2020-01-01
3790,Shreya Singh,Female,44.0,Chandigarh,2024-08-18
1907,Sai Kapoor,Male,52.0,Coimbatore,2023-05-26
2890,Krishna Rao,Male,24.0,Ahmedabad,2021-05-23
687,Krishna Mehta,Male,35.0,Coimbatore,2022-07-31
4683,Reyansh Agarwal,Male,41.64736842105263,SURAT,2023-01-18
1901,Rajesh Pillai,Male,28.0,Ranchi,2022-12-11
2246,Priya Joshi,Female,23.0,Bhopal,2022-11-08
694,Diya Gupta,Female,45.0, Indore ,2021-01-03
3515,Vivaan Sharma,Male,41.64736842105263,Coimbatore,2023-03-24
4490,Vihaan Pillai,Male,53.0,Ahmedabad,2023-06-15
3195,Kiara Sharma,Female,50.0,RAIPUR,2022-10-03
3714,Reyansh Chopra,Male,18.0,Hyderabad,2021-01-21
4159,Krishna Malhotra,Male,54.0,Jaipur,2024-09-02
4781,Ira Joshi,Female,44.0,Raipur,2020-12-16
4277,Meera Agarwal,Female,61.0,Patna,2019-04-09
3161,Diya Kapoor,Female,29.0,Indore,2024-08-01
2723,Sneha Patel,Female,34.0,Bangalore,2022-09-04
3604,Saanvi Mehta,Female,31.0,Hyderabad,2021-06-28
4000,Neha Kumar,Female,41.64736842105263,Jaipur,2020-03-24
1828,Nikhil Kumar,Male,64.0,Jaipur ,2019-12-10
782,Myra Rao,Female,28.0,Nagpur,2020-11-06
1728,Pooja Bose,Female,62.0,Chennai,2021-01-21
2668,Kavya Patel,Female,58.0,Kochi,2021-03-13
4237,Aryan Nair,Male,58.0,Mumbai ,2024-09-28
3931,Aarav Singh,Male,54.0,Kolkata,2020-11-02
542,Arjun Mehta,Male,25.0,Patna,2024-01-29
712,Sakshi Pillai,Female,41.64736842105263,Pune,2021-04-22
3275,Aarav Chopra,Male,36.0,Chennai,2020-08-14
2626,Kavya Gupta,Female,23.0,jaipur,2019-05-30
2938,Isha Joshi,Female,65.0,Chennai,2021-03-17
631,Saanvi Malhotra,Female,49.0,Chandigarh ,2020-07-17
255,Shreya Mehta,Female,29.0,Chandigarh,2019-06-05
1132,Sneha Singh,Female,57.0,bhopal,2021-08-12
79,Rahul Chopra,Male,23.0,Coimbatore,2021-02-19
2666,Aditya Malhotra,Male,51.0,Delhi,2022-02-17
883,Priya Patel,Female,41.64736842105263,Ranchi,2021-09-17
2491,Amit Bose,Male,53.0,Coimbatore,2022-10-27
2851,Sakshi Kapoor,Female,49.0,Ahmedabad,2019-09-24
3882,Shreya Verma,Female,39.0,Kolkata,2023-06-24
1241,Anjali Das,Female,58.0,Pune,2022-01-18
3841,Ishaan Joshi,Male,32.0,MUMBAI,2024-06-07
2801,Rahul Kumar,Male,64.0,Surat,2023-11-28
1172,Rohan Nair,Male,24.0,Hyderabad,2019-10-20
4802,Diya Singh,Female,47.0,Mumbai,2021-02-21
16,Saanvi Malhotra,Female,57.0,Lucknow,2022-10-09
3939,Ishaan Patel,Male,19.0,Raipur,2020-01-20
2430,Sai Verma,Male,45.0,Indore,2023-11-06
589,Priya Pillai,Female,33.0,Ahmedabad,2021-11-15
791,Kiara Iyer,Female,21.0,Pune,2020-04-06
3553,Meera Kumar,Female,34.0,Ahmedabad,2022-12-03
1145,Rahul Verma,Male,49.0,Ranchi,2019-01-16
1330,Rajesh Nair,Male,22.0, Jaipur ,2020-05-25
2808,Rajesh Mehta,Male,42.0,Chennai,2019-03-12
3779,Amit Singh,Male,53.0,Chennai,2023-09-11
3355,Riya Singh,Female,53.0,Nagpur,2023-08-31
76,Manish Bose,Male,33.0,Ahmedabad,2022-05-16
2218,Ishaan Kapoor,Male,49.0,Pune,2023-09-02
2442,Myra Gupta,Female,47.0,Ranchi,2021-11-30
3792,Sai Kapoor,Male,55.0,Delhi,2020-02-26
3359,Aryan Malhotra,Male,36.0,Hyderabad,2021-12-05
2584,Priya Joshi,Female,23.0,Nagpur,2022-01-31
555,Ishaan Rao,Male,38.0,Mumbai,2020-11-16
703,Shreya Das,Female,43.0,Raipur,2023-08-21
1467,Suresh Bose,Male,24.0,Mumbai,2020-08-07
4928,Neha Das,Female,56.0,Chennai,2021-07-27
1736,Riya Bose,Female,46.0,Ahmedabad,2020-11-24
1102,Aadhya Malhotra,Female,62.0,Hyderabad,2020-07-26
2819,Arjun Mehta,Male,51.0,Hyderabad,2022-11-03
4788,Reyansh Chopra,Male,41.0,Patna,2024-08-11
3194,Vihaan Menon,Male,23.0,Indore,2022-09-08
2084,Aryan Agarwal,Male,32.0,Patna,2022-01-07
946,Meera Nair,Female,35.0,Chennai,2023-01-26
2709,Manish Malhotra,Male,46.0,Indore,2024-05-10
2099,Aryan Gupta,Male,39.0,Ranchi,2020-01-21
843,Neha Singh,Female,64.0,Ranchi,2019-06-14
2038,Manish Menon,Male,45.0,Pune,2022-02-14
2539,Dhruv Bose,Male,57.0,Pune,2021-09-30
2476,Karan Reddy,Male,64.0,Kolkata,2023-01-20
1920,Karan Kapoor,Male,48.0,Indore,2019-10-16
3738,Kiara Iyer,Female,56.0,lucknow,2021-01-07
3709,Sai Rao,Male,63.0,Chandigarh,2020-07-06
969,Riya Nair,Female,57.0,PATNA,2021-10-14
2589,Kiara Nair,Female,44.0,Ranchi,2024-02-28
2843,Vivaan Iyer,Male,43.0,Bhopal,2023-10-10
1282,Rahul Singh,Male,48.0,Coimbatore,2021-09-13
226,Priya Das,Female,65.0,Bangalore,2020-01-27
4027,Aadhya Das,Female,44.0,Chandigarh,2022-07-09
756,Aditya Iyer,Male,21.0,Indore,2023-05-11
1857,Arjun Agarwal,Male,41.0,MUMBAI,2024-05-09
4513,Anika Iyer,Female,53.0, Nagpur ,2019-04-23
3783,Suresh Agarwal,Male,61.0,Ahmedabad,2019-12-23
2471,Sakshi Verma,Female,49.0,Raipur,2021-05-24
3935,Diya Patel,Female,53.0,chennai,2022-08-12
846,Suresh Kapoor,Male,32.0,Jaipur ,2021-03-12
573,Diya Chopra,Female,32.0,RANCHI,2019-10-18
3631,Aadhya Reddy,Female,39.0,Pune,2023-07-01
155,Sai Singh,Male,33.0,Lucknow,2020-04-24
477,Vihaan Nair,Male,46.0,Kolkata,2020-02-15
1691,Rohan Iyer,Male,23.0,Ahmedabad,2022-04-26
279,Kabir Menon,Male,48.0,Pune,2020-02-02
2939,Vihaan Kumar,Male,30.0,Chennai,2024-01-07
1088,Rohan Gupta,Male,27.0,Lucknow,2023-07-27
2243,Neha Pillai,Female,54.0,Delhi,2024-09-26
383,Divya Patel,Female,62.0,Raipur,2020-12-12
1100,Sneha Chopra,Female,58.0,pune,2024-09-21
2460,Ananya Singh,Male,48.0,Kochi,2021-04-06
2398,Aditya Menon,Male,41.0,Lucknow,2020-04-18
2335,Sakshi Nair,Female,65.0,Chennai,2024-05-17
919,Ananya Bose,Female,55.0,Mumbai,2022-07-20
4055,Ishaan Mehta,Male,58.0,Jaipur,2023-01-02
2832,Rahul Gupta,Male,30.0,Kochi,2019-06-23
2488,Vivaan Das,Male,30.0,Mumbai,2022-12-26
298,Dhruv Joshi,Male,62.0,Ahmedabad,2019-07-21
3045,Ananya Reddy,Female,62.0,Raipur,2020-04-30
528,Vihaan Iyer,Male,57.0,Chennai,2019-12-12
4511,Aarav Chopra,Male,26.0,Bangalore,2021-11-18
443,Divya Sharma,Female,60.0,Ahmedabad,2020-11-10
1139,Anjali Agarwal,Female,27.0,CHENNAI,2024-04-07
2536,Anjali Joshi,Female,18.0,Chandigarh,2021-03-03
963,Sakshi Rao,Female,56.0,Jaipur,2020-09-03
2935,Divya Patel,Female,37.0,Chennai,2020-05-20
2498,Nikhil Menon,Male,56.0,Hyderabad,2023-01-24
2635,Anjali Singh,Female,49.0,chandigarh,2023-10-05
1837,Krishna Iyer,Male,41.64736842105263,Kolkata,2022-04-23
2227,Divya Singh,Female,42.0,Chennai,2022-08-10
2009,Saanvi Rao,Female,29.0,Kolkata,2020-09-12
4876,Vihaan Agarwal,Male,23.0,Nagpur,2023-05-05
48,Pooja Pillai,Female,64.0,Raipur,2019-02-16
2911,Dhruv Bose,Male,18.0, Delhi ,2019-04-12
398,Rohan Reddy,Male,57.0,Patna,2021-07-12
1508,Karan Verma,Male,18.0,Mumbai,2020-09-20
2417,Arjun Reddy,Male,44.0,Ranchi,2021-03-04
2321,Aditya Iyer,Male,60.0,nagpur,2024-04-28
4247,Diya Nair,Female,31.0,Ahmedabad,2020-08-14
3824,Rajesh Kapoor,Male,42.0,Kolkata,2020-11-10
890,Pooja Agarwal,Female,64.0,Delhi ,2019-12-03
987,Anjali Pillai,Female,31.0,Raipur,2019-01-17
4701,Myra Verma,Female,44.0,Lucknow,2019-12-03
4706,Priya Malhotra,Female,28.0,Indore,2023-04-12
3431,Dhruv Malhotra,Male,26.0,Patna,2019-11-20
4800,Manish Chopra,Male,63.0,Surat,2022-10-24
238,Ishaan Kumar,Male,41.64736842105263,Indore,2023-03-05
1105,Kiara Das,Female,41.64736842105263,Surat,2019-03-07
857,Reyansh Malhotra,Male,36.0,Coimbatore,2024-07-02
803,Rohan Kumar,Male,25.0,Patna,2024-02-22
4430,Anjali Das,Female,41.0,Ahmedabad,2024-04-07
4933,Vivaan Singh,Male,53.0,Chennai,2022-12-16
2850,Suresh Mehta,Male,59.0,Ranchi,2024-07-28
1738,Vihaan Reddy,Male,53.0,Kochi,2020-11-22
3415,Saanvi Kapoor,Female,41.64736842105263,Kochi,2020-03-05
4598,Nikhil Malhotra,Male,45.0,Ranchi,2021-11-08
4512,Vivaan Bose,Male,18.0,Patna,2020-04-12
3207,Aadhya Singh,Female,58.0,Raipur,2023-01-06
35,Karan Joshi,Male,63.0,Chandigarh,2020-02-16
3952,Dhruv Verma,Male,39.0,Ranchi,2022-07-06
2727,Ishaan Kapoor,Male,24.0,Coimbatore,2023-05-22
565,Nikhil Kumar,Male,46.0,Lucknow,2021-12-14
4251,Saanvi Menon,Female,56.0,Bangalore,2023-12-18
75,Kavya Rao,Female,27.0,Lucknow,2023-03-22
856,Manish Das,Male,63.0,Raipur,2020-07-14
310,Dhruv Verma,Male,28.0,RAIPUR,2021-05-27
2329,Krishna Bose,Male,48.0,Chandigarh,2021-05-27
283,Priya Patel,Female,46.0,Delhi,2021-12-14
2509,Karan Sharma,Male,61.0,Kochi,2022-01-24
4435,Aadhya Iyer,Female,42.0,Bhopal,2023-09-12
548,Sai Gupta,Male,27.0,Delhi,2021-12-27
2728,Priya Sharma,Female,59.0, Chandigarh ,2021-12-12
3802,Karan Pillai,Male,61.0,Hyderabad,2023-04-26
1159,Rohan Kumar,Male,50.0,Raipur,2024-06-25
1681,Ishaan Das,Male,59.0,Patna,2020-04-12
721,Aditya Sharma,Male,27.0,Chandigarh,2023-11-24
292,Shreya Malhotra,Female,41.64736842105263,Surat,2022-02-05
541,Shreya Iyer,Female,44.0,Pune,2019-10-08
2594,Nikhil Reddy,Male,42.0,Pune,2019-09-20
1037,Nikhil Menon,Male,41.64736842105263,Hyderabad,2019-07-26
1048,Sai Joshi,Male,41.64736842105263,Kolkata,2023-11-13
2352,Ira Malhotra,Male,53.0,Indore,2019-01-14
61,Manish Verma,Male,22.0,Chandigarh ,2019-05-10
1190,Rahul Verma,Male,41.0,Kochi,2019-02-15
3205,Anika Bose,Female,30.0,Delhi,2023-05-01
4994,Myra Gupta,Female,60.0,Coimbatore,2023-02-02
2238,Neha Singh,Female,35.0,Patna,2022-02-04
536,Pooja Bose,Female,52.0,Mumbai,2024-07-07
4107,Shreya Rao,Female,28.0,Hyderabad,2019-03-02
4617,Sakshi Rao,Female,54.0,Ranchi,2022-09-04
4100,Anjali Joshi,Female,31.0,Bangalore,2020-07-02
3073,Isha Sharma,Female,62.0,Ranchi,2020-05-31
582,Shreya Joshi,Female,41.0,Bhopal,2023-10-30
2734,Aditya Chopra,Male,31.0,indore,2022-06-13
196,Dhruv Mehta,Male,59.0,Delhi,2021-09-07
1264,Amit Patel,Male,50.0,Hyderabad,2024-01-20
173,Arjun Joshi,Male,33.0,Indore,2024-06-27
3006,Aadhya Verma,Female,40.0,Coimbatore,2019-08-30
3778,Suresh Pillai,Male,29.0,Kochi,2019-11-25
925,Suresh Singh,Male,41.64736842105263,Surat,2022-01-24
1014,Sakshi Bose,Female,41.64736842105263,Ranchi,2023-01-17
3789,Anika Verma,Female,62.0,Chennai ,2019-11-05
1174,Riya Mehta,Female,65.0, Jaipur ,2021-02-19
1563,Krishna Gupta,Male,22.0,Chandigarh ,2019-09-04
1642,Vihaan Bose,Male,61.0,Chandigarh,2022-08-18
2879,Kabir Verma,Male,56.0,Bhopal,2022-03-05
1431,Suresh Rao,Male,64.0,Jaipur,2020-08-15
2693,Kavya Sharma,Female,39.0,Ahmedabad,2024-01-16
3829,Meera Das,Female,57.0,Ranchi,2023-03-05
3253,Reyansh Iyer,Male,59.0,Nagpur,2021-05-12
3716,Kiara Pillai,Female,34.0,Kolkata,2019-02-22
2616,Aarav Sharma,Male,55.0,Hyderabad,2022-10-02
2395,Sneha Agarwal,Female,52.0,Indore,2024-03-26
1240,Karan Patel,Male,56.0,Ahmedabad,2022-05-26
416,Manish Rao,Male,59.0,Bangalore,2020-09-21
4943,Anika Rao,Female,41.64736842105263,Patna,2024-05-20
983,Riya Patel,Female,63.0, Patna ,2023-11-23
1165,Kiara Mehta,Female,45.0,Indore,2020-10-05
1780,Sneha Chopra,Female,52.0,Hyderabad,2024-01-27
4679,Rohan Rao,Male,38.0,Coimbatore,2019-11-18
2182,Isha Gupta,Female,39.0,Coimbatore,2019-05-09
587,Ananya Iyer,Female,53.0,Kochi,2020-09-25
596,Arjun Verma,Male,61.0,NAN,2023-12-31
1812,Divya Joshi,Female,51.0,Bangalore,2021-05-26
813,Amit Mehta,Male,28.0,Patna,2019-04-10
1950,Vihaan Agarwal,Male,55.0,Pune,2024-06-18
4847,Anjali Verma,Female,54.0,Chandigarh,2019-03-05
1168,Divya Menon,Female,39.0,Bhopal,2024-01-22
1931,Suresh Mehta,Male,48.0,Patna,2022-04-22
221,Rahul Chopra,Male,55.0,Chandigarh,2021-03-11
1066,Riya Pillai,Female,49.0,Bhopal,2023-12-08
1693,Riya Iyer,Female,59.0,Ranchi,2019-02-20
3760,Arjun Das,Male,48.0,Kolkata,2020-03-26
4712,Rohan Reddy,Male,53.0,Patna,2020-05-15
2014,Reyansh Singh,Male,18.0,Nagpur,2021-07-01
3004,Rohan Das,Male,33.0,Bangalore,2020-07-12
775,Ananya Bose,Female,57.0,Delhi,2021-09-21
306,Aryan Reddy,Male,35.0,Nagpur,2024-03-16
440,Anjali Reddy,Female,20.0,Coimbatore,2021-12-03
714,Aadhya Pillai,Female,18.0,Ranchi,2024-09-21
4719,Aadhya Kapoor,Female,64.0,Ranchi,2024-08-30
4911,Anjali Kapoor,Female,48.0,Kolkata,2024-07-28
1025,Rohan Rao,Male,48.0,Hyderabad,2024-07-19
2383,Myra Rao,Female,35.0,Kolkata,2021-07-27
1083,Rohan Reddy,Male,33.0,Raipur,2023-12-25
3170,Reyansh Chopra,Male,43.0,Delhi,2023-03-25
735,Sakshi Sharma,Female,36.0,Ranchi,2019-12-04
1675,Aditya Iyer,Male,52.0,Pune ,2024-07-20
3197,Suresh Gupta,Male,40.0,Mumbai,2022-11-30
1060,Anika Pillai,Female,54.0,coimbatore,2021-08-15
4818,Priya Agarwal,Female,27.0,Indore,2019-04-14
4910,Kavya Reddy,Female,55.0, Raipur ,2020-06-23
2114,Kavya Malhotra,Female,45.0,INDORE,2019-12-04
1611,Kabir Pillai,Male,58.0,Patna,2021-01-21
1644,Vivaan Menon,Male,34.0,Hyderabad,2019-06-03
1220,Ishaan Reddy,Male,24.0,Nagpur,2022-08-17
1605,Aditya Iyer,Male,27.0,Pune,2023-11-05
358,Aryan Joshi,Male,29.0,Hyderabad,2023-06-30
3259,Kavya Iyer,Female,60.0,Coimbatore,2024-03-09
531,Neha Bose,Female,47.0,Coimbatore,2022-01-20
2703,Anika Rao,Female,57.0,Ranchi,2022-03-28
4961,Saanvi Patel,Female,54.0,Coimbatore,2021-09-19
1094,Aadhya Bose,Female,19.0,Bhopal,2021-08-15
1766,Vivaan Kapoor,Male,31.0,Nagpur,2021-03-23
4006,Myra Verma,Female,32.0,bangalore,2022-12-20
986,Aadhya Reddy,Female,36.0,Kolkata,2020-11-20
3843,Myra Pillai,Female,52.0,Delhi,2023-02-24
4591,Sakshi Patel,Female,28.0,Raipur,2022-11-22
2275,Ananya Pillai,Female,48.0,Bangalore,2020-09-19
2609,Arjun Singh,Male,23.0,Hyderabad,2024-02-06
2856,Ishaan Patel,Male,38.0,Bhopal,2021-01-19
4231,Myra Kapoor,Female,56.0,Coimbatore,2023-10-24
3295,Vivaan Iyer,Male,54.0,Coimbatore,2021-07-08
4613,Ira Joshi,Female,43.0,CHANDIGARH,2023-01-08
1289,Aditya Joshi,Male,65.0,Ranchi,2021-02-09
4903,Vihaan Pillai,Male,58.0,Kochi,2019-02-10
138,Neha Rao,Female,24.0,Mumbai,2020-02-08
974,Rohan Kapoor,Male,57.0,Indore,2022-05-24
1649,Vihaan Reddy,Male,20.0, Chennai ,2019-01-22
2535,Divya Sharma,Female,27.0,Mumbai,2022-09-02
616,Krishna Kapoor,Male,47.0,coimbatore,2019-03-30
3683,Rahul Joshi,Male,56.0,INDORE,2022-07-06
3736,Krishna Das,Male,29.0,PATNA,2024-04-08
1859,Amit Malhotra,Male,47.0,Ahmedabad,2020-01-28
4394,Saanvi Agarwal,Female,59.0,mumbai,2024-09-27
3266,Ishaan Bose,Male,33.0,Pune,2024-01-23
1712,Shreya Singh,Female,51.0,Delhi,2024-04-18
3613,Sai Bose,Male,33.0,COIMBATORE,2022-10-12
4969,Sai Joshi,Male,34.0,Delhi,2022-03-09
4034,Amit Malhotra,Male,23.0,Chennai,2021-09-01
2444,Diya Malhotra,Female,39.0,Kolkata,2024-04-20
2355,Amit Rao,Male,42.0,Surat,2020-05-04
1367,Divya Malhotra,Female,26.0,Hyderabad,2020-03-17
415,Krishna Reddy,Male,61.0,Bhopal,2020-03-01
4245,Anjali Sharma,Female,42.0,Ranchi,2024-08-05
4693,Ishaan Gupta,Male,39.0,Nagpur,2023-01-24
4113,Dhruv Verma,Male,41.64736842105263,Kolkata,2021-03-10
4909,Amit Verma,Male,23.0,Ranchi,2022-08-28
4977,Anika Reddy,Female,21.0,Kolkata,2021-07-31
1041,Ira Kumar,Female,59.0,Nagpur,2022-10-02
4061,Rahul Nair,Male,24.0,Kochi,2023-05-31
4503,Aditya Verma,Male,38.0,Hyderabad ,2021-09-25
4464,Diya Rao,Female,26.0,Chandigarh,2021-02-02
509,Saanvi Bose,Female,45.0,Pune,2023-09-13
3173,Rohan Malhotra,Male,61.0, Chandigarh ,2022-02-03
3585,Priya Sharma,Female,58.0,Hyderabad,2019-11-12
1782,Meera Pillai,Female,24.0,Lucknow,2022-09-23
4956,Anika Singh,Female,63.0,Hyderabad,2024-02-28
4584,Kabir Bose,Male,40.0,Pune,2019-09-24
2598,Aryan Kapoor,Male,45.0,Pune,2020-03-02
4558,Priya Kapoor,Female,39.0,Ranchi,2021-07-10
544,Vivaan Agarwal,Male,19.0,Kolkata,2020-02-23
4965,Dhruv Joshi,Male,18.0,DELHI,2021-04-10
4166,Aditya Reddy,Male,32.0,Ahmedabad,2022-01-19
224,Krishna Kapoor,Male,33.0,Bhopal,2024-07-08
3974,Sai Agarwal,Male,36.0,Bangalore,2023-05-08
3192,Rahul Joshi,Male,41.64736842105263,Raipur,2024-04-30
1403,Karan Menon,Male,36.0,Surat,2019-08-23
3601,Myra Gupta,Female,38.0,Delhi,2020-04-17
2944,Rajesh Malhotra,Male,33.0,DELHI,2021-11-10
2137,Rahul Menon,Male,20.0,Kochi,2021-02-13
181,Reyansh Das,Male,47.0,Mumbai,2023-10-19
2320,Kavya Agarwal,Female,62.0,Bhopal,2019-10-02
4536,Dhruv Joshi,Male,56.0,Ahmedabad,2022-02-21
2361,Anika Kumar,Female,19.0,Coimbatore,2022-07-21
1323,Vihaan Verma,Male,33.0, nan ,2021-02-09
3127,Reyansh Joshi,Male,36.0,Nagpur,2019-04-01
4746,Aditya Mehta,Male,51.0,Indore,2020-10-02
540,Rohan Gupta,Male,45.0,AHMEDABAD,2022-01-18
290,Vivaan Rao,Male,23.0,Bhopal,2021-04-07
976,Saanvi Kapoor,Female,49.0,Surat,2024-04-01
3927,Sneha Singh,Female,41.64736842105263,Ahmedabad,2021-03-08
3633,Nikhil Rao,Male,64.0,Kochi,2024-04-30
4356,Kiara Sharma,Female,56.0,Delhi,2019-02-05
42,Nikhil Das,Male,35.0,Pune,2020-04-06
4400,Myra Singh,Female,53.0,Raipur,2020-05-26
4017,Vihaan Das,Male,30.0,Mumbai,2023-04-22
4283,Aarav Verma,Male,19.0,AHMEDABAD,2024-02-01
3676,Arjun Chopra,Male,59.0,Surat,2022-11-10
3637,Kiara Pillai,Female,44.0,Bangalore,2022-09-02
3339,Ananya Das,Female,65.0,Lucknow,2020-07-13
2923,Kavya Bose,Female,62.0,Chandigarh,2022-06-26
3466,Aadhya Sharma,Female,21.0,Chandigarh,2022-01-19
877,Myra Reddy,Female,26.0,Bangalore ,2023-10-07
1392,Divya Kapoor,Female,19.0,Kolkata,2022-01-27
507,Sai Chopra,Male,57.0,Jaipur ,2021-02-05
4579,Kabir Mehta,Male,35.0,Kolkata,2022-04-29
1015,Pooja Gupta,Female,26.0,Chennai,2019-02-26
388,Krishna Reddy,Male,57.0,Lucknow,2022-11-15
2651,Ira Das,Female,44.0,Mumbai,2023-12-16
308,Saanvi Bose,Female,55.0,Coimbatore,2022-12-03
1337,Saanvi Chopra,Female,65.0,Coimbatore,2023-07-08
1864,Aadhya Nair,Female,26.0,Chandigarh ,2021-02-08
3287,Rajesh Kumar,Male,41.64736842105263,Nagpur,2020-10-07
3535,Arjun Malhotra,Male,27.0,Ranchi,2022-11-20
1256,Rajesh Pillai,Male,60.0,kolkata,2019-02-20
3708,Divya Chopra,Female,65.0,Kochi,2021-02-25
341,Ananya Nair,Female,41.64736842105263,Ranchi,2021-05-15
1802,Ananya Reddy,Female,35.0,Lucknow,2023-10-12
4762,Diya Menon,Female,45.0,Chandigarh,2021-12-30
3782,Dhruv Pillai,Male,36.0,Kolkata,2019-05-04
4523,Kiara Das,Female,24.0,Pune,2024-05-11
3401,Sneha Patel,Female,55.0,Indore,2019-09-25
2005,Aditya Malhotra,Male,48.0,Mumbai,2022-01-30
748,Anika Pillai,Female,30.0,Kochi ,2022-10-14
2839,Vihaan Agarwal,Male,41.64736842105263,Nan ,2021-03-25
3767,Reyansh Rao,Male,44.0,Chandigarh,2022-02-25
1504,Kabir Rao,Male,31.0,Ahmedabad,2024-02-06
4280,Anjali Kumar,Female,22.0, Chennai ,2023-03-31
3893,Arjun Chopra,Male,41.64736842105263,Coimbatore,2024-01-11
1781,Suresh Sharma,Male,43.0,Ahmedabad,2024-01-06
2642,Pooja Pillai,Female,29.0,Mumbai,2024-01-30
766,Pooja Malhotra,Female,21.0,Bangalore,2023-02-05
926,Suresh Kapoor,Male,48.0,Bhopal,2021-05-09
640,Karan Mehta,Male,57.0,Delhi,2020-08-05
1271,Sakshi Kapoor,Female,35.0,Chandigarh,2024-04-22
4445,Rajesh Patel,Male,52.0,jaipur,2023-07-01
3319,Rahul Malhotra,Male,52.0,Bhopal,2020-11-02
1115,Saanvi Agarwal,Female,30.0,Raipur,2020-12-19
4863,Ishaan Joshi,Male,56.0,Patna,2020-02-14
2480,Divya Singh,Female,48.0,Ranchi,2022-02-13
752,Rajesh Gupta,Male,21.0,Ranchi,2021-06-07
4299,Neha Malhotra,Female,52.0, Surat ,2020-03-25
3477,Manish Malhotra,Male,46.0,Kolkata,2019-08-18
152,Ira Iyer,Female,60.0,Chandigarh,2022-07-07
1033,Aarav Chopra,Male,34.0,Nagpur,2020-10-11
4920,Dhruv Iyer,Male,51.0,Chandigarh,2020-07-17
347,Sakshi Menon,Female,41.64736842105263,Chennai,2023-09-12
4966,Rajesh Pillai,Male,19.0,Raipur,2019-06-05
1671,Shreya Pillai,Female,20.0,Mumbai,2021-10-20
707,Suresh Bose,Male,25.0,Raipur,2024-03-11
4789,Sneha Iyer,Female,24.0,Ahmedabad,2022-11-04
2540,Diya Joshi,Female,40.0,Chandigarh,2021-09-14
4859,Pooja Joshi,Female,34.0,Indore,2021-06-10
1401,Krishna Agarwal,Male,25.0,Mumbai,2022-11-24
1018,Aditya Mehta,Male,47.0,Chennai,2024-04-25
4594,Kabir Kumar,Male,35.0,Chennai,2022-04-19
1650,Kavya Pillai,Female,52.0,Bangalore,2022-10-27
2241,Myra Joshi,Female,64.0,Indore,2019-04-15
2566,Arjun Verma,Male,32.0,Coimbatore,2020-04-08
1503,Amit Menon,Male,52.0,Hyderabad,2023-12-25
88,Aarav Iyer,Male,53.0,Raipur,2023-09-07
522,Aditya Patel,Male,39.0,Ahmedabad,2022-07-08
4664,Nikhil Menon,Male,22.0,Jaipur,2020-11-03
1557,Vihaan Verma,Male,37.0,Bangalore,2021-12-16
3869,Reyansh Gupta,Male,52.0,Ranchi,2021-05-06
3358,Ira Pillai,Female,41.64736842105263,nagpur,2021-04-12
2625,Aditya Nair,Male,46.0,Jaipur,2022-10-04
4572,Karan Malhotra,Male,50.0,Bangalore,2019-09-30
1202,Krishna Bose,Male,44.0,Coimbatore,2020-05-11
2136,Ishaan Rao,Male,57.0,Nagpur,2023-11-30
4105,Aditya Mehta,Male,31.0,Raipur,2019-12-12
2874,Diya Pillai,Female,40.0,Ahmedabad,2020-04-27
4783,Sneha Nair,Female,37.0,Hyderabad,2022-11-17
2917,Pooja Joshi,Female,41.64736842105263,Pune ,2024-09-05
3228,Arjun Chopra,Male,41.64736842105263,Chennai,2020-04-15
1143,Kiara Bose,Female,62.0,Patna,2022-09-18
2400,Meera Reddy,Female,19.0,Pune,2023-11-19
11,Shreya Iyer,Female,57.0,Ranchi,2020-05-01
2887,Meera Kumar,Female,51.0,Patna,2019-10-07
3732,Rahul Rao,Male,60.0,Chennai,2021-07-02
3340,Rahul Iyer,Male,58.0,Chandigarh,2020-08-07
4846,Anika Menon,Female,61.0,Mumbai,2023-05-04
3421,Manish Rao,Male,45.0,Raipur,2021-04-30
2297,Aarav Sharma,Male,36.0,Hyderabad,2021-04-28
4813,Rohan Reddy,Male,21.0,Ranchi,2024-04-01
1846,Karan Bose,Male,39.0,Surat,2020-02-15
2100,Ananya Menon,Female,21.0,Coimbatore,2019-08-31
570,Vihaan Kapoor,Male,60.0,Bangalore,2019-06-29
3092,Rohan Kumar,Male,32.0,Chennai,2020-06-18
4328,Aadhya Reddy,Female,39.0,Pune,2020-02-27
2277,Amit Rao,Male,47.0, Bhopal ,2020-12-17
1409,Amit Gupta,Male,41.64736842105263,KOLKATA,2024-02-25
4094,Aadhya Reddy,Female,35.0,Lucknow,2021-11-13
3936,Reyansh Malhotra,Male,47.0,Ranchi,2021-02-04
4170,Vivaan Gupta,Male,41.64736842105263,Coimbatore,2020-01-09
3944,Neha Kumar,Male,42.0,Delhi,2023-12-18
4149,Dhruv Kapoor,Male,59.0,Pune,2024-03-06
1333,Vihaan Malhotra,Male,32.0,Ranchi,2020-03-06
1648,Reyansh Rao,Male,51.0,Pune,2019-12-19
4215,Sai Das,Male,27.0,Kolkata,2020-06-21
4259,Karan Singh,Male,60.0,Raipur,2019-07-19
689,Aarav Menon,Male,53.0,Kochi,2020-02-24
823,Aditya Chopra,Male,40.0,Ranchi,2024-06-14
3916,Sneha Sharma,Female,26.0,Pune,2022-12-18
3464,Reyansh Nair,Male,23.0,Ranchi ,2019-05-23
2578,Sneha Singh,Male,50.0,LUCKNOW,2022-04-11
1678,Vivaan Chopra,Male,44.0,Ranchi,2024-06-14
1150,Aarav Reddy,Male,30.0,Lucknow,2020-12-14
2658,Kavya Gupta,Female,31.0,Mumbai,2024-05-27
3028,Isha Menon,Female,39.0,Nagpur,2019-11-24
3946,Manish Nair,Male,25.0,Mumbai,2019-01-16
3114,Riya Kumar,Female,24.0,Kochi,2019-06-10
2115,Ananya Bose,Female,24.0,Surat,2024-06-05
4056,Divya Mehta,Female,34.0,bhopal,2024-04-21
2988,Ananya Mehta,Female,23.0,Coimbatore,2019-01-24
3445,Diya Chopra,Female,25.0,Ranchi,2021-02-12
3685,Kiara Gupta,Female,48.0,Patna,2022-06-19
4573,Krishna Menon,Male,48.0,Pune,2023-10-23
3877,Ananya Kapoor,Female,50.0,Delhi,2023-11-05
918,Rahul Rao,Male,54.0,Kochi,2023-09-22
2742,Rohan Chopra,Male,26.0,ahmedabad,2022-11-27
3733,Krishna Reddy,Male,44.0,Hyderabad,2019-02-20
2678,Sneha Singh,Female,47.0,Coimbatore,2019-11-21
560,Amit Nair,Male,38.0,coimbatore,2022-11-23
2704,Reyansh Kumar,Male,20.0,Surat,2019-05-19
708,Shreya Singh,Female,46.0,Kolkata,2022-06-15
3439,Nikhil Nair,Male,48.0,CHANDIGARH,2021-01-14
584,Shreya Iyer,Female,41.0,Patna,2024-01-07
1209,Amit Iyer,Male,28.0,Kolkata,2019-03-15
4224,Anika Chopra,Female,49.0,Coimbatore,2019-04-13
423,Sneha Malhotra,Female,60.0,Mumbai,2024-04-25
2943,Aditya Bose,Male,40.0,Mumbai,2019-09-06
876,Vihaan Nair,Male,41.64736842105263,Chennai,2021-07-17
4625,Nikhil Mehta,Male,54.0,Ahmedabad,2023-07-26
3070,Saanvi Malhotra,Female,20.0,Ahmedabad,2021-09-11
4087,Rahul Mehta,Male,43.0,Nagpur,2023-11-14
3328,Ananya Malhotra,Female,48.0,Chandigarh,2023-04-29
1567,Aryan Malhotra,Male,46.0,Ranchi,2021-04-11
3772,Sneha Sharma,Female,65.0,Surat,2022-08-14
228,Myra Nair,Female,36.0, Jaipur ,2022-07-14
827,Vihaan Patel,Male,35.0,Hyderabad ,2020-08-29
3187,Kabir Gupta,Male,30.0,Raipur,2021-09-24
3474,Ira Singh,Female,52.0,Ranchi,2019-07-31
2322,Divya Nair,Female,26.0,Hyderabad,2019-04-09
4433,Diya Malhotra,Female,52.0,Chandigarh,2021-05-03
1637,Arjun Chopra,Male,59.0,Raipur,2022-10-21
3371,Kabir Das,Male,41.64736842105263,Jaipur,2024-08-05
3571,Aditya Kapoor,Male,41.64736842105263,Jaipur,2023-09-16
2596,Sakshi Mehta,Female,64.0,Kolkata,2022-06-13
1191,Sai Rao,Male,43.0,Kolkata,2020-03-29
4981,Diya Joshi,Female,22.0,Indore,2019-07-17
1375,Diya Iyer,Female,30.0,Chennai,2023-10-13
1570,Ishaan Sharma,Male,47.0,Ranchi,2021-12-28
3169,Myra Chopra,Female,53.0,Raipur,2020-09-23
2135,Ishaan Verma,Male,42.0,Kolkata ,2019-12-09
4415,Sai Sharma,Male,22.0,lucknow,2020-05-26
1809,Vivaan Kumar,Male,50.0,Patna,2023-10-09
826,Aadhya Gupta,Female,43.0,Kolkata,2022-03-27
3344,Riya Gupta,Female,50.0,Pune,2024-08-26
500,Ishaan Menon,Male,40.0,Chennai,2020-03-12
4443,Karan Menon,Male,62.0,Surat,2019-05-10
3620,Myra Verma,Female,40.0,Bangalore,2023-12-14
817,Aditya Menon,Male,39.0,Delhi,2023-01-30
1317,Vihaan Patel,Male,56.0,Kolkata,2019-01-22
3128,Suresh Joshi,Male,57.0,Lucknow,2024-09-11
510,Priya Malhotra,Female,35.0,patna,2021-01-06
147,Sai Agarwal,Male,45.0,Patna,2021-08-07
4315,Myra Malhotra,Female,34.0,Coimbatore,2021-04-13
4821,Kavya Pillai,Female,24.0,Bangalore,2020-06-01
630,Amit Kumar,Male,50.0,Ranchi,2024-04-04
1537,Saanvi Verma,Female,50.0,Jaipur,2023-08-06
4942,Aditya Patel,Male,37.0,Raipur,2024-04-08
1197,Isha Das,Female,54.0,Delhi,2020-01-09
4414,Pooja Sharma,Female,53.0,Pune,2023-02-21
471,Aarav Pillai,Male,51.0,Hyderabad,2019-01-30
3636,Rohan Sharma,Male,40.0,Mumbai,2020-08-16
2656,Dhruv Pillai,Male,40.0,Coimbatore,2020-08-23
1790,Karan Gupta,Male,42.0,Chennai,2019-02-25
3410,Anjali Chopra,Female,51.0,Chennai,2020-03-31
4263,Suresh Joshi,Male,45.0,Hyderabad,2023-03-24
205,Kavya Nair,Female,21.0,Ahmedabad,2019-12-20
2006,Diya Kumar,Female,33.0,Kolkata,2019-02-07
4785,Vivaan Singh,Male,25.0,Surat,2021-10-30
3054,Manish Malhotra,Male,63.0,Patna,2024-05-09
2353,Krishna Iyer,Male,49.0,Patna,2022-02-08
1755,Pooja Singh,Female,32.0,Hyderabad,2022-03-22
1216,Aarav Rao,Male,19.0,Mumbai,2022-10-12
3040,Anjali Iyer,Female,46.0,Ranchi,2022-10-23
4565,Suresh Menon,Male,41.64736842105263,Nagpur,2021-11-23
4179,Manish Malhotra,Male,21.0,Bangalore,2022-08-19
1452,Meera Joshi,Female,59.0,Ranchi,2023-04-08
2216,Kavya Patel,Female,49.0,Delhi,2022-12-18
2702,Sai Pillai,Male,43.0,Patna,2019-06-11
1904,Dhruv Reddy,Male,31.0,Hyderabad,2022-03-31
980,Divya Joshi,Female,45.0,Kolkata,2022-07-16
550,Sneha Sharma,Female,25.0,Ahmedabad,2023-04-26
4926,Myra Nair,Female,62.0,Coimbatore,2021-06-04
3998,Anjali Sharma,Female,55.0,Bhopal,2019-09-29
2267,Anika Gupta,Female,57.0,Hyderabad,2019-01-02
3341,Kavya Pillai,Female,37.0,Bangalore,2023-11-29
1426,Karan Kapoor,Male,39.0,Ranchi,2021-01-12
4533,Aarav Iyer,Male,52.0,Ahmedabad,2024-06-15
577,Ishaan Agarwal,Male,42.0,Pune,2021-03-02
1453,Vivaan Chopra,Male,59.0,Bhopal,2021-03-08
3430,Kiara Malhotra,Female,41.64736842105263,Surat,2024-07-25
446,Rohan Chopra,Male,32.0,Delhi,2021-04-26
4331,Vihaan Malhotra,Male,51.0,Surat,2023-04-12
2964,Nikhil Malhotra,Male,47.0,Bhopal,2023-04-04
348,Nikhil Menon,Male,25.0,Lucknow,2020-04-11
342,Suresh Kapoor,Male,28.0,Hyderabad,2023-02-10
4146,Ira Malhotra,Female,64.0, Coimbatore ,2020-08-25
4973,Rohan Joshi,Male,31.0,raipur,2021-01-20
778,Vihaan Bose,Male,56.0,Ranchi,2021-06-22
3602,Pooja Kumar,Female,42.0,Bangalore,2019-01-19
3017,Kiara Mehta,Female,52.0,Bangalore,2021-05-23
3125,Sneha Malhotra,Female,64.0,Ranchi,2024-08-21
304,Myra Kapoor,Female,41.64736842105263,Mumbai ,2020-12-12
927,Aadhya Mehta,Female,50.0,Lucknow,2023-11-09
4092,Aadhya Mehta,Female,56.0,Delhi,2019-04-18
676,Suresh Menon,Male,42.0,Kolkata,2020-04-23
4306,Meera Pillai,Female,47.0,Chennai,2023-03-11
2309,Nikhil Das,Male,22.0,Kochi,2021-01-12
585,Ananya Verma,Female,36.0,Ranchi,2019-03-08
2013,Arjun Rao,Male,20.0,coimbatore,2023-03-25
3337,Isha Reddy,Female,37.0,Ranchi,2024-09-08
4739,Kavya Agarwal,Female,64.0,Lucknow,2023-09-27
3283,Kavya Reddy,Female,28.0,Ranchi ,2022-07-20
242,Meera Sharma,Female,42.0,Bhopal,2020-12-08
1863,Aryan Chopra,Male,39.0,Kochi,2019-01-07
2015,Karan Gupta,Male,25.0,Chandigarh,2024-03-17
3233,Sneha Malhotra,Female,32.0,Bangalore,2019-10-24
4024,Arjun Patel,Male,32.0,Chandigarh,2019-08-20
2821,Diya Nair,Female,21.0,Hyderabad,2019-03-11
171,Pooja Mehta,Female,54.0,Ranchi,2020-01-26
2537,Vihaan Mehta,Male,64.0,Bhopal,2021-10-25
2698,Reyansh Nair,Male,58.0,Nagpur,2022-09-05
897,Ira Nair,Female,45.0,Chandigarh,2022-02-14
2587,Diya Chopra,Female,37.0,Kolkata ,2023-03-18
1377,Divya Mehta,Male,62.0,Ahmedabad,2021-06-27
3666,Saanvi Agarwal,Female,59.0,Lucknow,2022-12-28
4688,Rohan Kumar,Male,41.64736842105263,Ranchi,2020-12-09
3487,Reyansh Singh,Male,19.0,Jaipur,2022-07-19
478,Nikhil Malhotra,Male,39.0,Coimbatore,2019-08-02
3360,Rahul Agarwal,Male,60.0,Lucknow,2023-11-05
338,Saanvi Gupta,Female,20.0,Lucknow,2022-04-06
1896,Sai Joshi,Male,38.0,Nagpur,2023-12-26
321,Kavya Malhotra,Female,42.0,Delhi,2021-02-16
2130,Vihaan Patel,Male,49.0,Bangalore,2021-01-21
3692,Riya Malhotra,Female,41.64736842105263,Chennai,2019-04-15
636,Sneha Menon,Female,65.0,Raipur,2019-06-07
621,Sneha Kumar,Female,23.0,Indore,2021-07-20
4295,Sakshi Bose,Female,44.0,Ranchi,2023-12-13
2570,Rohan Iyer,Male,39.0,Coimbatore,2020-07-11
1659,Riya Sharma,Female,20.0,Surat,2023-09-23
2103,Reyansh Reddy,Male,58.0,Ranchi,2024-08-02
3540,Manish Joshi,Male,41.64736842105263,Coimbatore,2020-04-20
4022,Myra Nair,Female,26.0,Ranchi,2020-08-14
3695,Krishna Patel,Male,41.64736842105263,Hyderabad,2019-09-15
2908,Ishaan Menon,Male,52.0,Coimbatore,2023-06-06
3094,Kiara Verma,Female,26.0,Kochi,2020-01-19
1705,Kavya Gupta,Female,59.0,Bhopal,2022-03-05
3904,Vivaan Menon,Male,63.0,Coimbatore,2023-10-29
3153,Sakshi Chopra,Female,40.0, Chennai ,2023-05-20
682,Myra Singh,Female,51.0,Chennai,2021-04-20
2313,Kavya Singh,Female,61.0,Ranchi,2019-11-11
1710,Kiara Malhotra,Female,55.0,Delhi,2020-09-06
2299,Priya Malhotra,Female,18.0,Ranchi,2022-05-14
3972,Isha Kapoor,Female,62.0,Chandigarh,2019-09-21
1262,Aditya Rao,Male,51.0,Bhopal,2022-03-27
4827,Nikhil Singh,Male,62.0,Coimbatore ,2022-11-04
3989,Arjun Patel,Male,34.0,Lucknow,2021-12-01
1951,Anjali Sharma,Female,55.0,Bhopal ,2020-04-01
4527,Kabir Singh,Male,22.0,Patna,2023-09-01
3523,Vivaan Verma,Male,19.0,Ranchi,2022-02-09
3987,Divya Kumar,Female,36.0,Delhi,2023-01-03
736,Nikhil Gupta,Male,35.0,Jaipur,2020-06-26
537,Pooja Sharma,Female,45.0,Lucknow,2021-08-05
2869,Meera Gupta,Female,29.0,PUNE,2023-04-07
4025,Karan Joshi,Male,35.0,Coimbatore,2024-01-10
4147,Anjali Bose,Female,55.0,Ahmedabad,2019-11-13
1350,Myra Kapoor,Female,40.0,DELHI,2023-09-28
867,Nikhil Reddy,Male,58.0,Kolkata,2020-01-23
1128,Rahul Pillai,Male,25.0,Bangalore,2019-09-06
4842,Ira Kapoor,Female,42.0,Raipur,2021-06-29
123,Myra Gupta,Female,28.0,Bhopal,2022-02-04
4997,Vivaan Joshi,Male,56.0,Coimbatore,2023-04-28
4888,Diya Menon,Female,46.0,Patna,2024-02-12
1768,Aryan Joshi,Male,44.0,Pune,2021-10-15
3242,Riya Reddy,Female,20.0,Ranchi,2021-05-01
4551,Suresh Reddy,Male,51.0,Raipur,2019-08-08
2976,Ishaan Mehta,Male,18.0,Patna,2022-08-19
1608,Sakshi Mehta,Female,29.0,Raipur,2023-11-21
2096,Meera Kumar,Female,39.0,Kolkata,2020-01-28
4963,Aadhya Chopra,Female,33.0,Ranchi,2019-03-23
4044,Divya Nair,Female,30.0,Surat,2022-12-22
2422,Riya Pillai,Female,53.0,Coimbatore,2022-09-16
1798,Sai Rao,Male,29.0,Chennai,2024-04-11
2972,Saanvi Sharma,Female,41.0,Jaipur,2022-09-11
1507,Riya Iyer,Female,37.0,Bhopal,2021-09-16
4660,Kavya Gupta,Male,50.0,BHOPAL,2024-09-24
4738,Ishaan Chopra,Male,31.0,Delhi,2023-11-25
2475,Saanvi Mehta,Female,60.0,Jaipur,2023-08-30
2970,Sai Mehta,Male,44.0,Ranchi,2022-07-19
3739,Rohan Rao,Male,22.0,Chandigarh,2022-09-04
1194,Rajesh Pillai,Male,37.0,Raipur,2021-04-11
1221,Aarav Malhotra,Male,59.0,Surat,2019-02-19
2628,Ananya Joshi,Female,33.0,Chandigarh,2023-06-08
1195,Riya Reddy,Female,18.0,Chennai,2023-12-31
2619,Sakshi Singh,Female,64.0,Bhopal,2019-01-13
1699,Myra Nair,Female,58.0,Kolkata,2020-08-24
3694,Manish Iyer,Male,38.0,Chennai,2022-01-12
2477,Kabir Mehta,Male,52.0,Coimbatore,2019-10-08
2852,Rahul Pillai,Male,46.0,Hyderabad,2023-08-26
4491,Sai Das,Male,31.0,Patna,2023-11-18
2191,Sai Menon,Male,22.0,Chennai,2024-03-02
371,Amit Das,Male,38.0,Hyderabad ,2024-07-30
486,Sneha Malhotra,Female,55.0,Pune,2019-03-04
4190,Aditya Joshi,Male,31.0,surat,2019-07-30
521,Reyansh Joshi,Male,44.0,Ranchi,2023-07-16
572,Vihaan Verma,Male,54.0,Indore,2024-06-29
2873,Sneha Pillai,Female,60.0,Chandigarh,2019-07-24
2282,Isha Bose,Female,52.0,Kolkata,2023-03-09
1944,Saanvi Nair,Female,32.0,Patna,2020-12-27
948,Ishaan Iyer,Male,53.0,Indore,2022-06-20
3853,Arjun Joshi,Male,57.0,Raipur,2019-10-18
4726,Manish Malhotra,Male,18.0, Jaipur ,2024-05-28
1490,Anjali Malhotra,Female,18.0,Coimbatore,2021-03-24
2895,Neha Verma,Female,30.0, Lucknow ,2022-01-25
2855,Diya Bose,Female,48.0,Raipur,2021-12-26
1097,Arjun Chopra,Male,52.0,Kolkata,2021-10-01
2125,Sneha Verma,Female,27.0,Chennai,2021-10-05
2817,Rajesh Menon,Male,21.0,Patna,2019-12-16
3879,Rajesh Patel,Male,20.0,HYDERABAD,2020-01-15
511,Suresh Nair,Male,24.0,Jaipur ,2021-08-23
1862,Meera Pillai,Female,19.0,Ahmedabad,2020-12-30
4887,Aadhya Reddy,Female,51.0,Chennai,2023-08-06
1360,Sneha Chopra,Female,41.64736842105263,Nagpur,2023-10-21
1108,Aditya Agarwal,Male,19.0,Patna,2020-05-20
534,Aditya Das,Male,37.0, Nagpur ,2023-08-16
2427,Ishaan Das,Male,27.0,Hyderabad,2024-09-02
2786,Vivaan Iyer,Male,41.64736842105263,Chandigarh,2024-03-22
2169,Meera Joshi,Female,63.0,Kolkata,2022-04-01
3554,Aadhya Bose,Female,44.0,Coimbatore,2020-11-23
4840,Saanvi Singh,Female,49.0,Chennai,2019-06-21
4632,Vivaan Reddy,Male,65.0,Bhopal,2021-06-02
3308,Saanvi Menon,Female,34.0,Coimbatore,2021-06-07
4937,Neha Singh,Female,22.0,bhopal,2021-05-14
3803,Reyansh Bose,Male,43.0,Indore,2020-06-26
1731,Ira Nair,Female,37.0,Chandigarh,2022-10-29
4605,Sneha Joshi,Female,20.0,JAIPUR,2024-02-19
1003,Isha Rao,Female,23.0,Chandigarh,2022-05-15
4924,Ishaan Malhotra,Male,21.0,Chandigarh,2022-10-31
2928,Meera Bose,Male,53.0,Chennai,2021-03-13
4758,Kabir Agarwal,Male,18.0, Bangalore ,2022-09-28
4032,Shreya Reddy,Female,50.0,Jaipur,2024-09-27
884,Vihaan Pillai,Male,18.0,Kochi,2021-06-07
1689,Kavya Pillai,Female,64.0,Raipur,2021-12-01
1348,Anika Kapoor,Female,61.0,Ranchi,2019-06-23
3470,Suresh Agarwal,Male,48.0,CHENNAI,2023-05-16
1709,Rajesh Reddy,Male,38.0,Kochi,2024-09-12
2999,Aryan Bose,Male,18.0,Raipur,2019-03-15
3696,Anika Joshi,Female,40.0,Mumbai,2022-07-25
671,Krishna Joshi,Male,39.0,Chandigarh,2024-04-27
1267,Aditya Mehta,Male,23.0,Ranchi,2020-05-25
4799,Anjali Bose,Female,64.0,Ahmedabad,2022-04-06
3310,Amit Menon,Male,46.0,Chennai,2023-07-23
1552,Manish Joshi,Male,49.0,Ranchi,2019-07-12
2326,Kabir Kumar,Male,65.0, Indore ,2019-02-15
4631,Diya Reddy,Female,42.0,Surat,2023-08-27
4895,Arjun Reddy,Male,57.0,Raipur,2021-07-30
4958,Neha Rao,Female,54.0,Mumbai,2019-02-17
4673,Krishna Joshi,Male,56.0,Jaipur ,2022-03-01
2946,Shreya Kapoor,Female,27.0,Jaipur,2021-07-28
3331,Rajesh Kumar,Male,47.0,Ranchi,2023-12-27
1366,Meera Agarwal,Female,41.64736842105263,Chennai,2022-08-23
2226,Ishaan Bose,Male,54.0,Chandigarh,2019-03-21
4372,Arjun Malhotra,Male,40.0,Coimbatore,2021-05-05
2743,Saanvi Kumar,Female,39.0,Coimbatore,2023-10-20
364,Aditya Iyer,Male,59.0,Surat,2019-02-20
2602,Kabir Reddy,Male,64.0,Mumbai,2019-12-13
3566,Saanvi Chopra,Female,34.0,Raipur,2020-12-05
2360,Anika Nair,Female,32.0, Ranchi ,2021-12-28
2334,Sneha Sharma,Female,30.0,Nagpur,2023-05-20
4355,Myra Joshi,Female,26.0,Chandigarh,2024-08-26
615,Divya Singh,Female,38.0,CHANDIGARH,2019-12-27
1761,Sneha Das,Female,45.0,Indore,2021-12-03
92,Manish Bose,Male,29.0,Coimbatore,2019-08-29
1645,Rahul Chopra,Male,56.0,Mumbai,2020-12-13
4285,Aditya Reddy,Male,27.0,Jaipur,2023-11-27
3532,Vivaan Singh,Male,21.0,Coimbatore,2020-07-19
2564,Riya Menon,Female,31.0,Mumbai,2021-03-14
1965,Priya Joshi,Female,46.0,lucknow,2023-10-09
2840,Rajesh Malhotra,Male,28.0,Patna ,2021-11-07
4173,Nikhil Agarwal,Male,44.0,Bhopal,2020-05-02
3741,Amit Menon,Male,57.0,Raipur,2021-02-12
3403,Kavya Iyer,Female,39.0,Delhi,2019-04-29
3246,Krishna Reddy,Male,26.0,Kochi,2020-09-19
4892,Anika Chopra,Female,25.0,Chennai,2023-09-15
1662,Aadhya Rao,Female,56.0,Ranchi,2019-11-27
2402,Anika Kumar,Female,19.0,Ahmedabad,2023-12-04
3986,Vivaan Malhotra,Male,41.64736842105263,Patna,2022-10-14
4148,Ira Chopra,Female,32.0,Kochi,2019-12-08
259,Vihaan Kapoor,Male,41.0,Bangalore,2023-03-11
1497,Priya Sharma,Female,37.0,Ranchi,2024-08-18
1603,Amit Mehta,Male,18.0,Bhopal,2022-12-13
4366,Rahul Menon,Male,30.0,Kolkata,2020-06-04
4690,Anika Verma,Female,55.0,Hyderabad,2020-12-11
650,Rajesh Iyer,Male,18.0,Patna,2024-07-31
2324,Shreya Iyer,Female,48.0,Bangalore,2021-01-29
4286,Sakshi Kapoor,Female,42.0,Indore,2021-05-04
971,Sai Malhotra,Male,61.0,PUNE,2023-04-20
2804,Manish Sharma,Male,41.64736842105263,Kolkata,2024-02-09
1306,Saanvi Verma,Female,24.0,Nagpur,2024-04-24
4066,Ananya Das,Female,31.0,Lucknow,2022-04-09
2285,Pooja Kumar,Female,61.0,Chandigarh,2023-07-29
2501,Rohan Mehta,Male,53.0,Ranchi,2019-11-23
1783,Aditya Singh,Male,53.0,Kolkata,2021-04-30
1469,Saanvi Mehta,Female,28.0,Bangalore,2022-02-21
1946,Aditya Kumar,Male,51.0,Lucknow,2019-09-07
3379,Saanvi Rao,Female,35.0,COIMBATORE,2021-10-06
2857,Nikhil Pillai,Male,56.0,Lucknow,2020-04-11
271,Reyansh Das,Male,22.0,Delhi,2022-04-22
4685,Manish Reddy,Male,24.0,Raipur ,2021-06-21
1697,Diya Pillai,Female,23.0,Jaipur,2022-07-10
4516,Priya Iyer,Female,41.0,Bhopal,2024-04-19
2450,Neha Pillai,Female,33.0,Chandigarh,2023-11-19
1912,Rajesh Menon,Male,50.0,Bangalore,2023-08-02
3098,Arjun Gupta,Male,61.0,Mumbai,2020-10-25
1820,Meera Malhotra,Female,20.0,Jaipur,2022-01-28
407,Shreya Agarwal,Female,43.0,Bangalore,2022-12-02
1806,Anjali Pillai,Female,56.0,Jaipur ,2024-04-23
3671,Suresh Patel,Male,56.0,Delhi,2020-11-10
2909,Karan Joshi,Male,33.0,Bhopal,2020-05-30
4552,Divya Patel,Female,62.0,Delhi,2020-04-11
4587,Dhruv Gupta,Male,60.0,Bangalore,2019-04-22
4786,Isha Nair,Female,41.64736842105263,Ranchi,2021-12-12
3503,Krishna Das,Male,42.0,Delhi,2019-02-09
1545,Kavya Joshi,Female,38.0, Pune ,2021-03-18
464,Myra Menon,Female,24.0,Kolkata,2024-05-03
1224,Ira Agarwal,Female,54.0,Kolkata,2021-10-28
4480,Priya Das,Male,42.0,Patna,2021-01-26
4987,Aadhya Kumar,Female,38.0,Ahmedabad,2024-09-22
1092,Ishaan Menon,Male,41.64736842105263,Ahmedabad,2024-07-12
692,Sakshi Joshi,Female,52.0,Patna,2019-07-27
1242,Aadhya Chopra,Female,43.0,Indore ,2020-11-18
104,Kavya Joshi,Female,54.0,Hyderabad,2019-06-24
3517,Aarav Kapoor,Male,51.0,Raipur,2020-01-04
1632,Kavya Kumar,Female,19.0,Lucknow,2024-02-16
3100,Reyansh Pillai,Male,65.0,Kochi,2021-06-12
684,Kabir Verma,Male,61.0,Ranchi,2019-12-23
3164,Aryan Agarwal,Male,41.64736842105263,Coimbatore,2021-01-19
4990,Aadhya Menon,Female,63.0,Chandigarh,2020-03-26
598,Sai Gupta,Male,48.0, Raipur ,2019-07-21
3392,Aditya Reddy,Male,33.0,Kochi,2021-01-16
2933,Anika Rao,Female,40.0,Raipur ,2023-04-30
4780,Kabir Nair,Male,45.0,Coimbatore ,2024-04-12
2696,Anika Malhotra,Female,51.0,Chennai,2019-03-05
4630,Myra Bose,Female,47.0,NAGPUR,2023-03-21
2081,Anika Joshi,Female,52.0,Nagpur,2019-11-12
200,Aarav Iyer,Male,31.0,Delhi,2019-09-05
3884,Kabir Das,Male,61.0,Kolkata,2020-08-24
4264,Reyansh Joshi,Male,42.0,Jaipur,2024-07-09
2122,Amit Reddy,Male,54.0,Ranchi,2019-03-05
3943,Amit Joshi,Male,38.0,Bangalore,2022-09-06
1814,Riya Singh,Female,53.0,Bhopal,2022-11-27
2351,Shreya Joshi,Female,27.0,Jaipur ,2019-10-23
40,Diya Sharma,Female,37.0,Raipur,2020-03-15
2673,Manish Gupta,Male,65.0,Chandigarh,2024-04-26
69,Sakshi Verma,Female,33.0,Delhi,2023-07-06
2411,Rahul Malhotra,Male,39.0,Ranchi,2024-02-29
2183,Rajesh Sharma,Male,65.0,Raipur,2019-03-20
4896,Riya Malhotra,Female,19.0,indore,2019-04-23
680,Rahul Kapoor,Male,19.0,Chandigarh,2024-08-10
4272,Meera Rao,Female,44.0,Bhopal,2022-10-24
4206,Rohan Singh,Male,49.0,Chennai,2020-07-30
2529,Anika Das,Female,26.0,mumbai,2021-08-18
366,Anika Bose,Female,40.0,Indore,2020-08-31
734,Diya Bose,Female,55.0,Kolkata,2019-07-31
3408,Divya Kapoor,Female,37.0,Ranchi,2024-02-19
2342,Neha Gupta,Female,62.0,Chandigarh,2022-11-03
2072,Aditya Gupta,Male,63.0,Ranchi,2023-07-16
955,Ananya Verma,Female,59.0,Kolkata,2023-12-22
2674,Diya Patel,Female,54.0,Ranchi,2019-10-01
288,Diya Kapoor,Female,54.0, Kochi ,2020-08-26
2550,Karan Joshi,Male,24.0,Bangalore,2024-08-25
2168,Kabir Gupta,Male,41.0,Ranchi,2022-07-16
3400,Riya Malhotra,Female,49.0,Bangalore,2024-05-16
4794,Priya Kapoor,Female,24.0,Bhopal,2023-07-07
2426,Riya Singh,Female,27.0,Coimbatore,2021-07-04
1582,Ananya Singh,Female,29.0,Kochi,2024-05-06
2029,Neha Bose,Female,53.0,Patna,2020-01-31
2063,Rohan Das,Male,21.0,Surat,2024-02-20
4201,Aryan Malhotra,Male,41.0,Mumbai,2021-11-26
2610,Ira Agarwal,Female,21.0,Ranchi,2021-03-24
3496,Ishaan Kumar,Male,48.0,bhopal,2019-11-20
2557,Krishna Chopra,Male,58.0,Lucknow,2023-11-04
2312,Rahul Mehta,Male,28.0,Delhi,2022-04-04
4807,Dhruv Kumar,Male,25.0,Nagpur,2021-08-26
2687,Dhruv Bose,Male,52.0,Hyderabad,2020-08-03
4279,Arjun Reddy,Male,61.0,Chandigarh ,2020-05-19
2067,Ira Gupta,Female,58.0,Indore,2022-07-05
1058,Riya Kapoor,Female,40.0,Hyderabad,2019-07-15
794,Sakshi Das,Female,41.64736842105263,Hyderabad,2019-08-03
3060,Dhruv Joshi,Male,34.0, Chennai ,2023-05-22
4386,Vivaan Reddy,Male,33.0,Surat,2023-09-20
1733,Pooja Joshi,Female,42.0,Surat ,2020-12-31
3629,Rahul Rao,Male,45.0,Jaipur,2020-07-11
1098,Shreya Das,Female,20.0,Mumbai,2024-03-18
1598,Suresh Kapoor,Male,62.0,SURAT,2020-05-18
1294,Kabir Nair,Male,49.0, Patna ,2020-08-26
951,Kiara Patel,Female,46.0,Surat,2023-07-23
3398,Amit Kapoor,Male,21.0,Hyderabad,2024-09-27
3770,Meera Reddy,Female,54.0,Bhopal,2021-04-17
2983,Divya Bose,Female,57.0,Bangalore,2023-01-31
2057,Diya Menon,Female,24.0,Raipur,2020-02-08
2131,Saanvi Iyer,Female,61.0,Indore,2022-03-12
4996,Kavya Gupta,Female,38.0,Delhi,2022-03-30
829,Shreya Kumar,Female,48.0,Ranchi,2023-09-17
4826,Aryan Joshi,Male,35.0,Lucknow,2019-11-09
4030,Sai Bose,Male,56.0,Delhi,2022-05-24
723,Sakshi Patel,Female,47.0,Kochi,2023-10-04
4079,Kavya Gupta,Female,18.0,Chennai,2022-07-07
1596,Divya Patel,Female,34.0,Nagpur,2022-09-18
4732,Myra Agarwal,Female,33.0,Raipur,2023-01-08
4406,Aditya Malhotra,Male,58.0,Kolkata,2024-02-27
765,Dhruv Bose,Male,25.0,Raipur,2023-01-10
4229,Ananya Agarwal,Male,35.0,Kolkata,2019-01-03
2592,Riya Kapoor,Female,25.0,Coimbatore,2019-01-21
2526,Karan Sharma,Male,48.0,Kochi,2019-09-25
1593,Karan Nair,Male,60.0,Chennai,2023-01-03
3580,Aditya Iyer,Male,20.0,Mumbai,2021-05-09
1422,Sneha Kumar,Female,40.0,LUCKNOW,2021-07-14
655,Arjun Verma,Male,60.0,Ranchi,2022-05-07
3621,Aarav Das,Male,31.0,Delhi,2024-08-10
284,Isha Iyer,Female,32.0,Jaipur,2019-09-10
3158,Kabir Chopra,Male,48.0,Ahmedabad,2022-12-21
4211,Myra Kapoor,Female,30.0,Nagpur,2022-05-02
2260,Rahul Menon,Male,59.0,Kochi,2023-07-20
2027,Kiara Das,Female,57.0,Jaipur,2023-12-07
3514,Aryan Joshi,Male,18.0,Pune,2021-06-11
4774,Suresh Iyer,Male,37.0,HYDERABAD,2022-06-10
1446,Neha Das,Female,59.0,Mumbai,2022-03-20
982,Arjun Verma,Male,32.0,Kolkata,2019-05-27
3297,Aditya Chopra,Male,65.0,Lucknow,2024-09-25
1154,Kabir Das,Male,41.64736842105263,Nagpur,2023-03-06
2950,Priya Iyer,Female,34.0,Bhopal,2019-08-08
675,Arjun Iyer,Male,19.0,surat,2023-03-17
469,Myra Iyer,Male,48.0,Ahmedabad,2019-12-10
3847,Myra Mehta,Female,18.0,Lucknow,2021-10-12
3101,Aarav Iyer,Male,33.0,Coimbatore,2022-02-04
430,Shreya Gupta,Female,36.0,Ranchi,2021-10-23
3159,Arjun Nair,Male,45.0,Bhopal,2019-12-23
1556,Aryan Agarwal,Male,18.0,Delhi,2021-11-29
1130,Rahul Verma,Male,41.64736842105263,Ranchi,2023-11-04
1211,Aditya Sharma,Male,61.0,Jaipur,2020-09-20
917,Sai Patel,Male,19.0,Coimbatore,2022-08-28
167,Diya Das,Female,34.0,Nagpur,2019-12-23
3322,Ira Agarwal,Female,43.0,Kolkata,2023-06-17
3332,Ira Das,Female,50.0,Hyderabad,2022-12-14
4866,Aadhya Kumar,Female,34.0,indore,2019-01-20
3497,Sakshi Mehta,Female,64.0,Coimbatore,2019-04-09
2495,Rohan Joshi,Male,44.0,Bangalore,2023-01-30
1001,Vivaan Kapoor,Male,39.0,Patna,2021-07-07
1179,Aadhya Joshi,Female,30.0,Bhopal,2023-09-07
57,Aadhya Kapoor,Female,46.0, Delhi ,2024-02-01
209,Aryan Kumar,Male,65.0,Jaipur,2020-04-28
2112,Nikhil Gupta,Male,60.0,Surat,2023-06-03
3509,Anika Iyer,Female,52.0,Jaipur,2024-09-19
1308,Dhruv Nair,Male,20.0,Hyderabad,2021-09-13
1441,Dhruv Sharma,Male,62.0,Bhopal,2023-03-03
426,Vivaan Sharma,Male,54.0,Ranchi,2023-06-03
698,Ishaan Kumar,Male,57.0,Jaipur,2023-01-28
3888,Rahul Gupta,Male,36.0,Indore,2019-10-28
1266,Kavya Das,Female,58.0,Ranchi,2020-03-23
3991,Arjun Reddy,Male,30.0,Kochi,2023-07-24
2919,Sneha Kumar,Female,41.64736842105263,Kolkata,2023-09-12
1594,Ananya Nair,Female,54.0,Bhopal,2023-01-12
2302,Neha Chopra,Female,19.0,Jaipur,2024-04-23
493,Isha Pillai,Female,19.0,Chandigarh ,2020-04-21
962,Rahul Reddy,Male,34.0,Kolkata,2019-07-23
1861,Kavya Menon,Female,43.0,Coimbatore,2019-10-21
3068,Neha Das,Female,39.0,Raipur,2024-01-22
4590,Amit Malhotra,Male,63.0, Indore ,2023-11-08
979,Riya Chopra,Female,45.0,Lucknow,2021-12-14
4747,Isha Joshi,Female,25.0,Hyderabad,2024-07-12
3386,Pooja Iyer,Female,48.0,Ahmedabad,2023-02-08
820,Arjun Joshi,Male,33.0,Coimbatore,2020-04-10
3758,Dhruv Nair,Male,43.0,Coimbatore,2019-10-03
1827,Dhruv Rao,Male,60.0,Delhi,2019-09-24
3533,Ananya Kumar,Female,63.0,Coimbatore,2020-01-11
3885,Sai Nair,Male,41.64736842105263,Chandigarh,2019-01-29
1468,Shreya Gupta,Female,49.0,Hyderabad,2024-02-06
4358,Myra Reddy,Female,36.0, Lucknow ,2024-06-25
622,Anika Pillai,Female,27.0, Bhopal ,2022-07-03
3588,Amit Kumar,Male,47.0,Ranchi,2019-08-19
3809,Kabir Kumar,Male,37.0,Kolkata,2023-03-12
1779,Shreya Kapoor,Female,33.0,Indore,2019-03-12
3121,Sneha Sharma,Female,41.0,Jaipur ,2023-02-23
337,Aryan Mehta,Male,26.0,Hyderabad,2023-04-21
4850,Dhruv Agarwal,Male,41.64736842105263,Raipur,2023-05-22
1084,Manish Menon,Male,38.0,Indore,2019-07-04
2608,Anjali Joshi,Female,63.0,Hyderabad,2023-06-05
4530,Kiara Rao,Female,34.0,Chandigarh,2019-04-22
391,Kavya Sharma,Female,51.0,Hyderabad,2019-04-14
738,Rahul Chopra,Male,29.0,Jaipur,2021-08-25
114,Rajesh Mehta,Male,33.0,Bangalore,2019-12-03
1069,Rahul Bose,Male,20.0,Kolkata,2023-02-21
938,Vivaan Bose,Male,19.0,Delhi,2019-12-10
2300,Sneha Chopra,Female,31.0,Lucknow,2023-10-22
1874,Shreya Malhotra,Female,61.0,Bangalore,2020-09-07
4751,Aarav Verma,Male,54.0,Pune,2022-12-08
1016,Vihaan Sharma,Male,62.0,PUNE,2019-04-20
2884,Riya Agarwal,Female,52.0,Chennai,2019-01-02
258,Saanvi Joshi,Female,21.0,Mumbai,2020-08-28
4122,Aryan Malhotra,Male,41.64736842105263,Mumbai ,2020-01-27
1340,Anika Menon,Female,44.0,Patna,2021-01-19
1153,Arjun Malhotra,Male,59.0,Hyderabad,2022-10-18
2265,Sai Reddy,Male,49.0,Indore,2022-09-02
993,Vivaan Mehta,Male,38.0,Delhi,2019-10-17
3043,Anjali Chopra,Female,59.0,Mumbai,2021-08-02
2559,Aryan Verma,Male,52.0,Kolkata,2023-09-18
1010,Isha Menon,Female,34.0,Surat,2021-02-05
3199,Meera Sharma,Female,63.0,Delhi,2019-01-05
3033,Ira Menon,Female,61.0,Mumbai,2020-08-05
527,Amit Agarwal,Male,21.0,Mumbai,2023-06-15
4109,Rajesh Malhotra,Male,58.0,Kochi,2022-08-04
133,Meera Kumar,Female,58.0,Lucknow,2021-09-18
2463,Diya Das,Female,64.0,Raipur,2022-04-03
36,Aarav Agarwal,Male,28.0,Bhopal,2024-05-02
442,Rahul Kapoor,Male,50.0,Bangalore,2023-06-14
65,Aarav Sharma,Male,37.0,Patna,2023-10-04
2030,Divya Iyer,Female,22.0,Nagpur,2023-10-14
1669,Priya Reddy,Female,39.0,Bhopal,2019-08-26
4514,Ira Patel,Female,31.0,Ranchi,2019-01-27
1283,Krishna Patel,Male,60.0,Bangalore,2020-03-08
2176,Aadhya Chopra,Female,22.0,Kolkata,2020-07-06
639,Isha Malhotra,Female,37.0,Lucknow,2024-03-04
3352,Shreya Iyer,Female,40.0,Ranchi,2020-03-03
1225,Rajesh Joshi,Male,58.0,Indore,2020-06-28
3417,Kavya Agarwal,Female,25.0,Bangalore ,2021-10-03
4787,Aditya Iyer,Male,62.0,Coimbatore,2024-06-04
1219,Rajesh Reddy,Male,52.0,Indore,2023-10-19
1599,Isha Pillai,Female,40.0,Lucknow,2020-03-27
2726,Ishaan Joshi,Male,51.0,Ranchi,2023-02-24
2837,Aryan Agarwal,Male,51.0, Nagpur ,2024-01-05
3833,Arjun Kumar,Male,43.0,mumbai,2019-05-01
4125,Aryan Patel,Male,51.0,Indore,2020-04-23
768,Dhruv Reddy,Male,37.0,Indore,2020-03-13
2573,Karan Agarwal,Male,23.0,Surat,2024-03-02
4324,Priya Kapoor,Female,63.0,Delhi,2019-07-19
1295,Myra Verma,Female,56.0,Surat,2022-06-19
3353,Aarav Agarwal,Male,52.0,Raipur,2021-02-17
4008,Kiara Mehta,Female,27.0,Delhi,2021-07-20
1109,Sneha Menon,Female,40.0,Indore,2020-12-26
1660,Kiara Joshi,Female,21.0,Chennai,2021-04-16
1745,Riya Das,Female,58.0,Kochi,2019-10-31
1279,Aryan Rao,Male,48.0,Hyderabad,2023-04-26
3611,Sai Sharma,Male,25.0,jaipur,2024-08-04
2960,Vihaan Agarwal,Male,49.0,Mumbai,2023-05-25
4589,Suresh Pillai,Male,29.0,Delhi,2020-12-15
2953,Rajesh Singh,Male,27.0,Coimbatore,2024-02-13
130,Sai Malhotra,Male,35.0,Indore,2023-02-04
2701,Aditya Kapoor,Male,59.0,Kolkata,2019-10-25
2256,Dhruv Reddy,Male,27.0,Coimbatore,2019-01-31
28,Amit Joshi,Male,48.0,Nagpur,2022-01-25
3015,Myra Menon,Male,34.0,Jaipur,2024-04-18
4339,Ananya Joshi,Female,52.0,Pune,2023-03-16
3524,Ishaan Rao,Male,25.0,Ranchi,2021-09-27
453,Arjun Patel,Male,28.0,Nagpur,2020-04-29
1235,Ishaan Nair,Male,56.0,Indore,2022-08-10
4640,Shreya Joshi,Female,62.0,Delhi,2024-09-17
1720,Kavya Kapoor,Female,27.0,Raipur,2024-07-17
4912,Aditya Iyer,Male,28.0,Lucknow,2023-01-23
3188,Sakshi Malhotra,Female,47.0,Coimbatore,2024-02-03
460,Saanvi Nair,Female,44.0,Ranchi,2020-08-07
2392,Anjali Iyer,Female,47.0,Ahmedabad,2024-02-07
681,Krishna Joshi,Male,48.0,Kochi,2022-06-25
2010,Aryan Singh,Male,28.0,mumbai,2024-07-30
2467,Ishaan Pillai,Male,34.0,Indore,2021-12-22
1748,Suresh Malhotra,Male,32.0,Pune,2021-12-22
3705,Suresh Pillai,Male,53.0,bhopal,2022-12-22
1955,Riya Agarwal,Female,41.64736842105263,SURAT,2022-02-01
362,Rajesh Malhotra,Male,40.0,RANCHI,2019-04-29
1805,Rohan Pillai,Male,24.0,Chennai,2023-04-18
4326,Aadhya Verma,Female,36.0,Delhi,2022-01-18
3416,Reyansh Reddy,Male,58.0,Mumbai,2021-05-09
203,Aadhya Mehta,Female,23.0,Kochi,2021-04-12
935,Krishna Sharma,Male,33.0,Lucknow,2024-03-16
3713,Suresh Malhotra,Male,28.0,Coimbatore,2020-10-13
4857,Kiara Menon,Female,58.0,Bangalore,2019-01-18
965,Isha Bose,Female,41.64736842105263,ahmedabad,2021-04-12
125,Amit Menon,Male,57.0,Pune,2024-02-19
4647,Priya Reddy,Female,37.0,Bangalore,2019-11-08
4883,Anjali Reddy,Female,36.0,Kochi,2022-10-15
1966,Kavya Sharma,Female,43.0,Delhi,2023-08-02
2973,Isha Gupta,Female,39.0,Mumbai,2019-07-08
3258,Arjun Mehta,Male,21.0,Nagpur,2019-08-28
2516,Arjun Verma,Male,41.64736842105263,Ahmedabad,2019-07-10
4242,Vivaan Iyer,Male,23.0,Patna,2020-05-31
447,Sneha Bose,Female,47.0,Delhi,2019-06-13
4177,Sai Reddy,Male,22.0,Bhopal,2019-09-09
648,Reyansh Verma,Male,44.0,Ranchi,2022-06-21
4145,Divya Rao,Female,33.0,Raipur,2019-04-18
2453,Aryan Gupta,Male,21.0,Delhi,2021-10-29
3111,Rahul Reddy,Male,26.0,Kolkata,2023-04-28
1758,Myra Bose,Female,49.0,Ranchi,2023-08-15
1589,Vihaan Mehta,Male,65.0,Surat,2024-01-28
936,Shreya Rao,Female,45.0,Delhi,2021-04-07
1451,Dhruv Patel,Male,65.0, Coimbatore ,2019-11-13
4291,Saanvi Rao,Female,43.0,Lucknow,2021-01-23
3484,Krishna Verma,Male,59.0,Patna,2020-12-04
1354,Kabir Kapoor,Male,20.0,Patna,2024-06-22
3036,Sai Iyer,Male,62.0,Bangalore,2020-12-26
1189,Dhruv Mehta,Male,31.0,Ahmedabad,2022-04-07
218,Ishaan Kapoor,Male,20.0,Indore,2019-10-10
1416,Myra Menon,Female,18.0,Mumbai ,2020-03-11
4365,Reyansh Mehta,Male,26.0,Indore,2023-02-02
3065,Anika Sharma,Female,58.0,Coimbatore,2023-08-23
4505,Arjun Sharma,Male,24.0,ahmedabad,2020-11-23
878,Aditya Sharma,Male,48.0, Bhopal ,2019-06-24
3457,Kiara Pillai,Female,50.0,Kochi,2019-09-24
2023,Sai Rao,Male,41.0,Chennai,2019-05-21
67,Kiara Singh,Female,41.64736842105263,Bhopal,2019-03-06
3399,Aryan Rao,Male,61.0,Chandigarh ,2021-02-09
1482,Amit Kumar,Male,58.0,Pune,2022-08-04
4604,Pooja Joshi,Female,31.0,Surat,2020-01-29
737,Riya Iyer,Male,18.0, Hyderabad ,2020-12-16
1847,Aryan Mehta,Male,28.0,Patna,2021-02-01
273,Dhruv Patel,Male,64.0,Bangalore,2020-01-17
1491,Suresh Menon,Male,27.0,Surat ,2022-07-20
4466,Sneha Singh,Female,26.0,Bangalore,2022-07-24
3748,Isha Patel,Female,30.0,Kochi,2023-11-13
4656,Aditya Menon,Male,62.0,Ranchi,2024-08-17
4223,Nikhil Agarwal,Male,57.0,Ahmedabad,2019-04-03
1945,Rajesh Iyer,Male,53.0,Jaipur,2020-01-10
661,Divya Reddy,Female,62.0, Pune ,2019-08-27
1447,Arjun Verma,Male,59.0,Delhi,2020-12-11
2802,Krishna Menon,Male,65.0,Pune,2019-06-01
3126,Aadhya Rao,Female,31.0,Jaipur,2020-06-02
289,Rahul Patel,Male,28.0,Pune,2021-02-28
1777,Anjali Bose,Female,42.0, Lucknow ,2023-10-26
1358,Aditya Kapoor,Male,50.0,Chennai,2023-08-10
3967,Reyansh Agarwal,Male,55.0,Coimbatore,2019-11-02
3324,Aarav Gupta,Male,30.0,Chennai ,2024-09-02
3394,Aryan Patel,Male,48.0,Coimbatore,2024-04-30
1979,Isha Nair,Female,47.0,NAGPUR,2022-09-26
3215,Aadhya Mehta,Female,57.0,Hyderabad,2023-06-09
227,Dhruv Gupta,Male,55.0,Raipur,2019-09-13
761,Suresh Iyer,Male,46.0,Mumbai,2024-07-31
515,Ira Patel,Female,21.0,Pune,2021-11-07
728,Aadhya Kumar,Female,64.0,Kochi,2022-02-18
1606,Kabir Nair,Male,20.0,Chandigarh,2022-12-23
4457,Saanvi Malhotra,Female,40.0,Kolkata,2024-03-02
2918,Karan Kumar,Male,33.0,Nagpur,2021-11-23
2892,Rohan Joshi,Male,53.0,Kochi,2020-01-22
3680,Kabir Nair,Male,43.0,Kolkata,2023-10-14
909,Meera Singh,Female,54.0,chandigarh,2024-04-08
801,Dhruv Chopra,Male,26.0,Patna,2021-03-06
769,Meera Gupta,Female,58.0,patna,2021-02-15
194,Ishaan Agarwal,Male,56.0,Ranchi,2022-03-13
3753,Shreya Gupta,Female,34.0,Bhopal,2019-07-24
743,Meera Mehta,Female,48.0,Coimbatore,2021-08-15
3113,Kiara Rao,Female,60.0,Ranchi,2022-11-08
1455,Ishaan Mehta,Male,28.0,Coimbatore,2020-03-12
613,Rahul Sharma,Male,41.64736842105263,Indore,2022-01-16
4854,Vihaan Rao,Male,54.0,Mumbai,2024-09-20
1871,Sneha Rao,Female,21.0,Lucknow,2023-10-07
4595,Dhruv Rao,Male,61.0,Kolkata,2024-09-29
402,Shreya Iyer,Female,26.0,Kolkata,2021-11-10
4582,Aadhya Singh,Female,60.0,Kochi,2023-10-11
850,Priya Sharma,Female,36.0,Nagpur,2022-12-10
4063,Pooja Patel,Female,32.0,Ahmedabad,2020-12-18
1729,Arjun Sharma,Male,55.0,Raipur,2023-02-24
375,Neha Agarwal,Female,57.0,RANCHI,2024-04-21
2936,Nikhil Joshi,Male,41.64736842105263,Nagpur,2022-01-04
538,Manish Chopra,Male,30.0,Bhopal,2023-11-26
4157,Dhruv Mehta,Male,40.0,Indore,2021-04-20
3235,Saanvi Reddy,Female,44.0,Kolkata,2020-07-09
1008,Vihaan Das,Male,29.0,Kolkata,2023-05-29
4931,Vihaan Pillai,Male,45.0,Chandigarh,2024-06-02
4429,Rohan Patel,Male,42.0,Bhopal,2020-07-22
3624,Pooja Nair,Female,51.0,Mumbai,2021-01-30
579,Suresh Chopra,Male,61.0,Ranchi,2023-10-16
693,Aarav Bose,Male,61.0,DELHI,2020-03-09
1612,Kavya Singh,Male,26.0,Kochi,2023-12-16
2735,Sai Mehta,Male,47.0,Hyderabad,2022-08-31
4293,Saanvi Iyer,Female,38.0,Nagpur,2021-06-22
656,Aadhya Verma,Female,24.0,Bhopal,2020-12-31
445,Priya Verma,Female,32.0,Chandigarh,2021-08-07
3773,Kabir Pillai,Male,26.0,Chennai,2020-04-28
1830,Saanvi Sharma,Female,37.0,Jaipur,2022-12-07
4671,Rohan Das,Male,64.0,Kochi ,2022-10-22
1229,Rajesh Singh,Male,37.0,Ahmedabad,2023-10-22
3702,Shreya Singh,Male,55.0,Kolkata,2019-01-31
3766,Dhruv Bose,Male,62.0,Hyderabad,2020-07-09
3119,Shreya Nair,Female,32.0,Ahmedabad,2021-12-03
591,Sai Bose,Male,41.64736842105263,Chandigarh,2020-01-26
2907,Ira Gupta,Female,48.0,Bangalore,2023-09-27
1576,Rajesh Iyer,Male,51.0,Ranchi,2024-07-14
479,Dhruv Sharma,Male,23.0,Chennai,2024-04-15
4858,Priya Das,Female,33.0,Surat,2019-12-12
4543,Saanvi Kumar,Female,24.0,Chandigarh,2020-05-23
2657,Riya Gupta,Female,53.0,Indore,2023-03-30
2397,Saanvi Kapoor,Female,49.0,Chennai,2019-05-30
2141,Ishaan Patel,Male,58.0,Pune,2022-10-07
4798,Anjali Das,Female,58.0,Hyderabad,2021-11-08
2661,Ishaan Pillai,Male,37.0,Kochi,2022-01-18
1872,Ira Menon,Female,46.0,Kochi,2023-03-08
3617,Dhruv Verma,Male,60.0,Ranchi,2024-03-06
2621,Aditya Mehta,Male,56.0,Bangalore,2020-05-19
466,Rajesh Agarwal,Male,41.64736842105263,Bhopal,2023-09-20
744,Sneha Bose,Female,34.0, Chennai ,2023-11-16
2752,Aadhya Reddy,Female,18.0,Surat,2022-10-24
3983,Riya Joshi,Female,49.0,Kochi,2023-06-21
183,Riya Gupta,Female,41.0,Kolkata,2019-08-01
243,Kiara Patel,Female,35.0,Jaipur,2024-01-01
2717,Sakshi Joshi,Female,61.0,Patna,2019-06-06
1395,Divya Malhotra,Female,53.0,Indore,2023-06-30
1054,Sneha Kumar,Female,51.0,Coimbatore,2022-03-08
3180,Aditya Chopra,Male,41.64736842105263,Bhopal,2022-01-01
654,Vivaan Patel,Male,27.0,Delhi,2022-11-30
149,Rajesh Reddy,Male,46.0,Raipur,2023-10-26
709,Aadhya Menon,Female,24.0,Ranchi,2023-04-02
3672,Aditya Chopra,Male,37.0,Ahmedabad,2019-05-14
24,Nikhil Reddy,Male,53.0,Surat,2024-05-13
1286,Aadhya Joshi,Female,32.0,Raipur,2019-09-22
2261,Reyansh Singh,Male,20.0,Indore,2020-03-13
1533,Krishna Iyer,Male,43.0,Hyderabad,2022-06-30
1437,Aryan Sharma,Male,31.0,Mumbai,2023-01-24
920,Anjali Malhotra,Female,38.0,Raipur ,2020-02-05
1200,Sneha Patel,Female,62.0, Raipur ,2020-01-27
2217,Aditya Joshi,Male,63.0, Chandigarh ,2022-03-31
4672,Rohan Das,Male,37.0,Lucknow,2020-06-09
470,Sakshi Agarwal,Female,44.0,Jaipur,2021-02-13
4964,Reyansh Rao,Male,28.0,Lucknow,2024-03-19
3749,Aadhya Sharma,Female,18.0,Ranchi,2022-10-20
107,Ananya Reddy,Female,55.0,Chennai,2023-06-20
1485,Riya Patel,Female,23.0,Chennai,2019-10-11
4236,Shreya Gupta,Female,37.0,Raipur,2019-08-28
351,Kiara Bose,Female,39.0,Ahmedabad,2019-01-12
1510,Anika Agarwal,Female,43.0,Pune,2023-05-31
1261,Pooja Sharma,Female,28.0,Chandigarh,2019-01-07
49,Priya Nair,Female,21.0,Hyderabad ,2024-03-21
239,Suresh Pillai,Male,34.0,Bangalore,2019-03-31
713,Pooja Pillai,Male,61.0,lucknow,2023-11-16
1444,Aarav Pillai,Male,44.0,Chennai,2021-01-17
4790,Meera Mehta,Female,24.0,Indore,2022-09-08
3668,Rahul Sharma,Male,50.0,Coimbatore,2023-11-17
4086,Rajesh Patel,Male,31.0,Ahmedabad,2022-12-06
4036,Aadhya Agarwal,Female,52.0,Hyderabad ,2020-09-25
2664,Vivaan Singh,Male,42.0,Kochi,2021-04-07
2719,Priya Iyer,Female,34.0,kolkata,2023-05-30
2614,Neha Malhotra,Female,24.0,Patna,2024-08-12
4575,Anika Mehta,Female,41.64736842105263,Kolkata,2022-06-05
2512,Myra Malhotra,Female,55.0,Bhopal,2022-03-24
901,Vihaan Verma,Male,41.64736842105263,Chandigarh,2019-04-20
3608,Aryan Gupta,Male,42.0,Chandigarh,2023-02-02
4380,Myra Kapoor,Female,27.0,Lucknow,2023-05-29
1932,Arjun Kumar,Male,56.0,Lucknow,2023-04-23
4835,Ananya Reddy,Female,18.0,Kochi,2024-05-26
4411,Pooja Pillai,Female,55.0,Ahmedabad,2022-07-26
3034,Pooja Das,Female,61.0,Indore,2019-08-10
2772,Sai Patel,Male,29.0,Chennai,2021-05-26
3686,Riya Patel,Female,22.0, Mumbai ,2023-04-22
4946,Rajesh Malhotra,Male,41.0,Chandigarh,2020-03-27
4919,Amit Chopra,Male,37.0,Nagpur,2022-01-17
3499,Dhruv Verma,Male,26.0,Hyderabad,2020-03-11
2255,Aryan Gupta,Male,55.0,Nagpur,2024-09-16
2126,Kavya Pillai,Female,63.0,Lucknow,2021-04-19
31,Aryan Das,Male,59.0,JAIPUR,2024-05-16
2307,Diya Joshi,Female,37.0,Coimbatore,2024-01-23
1227,Ananya Menon,Female,55.0,Patna ,2023-04-16
3465,Isha Das,Female,26.0,Mumbai,2022-01-04
2330,Reyansh Malhotra,Male,53.0, Coimbatore ,2019-10-18
174,Suresh Iyer,Male,58.0,Bhopal,2023-03-17
2677,Arjun Joshi,Male,40.0,Kolkata,2021-04-09
3380,Shreya Joshi,Female,63.0,Surat,2022-08-23
4737,Manish Sharma,Male,25.0,kochi,2021-06-13
860,Ira Mehta,Female,44.0,Kolkata,2024-07-07
1973,Vihaan Verma,Male,58.0,Surat,2022-02-04
1918,Anika Patel,Female,41.64736842105263,Kochi ,2020-03-31
3949,Kiara Reddy,Female,22.0,Bhopal ,2024-09-04
3227,Arjun Menon,Male,32.0,Raipur,2019-08-12
4361,Ira Malhotra,Female,41.0,Ranchi,2023-11-15
2492,Rajesh Verma,Male,58.0,Surat,2021-10-04
808,Suresh Kumar,Male,54.0,Mumbai,2023-09-08
1470,Priya Gupta,Female,22.0,Kolkata,2024-03-02
2007,Nikhil Kumar,Male,26.0,Chandigarh,2019-06-09
3393,Diya Kapoor,Female,48.0,Kochi,2020-12-18
4256,Anika Kumar,Female,40.0,Delhi,2021-06-01
3404,Vihaan Verma,Male,52.0,ranchi,2022-10-25
3579,Rajesh Das,Male,53.0,Raipur,2019-07-22
3196,Ishaan Singh,Male,27.0,Delhi,2020-10-11
494,Aadhya Malhotra,Female,58.0,Ahmedabad,2021-07-30
1624,Rajesh Singh,Male,51.0,Ranchi,2021-10-09
2652,Krishna Mehta,Male,53.0,Ahmedabad,2021-06-21
4540,Aditya Agarwal,Male,25.0,Patna,2023-06-29
1002,Amit Kapoor,Male,58.0,Kochi,2019-12-10
2318,Meera Chopra,Female,62.0,Bhopal,2019-03-26
3775,Manish Malhotra,Male,61.0,Patna,2019-05-02
1952,Kiara Pillai,Male,58.0,Ranchi,2024-02-12
2747,Anjali Rao,Female,41.0,Surat,2022-03-25
3570,Anika Joshi,Female,61.0,Raipur,2022-03-23
973,Sai Nair,Male,48.0,NAGPUR,2019-07-06
1309,Meera Mehta,Female,62.0,Ranchi,2020-12-07
4114,Reyansh Kapoor,Male,45.0,Surat,2022-10-04
2490,Aadhya Kumar,Female,24.0,Ranchi,2020-04-22
3405,Anika Pillai,Female,19.0,Coimbatore,2021-08-16
3934,Arjun Reddy,Male,54.0,Indore,2022-03-30
4255,Sneha Menon,Female,31.0,Chandigarh,2019-01-21
4468,Ira Patel,Female,45.0,Mumbai,2021-11-20
2812,Rohan Reddy,Male,45.0,Nagpur,2022-08-30
4993,Kavya Nair,Female,19.0,Bhopal,2020-05-07
3318,Sakshi Patel,Female,60.0,Raipur,2019-09-13
4722,Ishaan Kapoor,Male,53.0,Chandigarh,2024-09-14
4646,Kavya Das,Female,40.0,Bangalore,2022-06-16
2643,Anjali Patel,Female,43.0,Ranchi,2023-09-20
1664,Amit Kapoor,Male,32.0,Nagpur,2023-11-03
1112,Rajesh Mehta,Male,63.0,ahmedabad,2021-08-17
1702,Rohan Iyer,Male,19.0,Nagpur,2019-07-03
17,Anjali Mehta,Male,48.0,Mumbai,2023-02-17
3473,Ananya Iyer,Female,62.0,NAN,2020-12-07
1059,Rahul Mehta,Male,54.0,Mumbai,2024-01-31
641,Isha Gupta,Female,64.0,Kochi,2020-04-08
2660,Ira Iyer,Female,30.0,jaipur,2023-06-21
3011,Anjali Joshi,Female,61.0,MUMBAI,2019-01-19
3214,Neha Iyer,Female,36.0,Ahmedabad,2022-06-13
2170,Ira Agarwal,Female,28.0,Chennai,2020-10-30
2814,Aadhya Kumar,Female,41.64736842105263,Chennai,2024-05-27
4305,Isha Agarwal,Female,62.0,mumbai,2022-03-21
4844,Riya Menon,Female,45.0,Patna,2022-05-07
1187,Aadhya Patel,Female,24.0,Coimbatore,2020-12-28
3302,Saanvi Pillai,Female,50.0,Chandigarh,2023-12-17
2663,Nikhil Rao,Male,56.0,Indore,2023-05-14
4289,Anjali Gupta,Female,39.0,Pune,2020-07-25
3842,Kavya Menon,Female,24.0,Ranchi,2021-12-05
1717,Sakshi Nair,Female,46.0,Bhopal,2021-07-30
2961,Suresh Reddy,Male,29.0,Kochi,2019-07-22
2470,Shreya Agarwal,Female,44.0,Ranchi,2024-08-17
1967,Myra Das,Female,35.0,Mumbai,2021-04-08
1921,Riya Agarwal,Female,25.0,Ranchi,2019-04-08
3144,Myra Pillai,Female,45.0,Indore,2022-08-19
4599,Nikhil Rao,Male,41.0, Lucknow ,2020-12-20
4126,Reyansh Nair,Male,64.0,Ranchi,2021-11-07
2966,Ira Sharma,Female,53.0, Bangalore ,2022-04-25
586,Kabir Sharma,Male,37.0,Ahmedabad,2021-05-29
4638,Riya Chopra,Female,47.0,Patna,2023-10-20
37,Kiara Mehta,Female,38.0,Lucknow,2019-08-31
1073,Arjun Pillai,Male,44.0,Delhi,2022-06-03
77,Rahul Verma,Male,53.0,Bhopal,2023-09-03
2239,Rajesh Das,Male,36.0,Kolkata,2020-06-10
3475,Krishna Mehta,Male,42.0,Ranchi,2023-11-03
4142,Ira Joshi,Female,48.0,BANGALORE,2020-10-03
998,Divya Reddy,Female,49.0,Patna,2023-05-09
3627,Riya Malhotra,Female,61.0,Kochi,2023-07-08
2369,Manish Iyer,Male,31.0,Chandigarh,2023-11-24
4641,Meera Iyer,Female,49.0,Nagpur,2022-01-21
3507,Karan Mehta,Male,20.0,Delhi,2023-07-12
2050,Ira Das,Female,45.0, Raipur ,2020-11-20
1408,Rahul Nair,Male,64.0,BHOPAL,2023-02-18
1906,Karan Menon,Male,35.0,Surat,2023-01-27
376,Isha Singh,Female,24.0,Ahmedabad,2019-01-09
3883,Reyansh Singh,Male,25.0,Ranchi,2023-07-10
2171,Ira Agarwal,Female,57.0,BHOPAL,2020-10-10
4199,Priya Kapoor,Female,36.0,Chennai,2021-01-24
1328,Aditya Iyer,Male,58.0,Pune,2023-03-05
2787,Priya Reddy,Female,62.0,Nagpur,2023-01-03
2794,Vivaan Menon,Male,30.0,Mumbai,2023-08-30
4395,Arjun Kumar,Male,61.0,Bhopal,2019-10-01
4984,Suresh Iyer,Male,58.0,Delhi,2022-01-24
1385,Priya Chopra,Female,65.0,Raipur,2023-03-03
190,Rajesh Patel,Male,46.0,Nagpur,2021-05-22
1516,Rajesh Agarwal,Male,23.0,Raipur,2023-04-16
4948,Rajesh Pillai,Male,21.0,Ahmedabad,2022-01-11
4772,Neha Gupta,Female,60.0,Raipur,2020-02-14
3962,Sakshi Gupta,Female,34.0,Ranchi,2024-09-03
4308,Krishna Nair,Male,59.0,Ranchi,2020-07-02
2060,Dhruv Rao,Male,60.0,Mumbai,2021-06-03
354,Rahul Mehta,Male,34.0,Patna,2019-07-25
2399,Sneha Malhotra,Female,37.0,Nagpur,2019-04-08
3082,Vivaan Joshi,Male,33.0,Chandigarh,2021-06-03
3647,Rajesh Agarwal,Male,41.0,Hyderabad,2022-03-29
2249,Vihaan Iyer,Male,32.0,Ahmedabad,2019-08-20
4093,Manish Joshi,Male,18.0,Kolkata,2022-10-02
1384,Vihaan Sharma,Male,61.0,Coimbatore,2020-06-17
1629,Ishaan Patel,Male,50.0,Coimbatore,2021-03-31
4048,Aditya Kapoor,Male,48.0,RANCHI,2021-06-30
3646,Ira Rao,Female,28.0,delhi,2022-04-21
2496,Amit Mehta,Male,65.0,Lucknow,2023-07-25
4232,Dhruv Gupta,Male,41.64736842105263,Delhi,2023-05-11
2327,Diya Kapoor,Female,18.0,Hyderabad,2021-12-25
3489,Amit Sharma,Male,47.0,Jaipur,2022-06-08
4220,Aadhya Menon,Female,39.0,Chennai,2024-09-22
2930,Rohan Das,Male,26.0,Bhopal,2021-12-13
3107,Diya Mehta,Female,55.0,Lucknow,2021-11-09
1471,Meera Iyer,Female,46.0,Chennai,2020-05-22
1840,Myra Agarwal,Female,54.0,Ranchi,2023-11-13
2111,Dhruv Verma,Male,40.0,Delhi,2024-05-21
3299,Sneha Mehta,Female,18.0,Hyderabad,2020-03-25
241,Vivaan Das,Male,21.0,Kolkata,2023-11-10
1518,Ishaan Mehta,Male,30.0,Coimbatore,2021-10-01
2164,Karan Joshi,Male,47.0,Ranchi,2020-06-18
677,Neha Verma,Female,35.0,Bhopal,2019-12-22
4195,Aadhya Das,Female,55.0,Coimbatore ,2022-02-04
4819,Sai Patel,Male,60.0,Bhopal ,2021-08-29
3367,Kabir Verma,Male,42.0, Chennai ,2020-05-31
4735,Divya Rao,Female,39.0,Indore,2020-09-03
1383,Rohan Bose,Male,41.0,Surat,2022-05-31
1206,Sneha Reddy,Female,43.0,Delhi,2019-02-13
2455,Myra Joshi,Female,65.0,Bhopal,2022-07-13
2920,Pooja Verma,Female,24.0,INDORE,2022-09-30
3653,Shreya Sharma,Female,22.0,Patna,2024-03-17
1028,Suresh Joshi,Male,56.0,Patna,2020-06-21
1020,Meera Sharma,Female,46.0, nan ,2021-09-20
1817,Aarav Reddy,Male,46.0,Nagpur,2021-03-09
3106,Aditya Pillai,Male,50.0,Indore,2023-01-22
4323,Vihaan Joshi,Male,36.0,Indore,2020-03-25
3820,Myra Reddy,Female,26.0,Ahmedabad,2023-10-19
4534,Dhruv Nair,Male,62.0,Ranchi,2022-11-12
2831,Arjun Pillai,Male,19.0,Hyderabad,2022-11-04
3480,Karan Agarwal,Male,55.0,Mumbai ,2019-02-10
2393,Vihaan Nair,Male,28.0,RANCHI,2019-06-23
3056,Krishna Reddy,Male,54.0,Lucknow,2022-06-10
1484,Kiara Verma,Female,31.0,Mumbai,2023-09-29
3397,Kavya Joshi,Female,60.0,Pune,2022-09-03
2374,Sakshi Bose,Female,19.0,Raipur,2021-09-26
4321,Krishna Kumar,Male,41.64736842105263,Ranchi,2023-02-22
3556,Dhruv Das,Male,18.0, Kochi ,2023-05-25
2368,Isha Das,Female,27.0,Indore,2023-04-07
3143,Neha Kumar,Female,32.0,Patna,2024-03-10
4076,Priya Sharma,Female,54.0,raipur,2023-04-24
2624,Kiara Patel,Female,64.0,Kolkata ,2021-06-02
1293,Dhruv Sharma,Male,52.0,Patna,2022-07-18
853,Suresh Menon,Male,23.0,Chennai,2021-05-01
2815,Karan Singh,Male,41.0,Ranchi,2020-10-25
3151,Suresh Singh,Male,41.64736842105263, Indore ,2019-12-22
4033,Kavya Reddy,Female,51.0,Mumbai,2020-09-29
1618,Diya Gupta,Female,21.0,Jaipur,2020-03-14
2827,Nikhil Singh,Male,20.0,Pune,2019-04-20
3178,Aadhya Joshi,Female,64.0,Jaipur,2024-05-04
2615,Shreya Kapoor,Female,18.0,Mumbai,2021-01-27
4779,Ananya Chopra,Female,38.0,Lucknow,2021-12-14
4757,Nikhil Verma,Male,35.0,Mumbai,2021-04-15
2868,Rohan Agarwal,Male,20.0,Bhopal,2024-04-26
4695,Vivaan Mehta,Male,36.0,Mumbai,2024-01-17
3942,Kabir Bose,Male,60.0,Bangalore,2020-09-03
893,Kiara Gupta,Female,48.0,Nagpur,2021-01-04
141,Aryan Sharma,Male,48.0,Hyderabad,2022-04-25
1590,Priya Agarwal,Female,34.0,Chandigarh,2021-11-04
3808,Divya Bose,Female,18.0,Bangalore,2021-01-01
2497,Aarav Mehta,Male,38.0,kolkata,2020-01-17
4607,Riya Kumar,Female,53.0,kochi,2024-02-09
2438,Priya Pillai,Female,23.0,Delhi,2020-11-07
3280,Rohan Das,Male,19.0,KOLKATA,2019-02-12
821,Anjali Reddy,Female,41.64736842105263, Ahmedabad ,2022-08-05
4389,Aditya Agarwal,Male,46.0,Kochi,2020-04-11
2746,Amit Joshi,Male,41.64736842105263,Surat,2022-02-19
4610,Ananya Rao,Female,62.0,Hyderabad,2024-02-18
4268,Aditya Malhotra,Male,59.0,Patna,2024-03-21
2533,Suresh Singh,Male,33.0,Lucknow,2021-10-29
1137,Saanvi Nair,Female,26.0,Delhi,2019-09-05
1818,Suresh Mehta,Male,39.0,Hyderabad,2023-02-19
230,Krishna Kumar,Male,55.0,Hyderabad,2020-09-28
1000,Priya Menon,Female,29.0,Bhopal,2023-10-11
2716,Diya Iyer,Female,19.0,Nagpur,2023-05-18
3804,Manish Verma,Male,51.0,Chennai,2019-03-10
4651,Kabir Iyer,Male,39.0,Ahmedabad,2022-09-28
4686,Shreya Pillai,Female,23.0,Coimbatore,2019-06-18
2581,Divya Menon,Female,20.0,Surat,2023-04-04
3325,Krishna Nair,Male,63.0,Ranchi,2020-09-16
25,Neha Patel,Female,47.0,Nan ,2022-11-03
1119,Karan Verma,Male,38.0,Bhopal,2023-07-25
2150,Isha Bose,Female,27.0,Ranchi,2023-01-15
629,Rajesh Nair,Male,32.0,Mumbai,2023-01-11
1472,Diya Chopra,Female,36.0,Indore,2023-08-03
262,Manish Menon,Male,40.0,Ahmedabad,2020-12-19
1389,Meera Reddy,Female,52.0,chennai,2019-06-29
3041,Rahul Mehta,Male,41.64736842105263,Chandigarh,2020-02-14
2554,Reyansh Nair,Male,65.0,Delhi,2021-01-04
2423,Divya Kumar,Female,60.0,Raipur,2022-02-16
1696,Diya Chopra,Female,48.0,Coimbatore,2021-06-11
9,Priya Verma,Female,43.0, Delhi ,2021-03-08
1607,Dhruv Rao,Male,43.0,Hyderabad,2021-12-06
1067,Kavya Patel,Female,27.0,Kochi,2020-06-04
1903,Dhruv Agarwal,Male,26.0,Indore,2020-05-20
2412,Sakshi Joshi,Female,41.64736842105263,Nagpur,2019-07-28
1714,Sai Nair,Male,41.0,Ahmedabad,2024-02-11
3062,Suresh Verma,Male,58.0,Kolkata,2020-09-04
401,Nikhil Singh,Male,42.0,Delhi,2023-10-22
4417,Arjun Pillai,Male,40.0,Indore,2022-12-08
4624,Dhruv Mehta,Male,50.0,Bangalore,2023-08-12
1995,Saanvi Rao,Female,35.0,Ahmedabad,2021-06-08
1540,Aditya Reddy,Male,60.0,nagpur,2023-03-04
3880,Anika Gupta,Female,23.0,Pune,2020-08-17
3726,Dhruv Sharma,Male,62.0,DELHI,2023-09-16
3902,Priya Pillai,Female,47.0,Ranchi,2023-02-10
4554,Kiara Patel,Female,25.0,Indore,2021-06-27
3282,Kiara Das,Female,49.0,Jaipur,2021-01-14
39,Saanvi Verma,Female,43.0,Chandigarh,2021-02-02
2293,Anika Pillai,Female,40.0,Bhopal ,2020-03-11
3468,Manish Gupta,Male,21.0,Ranchi,2024-05-31
865,Myra Chopra,Female,28.0,Delhi,2022-01-21
4954,Ishaan Rao,Male,56.0,Ahmedabad,2019-08-06
4388,Vivaan Verma,Male,64.0,Delhi,2019-08-03
3845,Anika Sharma,Female,46.0,Ranchi,2023-08-01
1435,Shreya Agarwal,Female,32.0,Indore,2019-12-09
2441,Ira Iyer,Female,55.0,Lucknow,2019-10-21
2434,Sai Patel,Male,56.0,Surat,2023-03-24
2376,Sneha Sharma,Female,49.0,Bhopal,2023-12-30
4805,Anjali Iyer,Female,54.0,Delhi,2024-06-25
4499,Ananya Menon,Female,64.0,Pune,2022-01-23
208,Amit Chopra,Male,51.0,Kochi,2021-11-27
3329,Vivaan Rao,Male,58.0,Nagpur ,2020-11-15
3102,Rajesh Malhotra,Male,43.0,Kolkata,2020-09-09
3363,Vihaan Reddy,Male,45.0,Nagpur,2020-05-18
2569,Ishaan Agarwal,Male,53.0,Bangalore,2022-10-21
1070,Rajesh Rao,Male,25.0,Hyderabad,2023-02-22
2097,Priya Patel,Female,63.0,Bhopal,2021-10-29
891,Meera Singh,Female,42.0,Lucknow ,2024-02-15
670,Neha Malhotra,Female,64.0,Raipur,2019-04-30
852,Isha Mehta,Female,28.0, Bhopal ,2023-08-24
4135,Meera Malhotra,Female,41.64736842105263,Nagpur,2021-10-05
1655,Vivaan Menon,Male,52.0, Surat ,2019-04-03
699,Saanvi Joshi,Female,38.0,Patna,2024-06-19
4378,Pooja Nair,Female,27.0,Mumbai,2021-04-30
294,Karan Kumar,Male,27.0,Raipur,2020-02-15
4898,Sakshi Chopra,Female,59.0,Chennai,2021-02-20
895,Arjun Malhotra,Male,43.0,Raipur,2020-02-21
2725,Sneha Patel,Female,54.0,Kolkata,2023-07-12
1326,Manish Iyer,Male,34.0,Indore,2020-10-30
2298,Aditya Gupta,Male,34.0, Patna ,2020-05-02
984,Amit Verma,Male,46.0,NAGPUR,2024-06-10
1113,Priya Verma,Female,35.0,Chandigarh,2021-05-06
632,Krishna Nair,Male,20.0,Bhopal,2019-03-03
1968,Rohan Mehta,Male,41.0, Mumbai ,2022-08-11
3873,Saanvi Menon,Female,62.0,Surat,2020-01-06
213,Rohan Singh,Male,54.0, Hyderabad ,2021-07-24
4716,Shreya Sharma,Female,29.0,KOLKATA,2021-12-09
1610,Karan Agarwal,Male,30.0,Lucknow,2022-06-03
3005,Aadhya Malhotra,Female,52.0,Nagpur,2019-01-26
1288,Ishaan Iyer,Male,25.0,Lucknow,2019-12-26
2991,Arjun Bose,Male,36.0,Indore,2021-01-27
3598,Sakshi Malhotra,Female,53.0,Nagpur,2024-02-11
2377,Aadhya Rao,Female,34.0,Nagpur,2021-07-25
199,Shreya Patel,Female,48.0,Bangalore,2019-03-10
3785,Kabir Chopra,Male,54.0,Ranchi,2023-09-11
4655,Ishaan Mehta,Male,55.0,Nagpur,2023-09-23
4119,Kavya Nair,Female,31.0,Kochi ,2020-07-30
4652,Priya Nair,Female,39.0,Kolkata,2021-03-31
2667,Kabir Menon,Male,22.0,Ranchi,2019-08-11
1443,Arjun Chopra,Male,27.0,Bangalore,2021-09-30
4559,Kavya Nair,Female,61.0,Ranchi,2020-05-21
2272,Vihaan Mehta,Male,27.0,Jaipur,2024-02-15
3547,Aryan Gupta,Male,26.0,Mumbai,2021-12-19
524,Priya Pillai,Female,51.0,Patna,2023-08-23
4951,Karan Chopra,Male,48.0,Ahmedabad,2024-05-11
4426,Reyansh Patel,Male,32.0,Pune,2023-07-30
1935,Meera Menon,Female,28.0,Nagpur,2020-09-30
4930,Rajesh Das,Male,18.0,Hyderabad,2023-02-03
3700,Sakshi Kumar,Female,41.0,Jaipur ,2020-06-21
4077,Vihaan Agarwal,Male,30.0,Bhopal,2023-03-25
4327,Aditya Chopra,Male,43.0,Indore,2024-09-15
4038,Dhruv Malhotra,Male,63.0,Ranchi,2019-05-31
2632,Dhruv Kumar,Male,61.0,Patna,2019-10-25
296,Riya Malhotra,Female,59.0, Chandigarh ,2024-04-21
3424,Dhruv Sharma,Male,65.0, Hyderabad ,2020-05-14
3172,Anika Bose,Female,33.0,Bangalore,2020-04-14
3707,Shreya Mehta,Female,45.0,Jaipur,2019-08-23
4136,Rajesh Rao,Male,44.0,Lucknow,2020-03-07
4301,Saanvi Menon,Female,32.0,Surat,2019-03-31
822,Riya Kapoor,Female,61.0,Bhopal,2022-02-09
4349,Neha Gupta,Female,58.0,Nagpur,2019-09-08
3298,Aryan Agarwal,Male,27.0,Bhopal,2023-09-05
1205,Ananya Gupta,Female,58.0,Patna,2023-04-11
4120,Arjun Kumar,Male,35.0,Delhi,2019-05-10
4090,Sneha Menon,Female,58.0,SURAT,2022-12-29
2447,Rahul Kumar,Male,63.0,Chennai,2019-05-31
3001,Diya Das,Female,28.0,pune,2020-07-11
1665,Pooja Nair,Female,19.0,Delhi,2019-04-18
3500,Sai Agarwal,Male,55.0,Bangalore,2020-11-30
2440,Rajesh Sharma,Male,30.0,Kolkata,2023-05-20
2940,Shreya Menon,Female,65.0,NAN,2019-12-14
4675,Anika Chopra,Female,23.0,Coimbatore,2023-07-23
3771,Saanvi Kapoor,Female,62.0,Ranchi,2024-08-25
4182,Kabir Das,Male,60.0,Mumbai,2020-10-23
2086,Reyansh Sharma,Male,53.0,Patna,2019-08-24
2510,Amit Agarwal,Male,33.0,Delhi,2023-10-27
2308,Rajesh Rao,Male,24.0,Mumbai,2020-06-09
3914,Karan Kumar,Male,37.0,Coimbatore,2023-09-29
1646,Ira Das,Female,42.0,Chennai,2021-03-29
4161,Anjali Das,Female,23.0,ranchi,2023-08-07
2104,Manish Reddy,Male,40.0, Hyderabad ,2020-09-25
4556,Riya Pillai,Female,20.0,Delhi,2022-06-25
751,Anika Mehta,Female,34.0,Pune,2019-05-20
2421,Aditya Das,Male,39.0,Ranchi,2023-03-05
1162,Divya Das,Female,29.0,Surat,2023-03-12
2597,Pooja Patel,Female,19.0,Ahmedabad,2023-09-16
2886,Rajesh Verma,Male,45.0,Chennai,2021-11-24
2571,Vivaan Rao,Male,49.0,Pune,2020-07-26
4761,Kavya Sharma,Female,40.0,AHMEDABAD,2020-09-23
2075,Anika Das,Female,20.0,Ahmedabad,2020-09-26
278,Myra Verma,Female,41.0,Mumbai,2023-10-18
159,Sai Das,Male,57.0,Delhi,2023-01-10
4332,Isha Singh,Female,49.0,Patna,2021-12-10
1147,Neha Malhotra,Female,31.0,Indore,2021-01-24
295,Suresh Singh,Male,36.0,Coimbatore,2022-11-09
2753,Diya Kapoor,Female,31.0,Bhopal,2021-01-16
978,Rohan Singh,Male,38.0,Delhi,2020-06-07
260,Anjali Singh,Female,39.0,Lucknow,2022-08-14
2207,Neha Agarwal,Female,65.0,Pune,2021-07-23
3201,Shreya Rao,Female,49.0,indore,2022-05-04
1762,Rohan Bose,Male,64.0,Ahmedabad,2022-10-23
3019,Shreya Menon,Female,43.0,Ahmedabad,2021-01-20
2640,Vivaan Singh,Male,60.0,Nagpur,2024-01-24
1169,Kavya Rao,Female,41.0,Chandigarh,2022-07-22
3518,Rohan Singh,Male,43.0,Mumbai,2019-04-05
2315,Dhruv Verma,Male,37.0,Kolkata,2021-07-04
2894,Meera Kumar,Female,34.0,Ranchi,2020-02-03
3546,Reyansh Reddy,Male,26.0,Raipur,2023-10-16
414,Vihaan Patel,Male,52.0,Coimbatore,2019-01-31
4150,Aarav Nair,Male,19.0,CHANDIGARH,2021-05-02
3071,Saanvi Sharma,Female,62.0,Ranchi,2024-02-18
4913,Saanvi Pillai,Female,25.0,Chandigarh,2023-05-26
1370,Meera Mehta,Female,36.0,Chandigarh,2019-12-05
240,Krishna Das,Male,26.0,Bangalore,2022-09-20
905,Shreya Joshi,Female,52.0,Coimbatore,2019-03-14
2531,Rohan Chopra,Male,51.0,jaipur,2020-02-09
514,Pooja Iyer,Female,53.0,Raipur,2019-07-15
68,Krishna Gupta,Male,24.0,Ranchi,2019-05-18
2586,Myra Iyer,Female,50.0,Ahmedabad,2022-08-10
4318,Aadhya Reddy,Female,42.0,mumbai,2022-10-06
2082,Sai Nair,Male,52.0,Raipur,2020-06-11
1315,Manish Patel,Male,43.0,Mumbai,2023-06-01
4992,Kavya Nair,Male,29.0,Ranchi,2020-06-22
1727,Aditya Chopra,Male,46.0,Bhopal,2024-01-17
2358,Vihaan Rao,Male,31.0,Delhi,2019-09-03
4158,Rajesh Singh,Male,47.0,Chennai,2022-05-16
4577,Vivaan Rao,Male,61.0,Ahmedabad,2021-01-27
3311,Anjali Kapoor,Female,24.0,Kolkata,2021-03-26
1791,Nikhil Singh,Male,28.0,Pune,2023-11-28
4486,Suresh Singh,Male,61.0,Patna,2020-06-02
4045,Ananya Bose,Female,46.0,Ahmedabad,2020-02-20
4856,Krishna Chopra,Male,52.0,Ahmedabad,2024-08-24
4307,Nikhil Mehta,Male,62.0,Delhi,2024-02-23
4734,Arjun Malhotra,Male,49.0,Mumbai,2021-11-13
2174,Saanvi Sharma,Female,55.0,Nagpur,2023-12-12
1937,Saanvi Bose,Female,42.0,Mumbai,2019-09-23
2117,Aditya Mehta,Male,55.0,RAIPUR,2020-12-11
3859,Neha Gupta,Female,41.64736842105263,Bangalore,2024-04-14
1398,Anika Mehta,Female,63.0,Jaipur,2020-05-02
1245,Sakshi Agarwal,Female,27.0,Coimbatore,2020-12-20
4749,Neha Gupta,Female,40.0,Bhopal,2022-06-26
834,Anika Bose,Female,41.0,Lucknow,2019-07-13
150,Ananya Reddy,Female,31.0,Jaipur,2019-09-14
1173,Diya Agarwal,Female,30.0,Surat,2021-03-16
2349,Anika Reddy,Female,41.64736842105263,Surat,2021-01-19
1193,Arjun Reddy,Male,37.0,bhopal,2024-04-28
185,Krishna Bose,Male,22.0,CHENNAI,2021-07-15
888,Nikhil Nair,Male,44.0,Hyderabad,2022-07-11
921,Ira Reddy,Female,39.0,Chandigarh,2024-08-21
1819,Divya Sharma,Female,56.0,Jaipur,2019-05-18
1488,Pooja Patel,Female,30.0,Ranchi,2023-09-13
2927,Aarav Agarwal,Male,18.0,Hyderabad,2024-04-27
4834,Reyansh Das,Male,28.0,Coimbatore,2021-04-28
3679,Kiara Menon,Female,30.0,Ahmedabad,2021-02-28
1873,Neha Agarwal,Female,41.0,Hyderabad,2021-01-02
4282,Aditya Mehta,Male,27.0,Ranchi,2022-06-30
4437,Kabir Agarwal,Male,65.0,Ahmedabad,2022-12-17
668,Krishna Mehta,Male,34.0,Bangalore,2022-06-14
2900,Sai Menon,Male,29.0,Indore,2023-03-23
3427,Ishaan Rao,Male,41.64736842105263,Raipur,2019-08-30
673,Kavya Verma,Female,51.0,Lucknow,2022-07-16
1909,Reyansh Malhotra,Male,36.0,Mumbai,2022-09-30
2109,Shreya Malhotra,Female,46.0,Ranchi,2019-09-26
1647,Rohan Bose,Male,46.0,Lucknow,2021-07-12
2036,Manish Chopra,Male,52.0,Ahmedabad,2020-11-14
1682,Amit Verma,Male,35.0,Ranchi,2023-04-23
2232,Neha Bose,Female,38.0,Ranchi,2021-03-30
265,Suresh Singh,Male,49.0,Chennai,2022-09-18
3300,Riya Agarwal,Female,52.0,Delhi,2023-05-15
1324,Kabir Reddy,Male,26.0,Ranchi,2021-06-03
2505,Amit Verma,Male,48.0,Nagpur,2023-07-21
597,Ishaan Rao,Male,36.0,Indore,2020-08-29
93,Aditya Verma,Male,18.0,Bhopal,2020-07-17
1412,Aditya Kumar,Male,22.0,Bhopal,2021-10-01
3471,Anjali Rao,Female,31.0,Kolkata,2020-12-27
4815,Sneha Nair,Female,38.0,Chandigarh,2023-08-23
3031,Vivaan Bose,Male,58.0,Lucknow ,2019-04-23
410,Aryan Das,Male,33.0,Ranchi,2021-09-25
1692,Anjali Malhotra,Female,20.0,Ranchi,2022-01-28
210,Sai Rao,Male,35.0,Kochi,2019-09-19
4836,Pooja Das,Female,48.0,Delhi,2019-02-13
2697,Ananya Malhotra,Female,52.0, Chennai ,2019-12-12
2251,Ishaan Kumar,Male,26.0, Kochi ,2022-08-01
2396,Sakshi Pillai,Female,63.0,Indore,2021-10-26
1754,Kabir Bose,Male,49.0, Indore ,2023-01-02
1501,Sneha Mehta,Female,60.0,Bhopal,2022-03-06
2788,Ishaan Agarwal,Male,43.0,Delhi,2019-06-15
1085,Ananya Joshi,Female,45.0,Kolkata,2023-08-27
1268,Aadhya Joshi,Female,19.0,Raipur,2021-08-19
1110,Vihaan Das,Male,41.0,Pune,2023-12-26
3548,Ananya Bose,Female,65.0,Bhopal,2023-11-18
2750,Vivaan Kumar,Male,37.0,Nagpur,2021-07-29
2979,Kavya Agarwal,Female,30.0,lucknow,2020-07-30
3455,Riya Reddy,Female,19.0,Bhopal,2020-05-05
4377,Sneha Nair,Female,63.0,KOCHI,2023-08-20
635,Anika Rao,Female,43.0,Delhi,2023-04-08
3756,Rahul Verma,Male,43.0,Indore,2019-12-04
2883,Dhruv Kumar,Male,28.0,Nagpur,2021-09-22
3438,Anika Malhotra,Female,61.0,Ranchi,2019-06-24
3768,Rajesh Sharma,Male,50.0,Patna,2024-09-12
2316,Anjali Bose,Female,32.0,Patna,2020-04-20
3323,Ira Nair,Female,45.0,Coimbatore,2022-06-02
2233,Rajesh Menon,Male,25.0,Lucknow,2019-09-06
2163,Rohan Pillai,Male,27.0,Indore,2021-03-21
3108,Diya Das,Female,45.0,Indore,2021-03-15
810,Divya Malhotra,Female,48.0,Hyderabad,2024-01-28
3171,Rajesh Joshi,Male,31.0,Nagpur,2019-07-21
3029,Sneha Patel,Female,41.64736842105263,Raipur,2021-01-18
2876,Diya Bose,Female,53.0,Ahmedabad ,2020-12-26
3255,Saanvi Nair,Female,19.0,Pune,2022-01-14
3333,Anjali Agarwal,Male,59.0,Ahmedabad,2022-05-09
3030,Rajesh Verma,Male,52.0,Surat,2022-08-22
4116,Kabir Kumar,Male,19.0,Indore,2023-08-02
52,Amit Kumar,Male,47.0, nan ,2023-03-11
2354,Kiara Iyer,Female,41.64736842105263,Bhopal,2024-06-28
4882,Nikhil Pillai,Male,47.0,Chennai,2020-11-12
3704,Sneha Pillai,Female,30.0,Pune,2021-08-18
2129,Diya Das,Female,26.0,Ahmedabad,2019-10-16
4333,Aditya Menon,Male,20.0,Chennai,2024-03-09
1038,Isha Singh,Female,24.0, Ranchi ,2020-02-22
2775,Reyansh Joshi,Male,41.64736842105263,Nagpur,2021-09-28
370,Anika Gupta,Female,47.0,patna,2024-01-10
3155,Aryan Kumar,Male,64.0,Nagpur,2022-12-13
1970,Rajesh Kapoor,Male,46.0,jaipur,2020-03-13
3269,Aryan Agarwal,Male,44.0,Ranchi,2019-07-24
2714,Divya Pillai,Female,30.0,Chandigarh,2019-06-06
1483,Rajesh Malhotra,Male,21.0,Ranchi,2023-10-28
1363,Kiara Singh,Female,30.0,Lucknow,2019-06-14
1515,Aarav Rao,Male,18.0,Raipur,2020-09-18
2153,Myra Verma,Female,47.0,Bhopal,2021-07-18
3536,Amit Iyer,Male,62.0,Surat,2020-07-10
4509,Anika Malhotra,Female,56.0,Mumbai,2024-03-23
113,Kavya Patel,Female,61.0,Raipur,2023-04-06
4376,Anjali Malhotra,Female,48.0,Raipur,2020-01-09
169,Saanvi Menon,Female,26.0,Pune,2021-04-27
2323,Aditya Pillai,Male,29.0,Pune,2024-01-02
160,Amit Kumar,Male,30.0,Indore,2024-09-01
1600,Amit Kumar,Male,47.0,Chennai,2022-04-01
576,Aditya Mehta,Male,22.0,Pune,2020-02-02
3813,Ishaan Menon,Male,42.0,Patna,2019-01-04
4493,Ananya Das,Female,59.0,Lucknow,2022-11-19
4674,Aarav Patel,Male,64.0,Ahmedabad,2024-08-28
2880,Sneha Agarwal,Female,33.0,Ranchi,2023-10-25
2603,Sneha Mehta,Female,44.0,Jaipur ,2022-04-05
4600,Anika Agarwal,Female,29.0,Indore,2020-07-01
161,Kavya Bose,Female,44.0,patna,2024-06-24
1246,Sneha Das,Female,37.0,Patna ,2022-03-06
1355,Aryan Sharma,Male,57.0,Patna,2022-09-07
1290,Suresh Chopra,Male,26.0,Surat,2023-04-07
3142,Vihaan Bose,Male,30.0,Kolkata,2019-04-14
140,Priya Malhotra,Female,47.0,Raipur,2024-08-11
1158,Manish Mehta,Male,27.0,Surat,2021-10-09
3451,Meera Malhotra,Female,34.0,Ranchi,2019-01-15
3538,Saanvi Nair,Female,40.0,Patna,2019-03-13
4403,Kavya Bose,Female,62.0,Ranchi,2024-09-16
3543,Sakshi Patel,Female,32.0,Delhi,2021-12-19
3327,Rahul Menon,Male,64.0,Bangalore,2024-05-07
1116,Suresh Kumar,Male,65.0,Bangalore,2020-06-05
2484,Priya Sharma,Female,39.0,Indore,2023-11-07
854,Meera Kapoor,Female,39.0,Bangalore,2023-03-20
3816,Divya Gupta,Female,41.64736842105263,COIMBATORE,2023-12-06
4935,Rohan Pillai,Male,59.0,Ranchi,2024-05-06
2436,Meera Gupta,Female,62.0,Chennai,2019-07-30
4700,Arjun Rao,Male,57.0,Ranchi,2021-12-29
4449,Riya Chopra,Female,60.0,Mumbai,2021-09-16
2259,Riya Malhotra,Female,25.0,LUCKNOW,2024-01-24
54,Nikhil Das,Male,41.64736842105263,Ranchi,2019-11-16
2828,Shreya Nair,Female,24.0,Patna,2023-06-21
1494,Rahul Pillai,Male,24.0,Delhi,2021-06-14
2706,Myra Mehta,Female,56.0,Surat,2024-09-28
2435,Vihaan Gupta,Male,23.0,Mumbai,2020-09-06
4628,Shreya Pillai,Female,42.0,Ranchi,2022-09-27
2178,Aadhya Chopra,Female,56.0,Chandigarh,2019-03-07
2195,Divya Reddy,Female,48.0,Pune,2024-07-21
4270,Anika Das,Female,18.0,Hyderabad,2022-04-26
4658,Divya Reddy,Female,41.64736842105263,Patna,2022-02-07
620,Ananya Agarwal,Female,35.0,Ahmedabad,2020-09-13
3701,Aditya Kapoor,Male,52.0,Ahmedabad,2021-11-07
996,Pooja Kumar,Female,25.0,Lucknow,2024-07-03
3827,Krishna Chopra,Male,42.0,Ranchi,2020-09-24
4168,Rohan Agarwal,Male,24.0,LUCKNOW,2019-07-06
1602,Rahul Verma,Male,31.0,lucknow,2020-05-20
2842,Nikhil Nair,Male,41.64736842105263,chandigarh,2019-03-19
3703,Shreya Bose,Female,49.0,Delhi,2023-11-03
1213,Diya Kapoor,Female,59.0,Hyderabad,2023-05-19
4164,Dhruv Singh,Male,28.0,Nagpur,2019-04-23
168,Ira Nair,Female,31.0,Raipur,2022-12-07
3146,Diya Verma,Female,58.0,Nagpur,2020-09-16
2002,Meera Iyer,Female,50.0,Hyderabad,2024-02-15
3669,Ananya Rao,Female,65.0,Chandigarh,2023-01-28
3940,Ananya Gupta,Male,45.0,Ranchi,2021-02-12
4547,Anika Singh,Female,44.0,Pune,2020-01-21
4879,Kavya Singh,Female,24.0,Hyderabad,2019-07-29
4112,Aditya Chopra,Male,34.0,Kolkata,2021-03-14
3592,Meera Bose,Female,25.0,coimbatore,2021-03-21
4860,Ira Sharma,Female,28.0,bangalore,2022-05-31
2766,Priya Agarwal,Female,58.0,Jaipur,2024-06-04
2829,Aadhya Bose,Female,28.0,Bhopal,2019-06-24
664,Rajesh Pillai,Male,49.0,Kochi,2024-07-31
516,Ira Das,Female,65.0,Surat,2021-11-30
4704,Rohan Kumar,Male,65.0,Hyderabad,2023-07-15
2710,Manish Patel,Male,19.0,Ranchi,2024-01-26
357,Sai Chopra,Male,46.0,Ranchi,2022-01-03
2867,Isha Sharma,Female,52.0,Kolkata,2019-09-10
1432,Sai Kumar,Male,29.0,Indore,2022-12-15
4694,Vivaan Gupta,Male,38.0,Ahmedabad,2019-06-09
3342,Meera Sharma,Female,53.0,mumbai,2024-02-17
2711,Sneha Gupta,Female,57.0,Bangalore,2024-03-04
3955,Amit Iyer,Male,19.0,Bhopal,2024-04-22
530,Arjun Kapoor,Male,28.0,Mumbai,2019-05-24
3321,Kiara Reddy,Female,48.0,Bhopal,2019-12-08
2287,Priya Das,Female,46.0,Coimbatore,2020-11-03
60,Suresh Gupta,Male,20.0,Bhopal,2022-11-12
949,Ira Agarwal,Female,33.0,Patna,2023-05-11
4707,Aarav Kapoor,Male,30.0,Jaipur,2024-07-26
3906,Riya Iyer,Female,58.0,Raipur,2020-07-15
282,Aadhya Agarwal,Female,41.64736842105263,Kolkata,2023-02-28
1184,Arjun Joshi,Male,54.0,Ranchi,2023-05-21
3349,Sai Patel,Male,25.0,Delhi,2020-11-02
1630,Meera Mehta,Female,36.0,Hyderabad,2024-07-12
2783,Ira Reddy,Female,49.0,Surat,2020-07-20
4456,Arjun Nair,Male,60.0,Nagpur,2019-04-30
4861,Aditya Kumar,Male,41.64736842105263,Ahmedabad,2021-02-14
4957,Reyansh Malhotra,Male,37.0, Bangalore ,2021-11-25
2849,Vivaan Iyer,Male,41.64736842105263,Ranchi,2024-08-17
4399,Meera Reddy,Female,56.0,Patna,2024-08-25
452,Rahul Patel,Male,41.64736842105263,Bangalore,2022-02-24
3576,Sakshi Kapoor,Female,45.0,Mumbai,2021-09-08
1327,Isha Gupta,Female,34.0,Bhopal,2020-08-09
3230,Sai Pillai,Male,39.0,CHANDIGARH,2019-01-10
2733,Nikhil Joshi,Male,55.0, Ahmedabad ,2022-01-07
2902,Sakshi Agarwal,Female,46.0,Lucknow,2024-09-06
3980,Vivaan Agarwal,Male,21.0,Raipur,2020-07-30
1277,Aarav Joshi,Male,19.0,Nagpur,2019-07-07
1284,Ananya Patel,Female,38.0,Indore,2022-02-22
3677,Vihaan Menon,Male,64.0,Ahmedabad,2022-10-14
4829,Sai Kumar,Male,21.0,Pune ,2020-02-15
1531,Aryan Agarwal,Male,59.0,Lucknow,2024-03-28
3849,Aditya Reddy,Male,48.0,Ranchi,2022-07-17
806,Kiara Pillai,Female,48.0,Patna,2022-02-17
4874,Riya Joshi,Female,25.0,Mumbai,2022-05-22
1530,Arjun Iyer,Male,35.0,Chandigarh,2021-03-27
2555,Krishna Reddy,Male,26.0,lucknow,2024-03-02
3750,Nikhil Joshi,Male,58.0,Surat,2024-05-27
4544,Rohan Agarwal,Male,44.0,Surat,2023-09-07
4085,Riya Malhotra,Female,25.0,Jaipur,2022-04-18
50,Saanvi Malhotra,Female,61.0,Kochi,2022-06-27
1571,Amit Kapoor,Male,46.0,Nagpur,2021-12-23
2692,Manish Nair,Male,25.0,Kochi,2020-12-26
1559,Ira Kumar,Female,38.0,Chennai,2023-08-20
3055,Diya Nair,Female,48.0,Kochi,2021-12-29
1747,Manish Verma,Male,58.0,Mumbai,2021-10-04
802,Riya Reddy,Female,39.0,Chennai,2019-05-12
4522,Shreya Nair,Female,19.0,Nagpur,2023-01-28
1368,Arjun Kumar,Male,40.0,Kochi,2019-02-25
1311,Priya Sharma,Female,25.0,hyderabad,2019-12-05
4128,Saanvi Kapoor,Female,43.0,LUCKNOW,2022-05-05
2898,Dhruv Das,Male,53.0,Chennai,2020-02-01
425,Kabir Chopra,Male,41.64736842105263,Coimbatore,2020-08-02
4947,Sneha Mehta,Female,32.0,Kochi,2019-06-26
3661,Rajesh Nair,Male,65.0,RANCHI,2021-07-10
1,Ira Iyer,Female,46.0,Ranchi,2020-07-31
3999,Sakshi Bose,Female,54.0,Chandigarh,2020-07-06
3530,Ananya Das,Female,38.0,Indore,2021-10-22
3458,Kiara Agarwal,Female,48.0,Patna,2023-01-11
4488,Karan Kumar,Male,61.0,Ranchi,2019-12-08
4539,Rohan Bose,Male,41.64736842105263,Kochi,2021-02-27
977,Aditya Joshi,Male,63.0,Kochi,2023-11-09
2035,Krishna Chopra,Male,51.0,Ranchi,2020-09-13
1270,Suresh Verma,Male,24.0,Pune,2019-01-30
177,Rahul Chopra,Male,22.0,Coimbatore,2023-06-18
4606,Manish Kapoor,Male,30.0,Mumbai,2019-06-04
513,Reyansh Rao,Male,49.0,Chennai,2022-07-17
2585,Dhruv Malhotra,Male,54.0,Hyderabad,2021-08-23
1287,Sneha Malhotra,Female,59.0,Coimbatore,2023-11-25
2968,Manish Mehta,Male,38.0,Ahmedabad,2019-12-15
1463,Rahul Gupta,Male,58.0,Bangalore,2021-08-06
2410,Aarav Kapoor,Male,31.0,Kochi,2023-03-01
1813,Rohan Kumar,Male,45.0,Ranchi,2023-12-14
3292,Vivaan Rao,Male,42.0,Ranchi,2022-10-05
1140,Sakshi Joshi,Female,36.0,Nagpur,2019-02-03
4823,Saanvi Malhotra,Female,23.0,Hyderabad,2024-06-26
1856,Reyansh Nair,Male,31.0, nan ,2020-01-05
4442,Sakshi Agarwal,Female,31.0,Jaipur,2022-05-16
2385,Rajesh Verma,Male,54.0,Kolkata,2022-03-26
767,Aadhya Das,Female,36.0,Pune,2020-12-24
1349,Saanvi Kapoor,Female,32.0,Kolkata,2019-11-04
3786,Ananya Malhotra,Female,56.0,Kolkata,2019-09-18
2483,Reyansh Kumar,Male,39.0,Kolkata,2021-03-06
4767,Aditya Chopra,Male,38.0,Pune,2021-10-04
1055,Aditya Kapoor,Male,53.0,Lucknow,2022-10-27
1318,Neha Singh,Female,20.0,Chennai,2021-04-24
180,Diya Verma,Female,24.0,Patna,2019-03-08
3872,Shreya Agarwal,Female,18.0,Ranchi,2023-05-24
2579,Saanvi Gupta,Female,52.0,Chennai,2024-05-06
2456,Aarav Patel,Male,34.0,Bhopal,2020-01-17
1263,Saanvi Patel,Female,41.0, nan ,2020-07-04
2357,Rohan Singh,Male,53.0,Coimbatore,2022-01-04
2345,Kiara Joshi,Female,51.0,Bhopal,2022-02-14
533,Divya Agarwal,Female,37.0,Nagpur,2024-05-26
4541,Amit Joshi,Male,61.0,Patna,2021-10-29
4578,Karan Joshi,Male,37.0,Mumbai,2020-01-21
4637,Diya Das,Female,32.0,Hyderabad,2024-01-03
381,Diya Pillai,Female,25.0,Patna,2024-02-17
1867,Meera Verma,Female,34.0,Bhopal ,2021-01-05
4653,Karan Rao,Male,20.0,Mumbai,2019-05-31
3347,Pooja Pillai,Female,52.0,Mumbai,2021-12-22
3038,Diya Sharma,Female,28.0,Bhopal,2019-07-27
2682,Sneha Singh,Female,30.0,PUNE,2024-01-07
4371,Dhruv Kumar,Male,44.0,Mumbai,2019-05-06
931,Nikhil Reddy,Male,41.0,Patna,2020-08-28
2627,Myra Kapoor,Female,52.0, Bhopal ,2019-06-25
2527,Priya Mehta,Female,59.0,Ahmedabad,2024-01-15
4549,Karan Singh,Male,44.0,Ranchi,2022-06-03
3959,Sneha Iyer,Female,44.0,Bangalore,2022-03-04
420,Ananya Malhotra,Female,61.0,Hyderabad,2019-01-25
626,Reyansh Joshi,Male,27.0,Mumbai,2022-07-29
3715,Sneha Patel,Female,37.0,Patna,2020-12-05
2088,Anjali Iyer,Female,64.0,Mumbai,2024-07-03
3216,Rajesh Nair,Male,63.0,Jaipur,2022-02-03
1481,Amit Singh,Male,35.0,Patna,2019-06-06
4741,Neha Agarwal,Female,32.0,Chandigarh,2022-01-06
1971,Ishaan Patel,Male,38.0,Chandigarh,2024-04-08
81,Krishna Pillai,Male,64.0,Coimbatore,2021-06-07
4777,Anjali Bose,Female,35.0,Patna,2023-12-28
74,Shreya Bose,Female,21.0,Nagpur,2023-04-11
4375,Meera Gupta,Female,56.0,Kolkata,2020-03-17
3174,Ishaan Sharma,Male,49.0,surat,2021-07-27
2605,Rohan Joshi,Male,64.0,Chennai,2024-03-22
3141,Divya Das,Female,34.0,Jaipur,2024-08-02
2881,Rohan Das,Male,50.0,Lucknow,2020-09-13
1253,Priya Verma,Female,59.0,Indore,2023-10-03
4088,Myra Malhotra,Female,21.0,Hyderabad,2023-04-21
3977,Ananya Joshi,Female,50.0,Bhopal,2023-12-23
3921,Myra Patel,Female,34.0,Lucknow,2019-11-04
4717,Karan Chopra,Male,37.0,Chandigarh,2021-12-15
1895,Sakshi Joshi,Female,52.0,Indore,2024-05-02
2599,Riya Gupta,Female,47.0,Delhi,2023-05-18
2590,Ananya Menon,Female,58.0,Kochi,2021-01-26
1865,Krishna Mehta,Male,41.64736842105263,Bangalore,2022-10-22
1462,Meera Pillai,Female,20.0,Lucknow,2020-10-22
508,Anika Iyer,Female,48.0,Ranchi,2022-11-06
1182,Neha Nair,Female,44.0,Bhopal,2023-07-11
215,Sneha Kumar,Female,29.0,Delhi,2023-09-14
489,Anjali Sharma,Female,34.0,Kolkata,2023-07-26
1125,Kavya Sharma,Female,55.0, Surat ,2021-10-22
1258,Karan Patel,Male,45.0,jaipur,2022-05-22
1542,Kiara Das,Female,54.0,Surat,2021-08-10
389,Reyansh Kapoor,Male,52.0,Surat,2020-04-17
2266,Sneha Menon,Female,28.0,Chandigarh,2024-05-20
3066,Anika Sharma,Male,27.0,Hyderabad,2019-12-29
3294,Krishna Reddy,Male,64.0,Hyderabad,2021-07-02
4081,Arjun Nair,Male,35.0,Ranchi,2019-06-12
2212,Arjun Pillai,Male,29.0,Pune,2020-01-24
1291,Kabir Verma,Male,55.0,Coimbatore,2021-02-16
2511,Rajesh Malhotra,Male,30.0,Kochi ,2022-04-13
2451,Ira Agarwal,Female,64.0,Raipur,2022-05-24
2996,Rohan Chopra,Male,35.0,Chennai,2020-03-07
862,Anjali Bose,Female,54.0,BHOPAL,2021-11-22
4914,Pooja Singh,Female,45.0,Mumbai,2021-08-18
4156,Saanvi Joshi,Female,59.0,JAIPUR,2020-08-13
2553,Suresh Sharma,Male,60.0,Jaipur,2021-02-27
456,Ishaan Verma,Male,26.0,Raipur,2020-10-21
2332,Suresh Patel,Male,33.0,BHOPAL,2023-01-21
816,Divya Verma,Female,36.0,Bhopal ,2022-01-10
3519,Dhruv Pillai,Male,65.0,Chennai,2021-08-20
1087,Vihaan Agarwal,Male,28.0,Lucknow,2020-08-12
2921,Anika Verma,Female,18.0,Bhopal,2020-10-18
2639,Karan Verma,Male,31.0,Ahmedabad,2023-03-14
1359,Amit Sharma,Male,41.64736842105263,Jaipur,2021-07-15
1577,Ira Verma,Female,59.0,Ahmedabad,2020-03-30
2113,Kabir Joshi,Male,26.0,Patna,2021-03-22
3131,Saanvi Singh,Female,33.0,mumbai,2024-01-31
4343,Kabir Patel,Male,42.0,Indore,2020-08-04
612,Saanvi Verma,Female,36.0,Pune,2022-01-16
1280,Sakshi Reddy,Female,63.0,Chennai,2024-08-28
605,Aryan Menon,Male,46.0,Ranchi,2020-08-20
1430,Dhruv Das,Male,64.0,CHANDIGARH,2019-10-03
2778,Dhruv Mehta,Male,41.64736842105263,Mumbai,2022-09-24
2223,Krishna Joshi,Male,62.0,Ahmedabad,2022-07-04
353,Nikhil Gupta,Male,64.0,Hyderabad,2021-11-14
3002,Meera Patel,Female,50.0,Kolkata,2022-09-05
3449,Nikhil Pillai,Male,32.0,Raipur,2022-07-22
324,Myra Iyer,Female,64.0,Coimbatore,2021-01-19
4775,Sai Reddy,Male,61.0,HYDERABAD,2023-10-26
4398,Shreya Reddy,Female,61.0,Ahmedabad,2019-02-04
3720,Arjun Rao,Male,43.0,Mumbai,2021-12-10
1999,Reyansh Kapoor,Male,55.0,Kochi,2020-05-13
3390,Sai Nair,Male,49.0,Kochi,2019-05-05
3428,Shreya Singh,Female,50.0,Hyderabad,2019-06-24
1656,Kabir Iyer,Male,42.0,Nagpur,2019-10-06
3874,Pooja Rao,Female,63.0,Ranchi,2021-04-26
2199,Aditya Reddy,Male,29.0,Surat,2021-07-21
2083,Nikhil Bose,Male,52.0,Surat,2020-03-05
1204,Saanvi Iyer,Female,31.0,Kochi,2019-07-02
26,Riya Menon,Female,48.0, Pune ,2021-10-06
1700,Ishaan Singh,Male,59.0,DELHI,2021-01-24
1706,Aarav Joshi,Male,56.0,Nagpur,2022-10-04
2914,Kavya Bose,Female,44.0,Ranchi,2022-08-31
3728,Sneha Iyer,Male,43.0, Hyderabad ,2023-09-09
2068,Saanvi Malhotra,Female,30.0,Ranchi,2024-06-11
3854,Nikhil Bose,Male,41.64736842105263, Pune ,2024-02-26
623,Isha Agarwal,Female,26.0,Pune,2020-07-21
2993,Aadhya Menon,Female,63.0,Raipur,2023-07-08
4297,Priya Singh,Female,19.0,Lucknow,2023-07-25
4258,Shreya Chopra,Female,18.0,Kolkata,2020-09-11
783,Anika Pillai,Female,20.0,Chennai,2020-02-14
1832,Vihaan Gupta,Male,41.64736842105263,Bangalore,2021-01-30
1275,Myra Sharma,Female,56.0,Hyderabad,2022-02-18
2208,Vivaan Chopra,Male,44.0,Patna,2024-03-05
3130,Priya Pillai,Female,42.0,Indore,2022-05-22
164,Anjali Bose,Female,53.0,Kochi,2020-04-08
2048,Anika Das,Female,37.0,Ranchi,2024-02-05
4278,Meera Rao,Female,31.0,Surat,2021-10-04
3225,Arjun Verma,Male,33.0,Mumbai,2019-06-25
2871,Nikhil Bose,Male,61.0,Raipur,2022-01-12
2247,Amit Malhotra,Male,52.0,Delhi,2023-09-02
3281,Sakshi Malhotra,Female,50.0,Nagpur,2019-10-20
3361,Anjali Verma,Female,41.64736842105263,Ranchi,2019-03-21
3689,Dhruv Das,Male,22.0,Ahmedabad,2020-02-14
3564,Kabir Rao,Male,65.0,Indore,2020-09-16
4759,Rahul Nair,Male,41.0,Kochi,2023-06-23
1199,Karan Nair,Male,41.64736842105263,Ranchi,2023-11-05
409,Rajesh Kapoor,Male,41.64736842105263,Coimbatore,2019-02-06
143,Neha Das,Male,31.0,Kochi,2024-06-01
23,Karan Kapoor,Male,41.64736842105263,Chandigarh,2019-09-13
2253,Ananya Rao,Female,53.0, Bangalore ,2019-06-14
3261,Rajesh Menon,Male,29.0,jaipur,2019-07-24
1771,Ishaan Nair,Male,20.0,Jaipur,2020-05-21
4392,Rajesh Nair,Male,21.0,Jaipur,2021-06-22
1006,Nikhil Rao,Male,44.0,Hyderabad,2024-03-18
642,Suresh Agarwal,Male,26.0,Indore,2023-08-21
4062,Vivaan Kumar,Male,54.0,Bangalore,2022-09-19
2655,Suresh Menon,Male,45.0,Surat,2019-05-03
1344,Aditya Patel,Male,54.0,Delhi,2019-12-13
385,Kavya Menon,Female,62.0,Ahmedabad,2022-01-25
889,Rahul Singh,Male,51.0,Chennai,2024-07-23
1558,Sakshi Malhotra,Female,35.0,Kolkata,2020-07-18
1086,Nikhil Joshi,Male,42.0,Jaipur,2020-01-08
3928,Sakshi Bose,Female,34.0,Coimbatore,2024-02-28
4465,Karan Das,Male,30.0,Ahmedabad,2023-12-17
532,Myra Agarwal,Female,29.0,Raipur,2024-02-14
4073,Diya Pillai,Female,34.0,Coimbatore,2021-04-13
1854,Aryan Das,Male,43.0,Kolkata,2024-03-01
1936,Divya Chopra,Female,42.0,Chandigarh,2020-11-23
3907,Sai Mehta,Male,41.64736842105263,Coimbatore,2022-02-27
3388,Rahul Singh,Male,40.0,Raipur,2022-05-14
3154,Aarav Menon,Male,59.0,Kolkata,2024-06-08
3780,Kiara Nair,Female,47.0,Bangalore,2024-02-18
2448,Vivaan Pillai,Male,25.0,Chennai,2020-03-17
2689,Reyansh Gupta,Male,49.0,Raipur,2021-01-17
2932,Krishna Kapoor,Male,34.0,Ahmedabad,2024-05-14
1933,Anika Sharma,Female,31.0,Raipur,2022-05-25
2768,Rajesh Gupta,Male,50.0,Patna,2023-04-16
1672,Aditya Verma,Male,26.0, Patna ,2021-01-09
2439,Neha Singh,Female,20.0,Raipur,2019-12-04
2984,Aryan Pillai,Male,45.0,Kolkata,2023-01-26
2110,Anika Chopra,Female,27.0,Ahmedabad,2024-07-03
2187,Amit Mehta,Male,35.0,Bangalore,2024-01-17
1149,Arjun Mehta,Male,46.0,Pune,2023-01-14
787,Kavya Nair,Female,29.0,Ranchi,2019-06-04
1586,Aarav Menon,Male,40.0,chandigarh,2019-01-05
3167,Arjun Reddy,Male,31.0,Chennai,2020-08-03
267,Isha Sharma,Female,34.0,Pune,2021-10-19
3764,Riya Rao,Female,55.0,Kochi,2021-10-03
3737,Divya Chopra,Female,48.0,Bhopal,2019-05-10
361,Karan Pillai,Male,48.0,Raipur,2023-11-30
1461,Divya Singh,Female,50.0,Chennai,2019-04-08
3422,Aryan Gupta,Male,58.0,Surat,2024-08-28
3681,Aarav Agarwal,Male,19.0,Nagpur,2021-08-02
953,Kavya Singh,Female,28.0,JAIPUR,2024-09-04
2161,Shreya Patel,Female,41.64736842105263,Indore,2023-11-04
4262,Rajesh Verma,Male,18.0,Delhi,2019-03-30
3244,Reyansh Patel,Male,53.0,Ranchi,2022-02-22
3373,Priya Menon,Female,32.0,Ranchi,2023-11-26
2700,Shreya Das,Female,24.0,Jaipur ,2023-07-17
1575,Kavya Reddy,Female,36.0,Pune,2023-07-08
4029,Kiara Das,Female,50.0,Bangalore,2022-12-15
4353,Rahul Nair,Male,53.0,Kolkata,2024-06-04
1956,Isha Singh,Female,29.0,Chandigarh,2019-01-27
4574,Ananya Bose,Female,62.0,Chennai,2020-05-10
3338,Sai Joshi,Male,32.0,Ranchi,2022-01-22
2177,Sneha Kumar,Female,25.0,Pune,2022-08-06
1314,Pooja Pillai,Female,26.0,Hyderabad,2022-08-25
4446,Saanvi Sharma,Female,21.0,Patna,2021-03-18
1332,Neha Iyer,Female,27.0,Ahmedabad,2022-01-25
1843,Diya Singh,Female,51.0,KOLKATA,2024-04-30
2209,Sneha Das,Female,47.0,Patna,2020-09-17
2980,Shreya Pillai,Female,54.0,Ranchi,2023-07-18
3437,Aryan Chopra,Male,25.0,Hyderabad,2023-04-05
4196,Kavya Malhotra,Female,56.0,LUCKNOW,2024-09-06
4284,Anika Pillai,Female,52.0,Raipur,2020-08-31
755,Rahul Iyer,Male,45.0,Surat ,2021-11-20
4151,Myra Malhotra,Female,21.0,Chandigarh,2020-11-11
1379,Kabir Singh,Male,35.0,Nagpur,2022-02-23
981,Myra Agarwal,Female,60.0,Patna,2019-08-06
2101,Ira Patel,Female,18.0,Kochi,2019-02-21
287,Anjali Nair,Female,48.0,Lucknow,2019-11-20
4254,Vihaan Chopra,Male,61.0,Ahmedabad,2020-12-22
3534,Arjun Nair,Male,41.64736842105263,Patna,2022-03-29
3089,Riya Reddy,Female,64.0,Chennai,2020-03-25
4627,Aarav Gupta,Male,41.64736842105263,Bangalore,2020-08-01
3572,Dhruv Malhotra,Male,34.0,MUMBAI,2022-11-23
4393,Kavya Rao,Female,23.0,Ahmedabad,2023-09-07
1155,Nikhil Menon,Male,45.0,Bangalore,2020-04-30
1080,Riya Gupta,Female,28.0,Mumbai,2022-06-19
3009,Vivaan Chopra,Male,32.0,Patna ,2019-08-07
1512,Neha Kapoor,Female,28.0,Bhopal,2021-08-04
136,Aryan Agarwal,Male,56.0,Bangalore,2020-03-23
3262,Priya Agarwal,Female,32.0,Coimbatore,2023-12-11
4134,Dhruv Malhotra,Male,41.0,Surat,2019-09-29
2192,Ira Menon,Female,25.0,Delhi,2020-07-22
212,Diya Bose,Female,54.0, Kolkata ,2023-02-15
434,Suresh Pillai,Male,41.0,Surat,2023-10-21
3165,Amit Rao,Male,63.0,Jaipur,2021-11-23
275,Rajesh Rao,Male,28.0,Delhi,2020-02-19
3013,Pooja Nair,Female,59.0,Chennai,2024-04-02
89,Myra Reddy,Female,39.0,Ahmedabad,2023-04-05
2799,Rajesh Gupta,Male,25.0,Hyderabad ,2023-04-17
2325,Ira Agarwal,Female,20.0,Ahmedabad,2021-04-09
299,Riya Chopra,Female,19.0,Surat,2022-05-26
2546,Suresh Rao,Male,41.64736842105263,Jaipur,2024-01-17
568,Aadhya Agarwal,Female,41.64736842105263,pune,2024-07-30
3917,Aryan Kapoor,Male,41.0,Mumbai,2019-10-18
3675,Aarav Patel,Male,33.0,Nagpur,2019-10-03
4692,Aadhya Gupta,Female,36.0,Indore,2019-12-27
3777,Saanvi Pillai,Female,61.0,Mumbai,2024-04-27
3755,Rahul Kapoor,Male,51.0,Jaipur,2022-02-03
4298,Sai Sharma,Male,44.0,Raipur,2020-06-14
316,Nikhil Chopra,Male,53.0,Ranchi,2022-03-03
4601,Neha Sharma,Female,46.0,Jaipur,2021-04-16
2152,Saanvi Chopra,Female,65.0,Mumbai,2023-11-04
3289,Kiara Verma,Female,27.0,Raipur,2022-07-25
3118,Kabir Das,Male,29.0,Nagpur,2019-08-24
2021,Ishaan Iyer,Male,29.0,Lucknow,2022-09-08
4467,Priya Rao,Female,64.0,Kolkata,2023-10-09
2975,Aarav Malhotra,Male,41.0,Lucknow,2019-12-21
1276,Aryan Das,Male,57.0,Chandigarh,2023-08-20
2414,Arjun Malhotra,Male,39.0,Patna,2021-12-30
529,Pooja Nair,Female,33.0,Lucknow,2023-12-21
1506,Kavya Malhotra,Female,18.0,Nagpur,2021-07-06
3599,Sneha Bose,Female,19.0,Indore,2023-12-18
3682,Arjun Iyer,Male,35.0,Bangalore,2020-10-24
1319,Aditya Agarwal,Male,34.0,Delhi,2019-12-13
3381,Reyansh Pillai,Male,60.0,Lucknow,2020-11-28
3035,Reyansh Sharma,Male,43.0,Ranchi,2023-02-28
2381,Aditya Menon,Male,62.0,Coimbatore,2019-07-25
2617,Ira Agarwal,Female,26.0,Ranchi,2019-02-23
1167,Isha Kapoor,Female,40.0,Ahmedabad,2019-06-18
3472,Aadhya Bose,Female,37.0,Chennai,2021-01-29
4345,Sai Agarwal,Male,35.0,Bhopal,2023-10-19
4609,Divya Rao,Female,45.0,Patna,2021-11-23
2872,Rajesh Rao,Male,53.0,Kochi,2020-09-08
1223,Diya Gupta,Female,31.0,Bhopal,2022-05-20
4397,Aryan Nair,Male,22.0,Bangalore,2019-05-29
1983,Nikhil Joshi,Male,52.0,Chandigarh,2022-03-03
4401,Myra Rao,Female,56.0,Ahmedabad,2024-04-27
4021,Kavya Menon,Female,53.0,Raipur,2019-04-06
372,Vihaan Malhotra,Male,44.0,Delhi,2019-01-01
3483,Aarav Das,Male,31.0,Ranchi,2024-03-05
2132,Pooja Pillai,Female,34.0,Hyderabad,2020-05-04
3419,Rajesh Pillai,Male,41.64736842105263,Kolkata,2020-03-07
3425,Suresh Gupta,Male,18.0,Ahmedabad,2020-05-29
1539,Reyansh Joshi,Male,45.0,Kolkata,2023-01-05
4986,Aditya Pillai,Male,57.0,Kolkata,2023-03-01
2745,Shreya Das,Female,35.0,Lucknow,2020-11-17
1554,Aarav Nair,Male,21.0,Ranchi,2020-07-22
2818,Kavya Pillai,Female,19.0,Bhopal,2021-07-23
4352,Aarav Agarwal,Male,54.0,Chandigarh,2020-05-27
619,Anika Kapoor,Female,35.0,Delhi,2021-11-21
2382,Aadhya Kapoor,Female,34.0,Patna,2020-09-02
3525,Aadhya Singh,Female,51.0,BANGALORE,2022-07-27
2630,Karan Sharma,Male,20.0,Pune,2019-08-15
4124,Ishaan Pillai,Male,41.64736842105263,Pune ,2021-07-22
2767,Dhruv Kumar,Male,54.0,DELHI,2022-08-25
3896,Anika Rao,Female,18.0,nagpur,2019-06-30
1657,Kabir Gupta,Male,52.0,Raipur,2021-09-15
970,Anjali Das,Female,23.0,Mumbai,2024-04-04
1844,Rahul Pillai,Male,38.0,Nagpur,2023-03-28
3025,Sai Nair,Male,42.0,LUCKNOW,2023-07-21
3152,Saanvi Verma,Female,41.64736842105263,Hyderabad,2021-03-22
3387,Aryan Kumar,Male,37.0,Patna,2022-04-26
4593,Aditya Agarwal,Male,30.0,Ranchi,2019-03-08
1212,Priya Patel,Female,31.0, Delhi ,2021-06-04
4436,Divya Reddy,Female,60.0,Jaipur,2024-09-06
1429,Aarav Kumar,Male,59.0,Ranchi,2022-08-04
4763,Myra Bose,Female,26.0,Delhi,2022-09-24
427,Kabir Reddy,Male,65.0,Nagpur,2021-05-17
4095,Meera Kumar,Female,29.0,Coimbatore,2021-07-25
1924,Vihaan Kumar,Male,34.0,Raipur,2020-04-02
3396,Aadhya Joshi,Female,29.0,Hyderabad,2023-12-29
4864,Meera Gupta,Female,49.0,Mumbai,2021-02-26
405,Anjali Agarwal,Female,40.0,Bangalore,2022-07-25
492,Sneha Pillai,Female,48.0,Ahmedabad,2022-10-23
4849,Vihaan Agarwal,Male,22.0,Nagpur,2020-02-13
3495,Reyansh Rao,Male,59.0,Nagpur,2022-07-17
825,Sakshi Chopra,Female,61.0,Bangalore,2021-02-10
2543,Krishna Das,Male,44.0,Coimbatore,2019-10-25
3674,Reyansh Chopra,Male,30.0,Ahmedabad,2021-04-24
2791,Aryan Patel,Male,31.0,Raipur,2020-01-19
4271,Kiara Menon,Female,62.0,Hyderabad,2019-11-25
3516,Kabir Malhotra,Male,47.0,Ranchi,2020-03-31
4508,Ananya Nair,Female,52.0,Raipur,2019-12-19
1789,Anika Joshi,Female,47.0,Chandigarh,2019-11-30
2188,Sai Kapoor,Male,41.64736842105263,Mumbai,2020-06-10
2146,Dhruv Sharma,Male,54.0,Delhi,2023-05-07
3247,Aarav Kumar,Male,19.0,CHENNAI,2022-09-14
1842,Nikhil Reddy,Male,34.0,Pune,2024-03-30
1210,Reyansh Mehta,Male,25.0,Coimbatore,2023-05-20
975,Priya Kumar,Female,53.0,Delhi,2021-01-04
475,Shreya Agarwal,Female,48.0,Kolkata,2023-02-25
3312,Manish Sharma,Male,21.0,Ahmedabad ,2023-11-05
216,Sai Nair,Male,44.0,Surat,2022-01-16
657,Kabir Menon,Male,60.0,Ranchi,2020-12-27
3236,Ishaan Reddy,Male,37.0,Patna,2022-04-14
2520,Aryan Joshi,Male,44.0,Indore,2022-01-31
1584,Sai Das,Male,27.0,Mumbai,2024-04-27
4532,Ananya Reddy,Female,42.0,Coimbatore,2021-08-05
1131,Vihaan Verma,Male,53.0,Delhi,2022-04-22
3039,Sai Singh,Male,39.0,Pune,2021-01-19
2064,Saanvi Reddy,Female,53.0,Coimbatore,2022-08-11
132,Rahul Reddy,Male,46.0,Lucknow,2019-10-11
3567,Dhruv Iyer,Male,36.0,Bangalore,2020-05-21
1342,Divya Nair,Female,37.0,Bangalore,2022-06-05
2185,Rohan Malhotra,Male,41.64736842105263,Nagpur,2024-09-30
4427,Vihaan Agarwal,Male,19.0,INDORE,2020-11-19
595,Shreya Pillai,Female,27.0,Surat,2024-08-19
4681,Vihaan Bose,Male,53.0,Ranchi,2022-09-04
811,Anika Gupta,Female,53.0,Mumbai,2023-07-24
248,Priya Pillai,Female,50.0,SURAT,2023-05-10
30,Priya Kumar,Female,36.0,Delhi,2022-03-24
1120,Ira Kapoor,Female,47.0,Chandigarh,2023-01-20
3364,Ishaan Iyer,Male,36.0,Lucknow,2021-10-29
2793,Aditya Mehta,Male,30.0,Chandigarh,2022-02-09
4424,Aditya Kapoor,Male,41.64736842105263,delhi,2024-07-13
1975,Sai Rao,Male,27.0,Chennai,2022-05-09
634,Reyansh Das,Male,57.0,Chandigarh,2022-08-23
47,Rohan Malhotra,Male,33.0,Patna,2021-12-29
4616,Anjali Patel,Female,31.0,Lucknow,2021-04-29
4438,Saanvi Rao,Female,49.0,Pune,2023-11-14
869,Ira Agarwal,Female,55.0,Nagpur,2020-08-11
1321,Ananya Nair,Female,37.0,Delhi,2022-04-16
4546,Karan Gupta,Male,49.0,Pune,2022-07-07
1544,Manish Iyer,Male,63.0,Ranchi,2019-11-03
4130,Kavya Reddy,Female,35.0,Kolkata,2019-08-12
3560,Aadhya Patel,Female,55.0,Delhi,2021-04-30
2504,Arjun Gupta,Male,24.0,Raipur,2019-01-17
3568,Rajesh Bose,Male,30.0,Coimbatore,2019-11-25
3059,Reyansh Chopra,Male,18.0,Bangalore,2024-07-13
861,Aarav Singh,Male,35.0,Chandigarh,2019-10-01
4106,Aadhya Gupta,Female,34.0,Ahmedabad,2023-11-10
2139,Riya Patel,Female,40.0,Patna,2021-04-01
1985,Nikhil Gupta,Male,54.0,Patna,2021-02-20
2311,Anjali Singh,Female,62.0,Kochi,2024-07-04
2760,Arjun Reddy,Male,56.0,Ranchi,2019-01-30
2532,Divya Mehta,Female,65.0,Indore,2019-03-25
849,Aryan Malhotra,Male,27.0,Bhopal,2023-02-23
1244,Amit Sharma,Male,42.0,Bhopal,2019-12-07
4175,Kabir Kumar,Male,25.0,Pune,2021-11-22
3046,Rohan Chopra,Male,41.64736842105263,Ranchi,2021-05-28
1181,Suresh Kumar,Male,37.0,Mumbai,2024-08-09
3461,Rajesh Singh,Male,40.0,Pune,2024-09-30
2372,Saanvi Malhotra,Female,31.0,Pune,2022-07-11
3,Reyansh Joshi,Male,54.0,Surat,2021-02-16
1756,Isha Joshi,Female,33.0,Bhopal,2020-04-19
4012,Krishna Sharma,Male,50.0,Kochi,2020-06-12
1049,Dhruv Verma,Male,60.0,Chennai,2019-08-25
1419,Manish Iyer,Male,58.0,Coimbatore,2020-05-19
4869,Manish Das,Male,43.0,Patna,2024-03-18
863,Ira Chopra,Female,50.0,Raipur,2019-03-13
3864,Sai Das,Male,34.0,JAIPUR,2023-05-27
4500,Isha Chopra,Female,37.0,Bangalore,2020-08-21
2552,Isha Agarwal,Female,62.0,Kolkata,2019-04-21
2432,Kabir Nair,Male,49.0,Chandigarh,2023-06-12
3798,Nikhil Patel,Male,56.0,BHOPAL,2020-12-13
311,Ishaan Reddy,Male,35.0,Bhopal,2019-03-24
1619,Sakshi Singh,Female,36.0,Raipur,2024-05-26
1093,Ira Iyer,Female,21.0,Surat,2024-03-18
1941,Aryan Verma,Male,43.0,Hyderabad,2022-09-11
3826,Sneha Gupta,Female,47.0,raipur,2023-07-30
1230,Rajesh Gupta,Male,21.0,Chennai,2023-03-15
4867,Aadhya Malhotra,Female,34.0,Coimbatore,2021-08-07
1734,Vivaan Reddy,Male,45.0,Kochi,2022-02-13
3751,Saanvi Gupta,Female,43.0,Jaipur ,2021-08-18
3064,Vivaan Pillai,Male,20.0,Bhopal,2019-07-10
2623,Divya Bose,Female,39.0,Mumbai,2020-07-24
1394,Meera Agarwal,Female,50.0,Bangalore,2020-11-08
2835,Meera Mehta,Female,30.0,Indore,2020-12-17
2406,Sneha Rao,Female,22.0,Ranchi,2022-04-19
3010,Krishna Verma,Male,20.0,Ranchi,2019-10-18
4123,Aditya Singh,Male,31.0,Ranchi,2022-06-10
763,Sai Malhotra,Male,54.0,Mumbai,2024-07-02
3891,Anjali Malhotra,Female,18.0,Nagpur,2021-08-08
4528,Kabir Patel,Male,58.0,Hyderabad,2023-03-15
967,Karan Reddy,Male,56.0,Pune,2022-03-05
3315,Manish Malhotra,Male,30.0,Hyderabad,2019-01-16
3442,Nikhil Gupta,Male,42.0,Jaipur,2021-11-16
683,Rahul Malhotra,Male,63.0,Kochi,2020-04-19
2547,Aditya Joshi,Male,33.0,Ranchi,2020-05-01
992,Diya Menon,Female,46.0,Surat ,2020-06-13
915,Priya Verma,Female,60.0, Ahmedabad ,2021-10-11
4699,Neha Mehta,Female,25.0,Coimbatore,2021-01-22
4317,Nikhil Patel,Male,62.0,coimbatore,2023-07-19
186,Ananya Sharma,Female,62.0,Surat,2020-05-08
923,Amit Gupta,Male,52.0,Pune,2022-03-23
4506,Anika Patel,Female,20.0,Coimbatore,2021-03-17
4171,Dhruv Sharma,Male,36.0,Raipur,2019-12-07
3557,Sneha Chopra,Female,62.0,Indore,2020-09-17
1620,Diya Singh,Female,65.0,Raipur,2024-09-23
1831,Sai Das,Male,54.0,Bangalore,2024-03-11
2485,Nikhil Malhotra,Male,31.0,Kolkata,2021-02-17
3149,Aditya Mehta,Male,29.0,Surat,2024-03-11
741,Rahul Patel,Male,31.0,Raipur,2022-11-14
4542,Pooja Pillai,Female,57.0,Patna,2019-08-21
972,Sakshi Iyer,Female,22.0,Hyderabad,2019-08-29
2565,Pooja Malhotra,Female,52.0,Patna,2020-01-08
3963,Diya Pillai,Female,65.0, nan ,2022-07-14
1117,Anjali Nair,Female,51.0,Jaipur,2021-02-24
157,Suresh Malhotra,Male,45.0,Kolkata,2024-06-16
2468,Nikhil Nair,Male,20.0,Ahmedabad,2024-01-15
3861,Manish Pillai,Male,40.0,Bangalore,2022-01-02
832,Meera Pillai,Female,60.0,Kochi,2023-12-29
836,Saanvi Patel,Female,63.0,Chennai,2020-10-22
2826,Ananya Singh,Female,20.0,Coimbatore,2019-09-01
503,Saanvi Kapoor,Female,35.0,Ranchi,2021-06-28
990,Anjali Singh,Female,38.0,Chennai,2019-04-29
3938,Manish Joshi,Male,59.0,Chennai ,2019-07-11
924,Diya Mehta,Female,54.0,Indore ,2021-07-14
2045,Dhruv Singh,Male,64.0,Raipur,2020-09-13
1981,Karan Rao,Male,43.0,Chandigarh,2019-07-16
250,Rohan Verma,Male,48.0,Kochi,2023-01-04
3912,Vihaan Bose,Male,57.0,chandigarh,2019-08-03
2684,Suresh Joshi,Male,21.0,Chennai,2023-06-09
1347,Ananya Menon,Female,30.0,Ranchi,2023-10-07
4709,Aryan Bose,Male,26.0,Chennai,2024-02-11
4412,Arjun Joshi,Male,39.0,Ranchi,2024-05-06
3654,Krishna Gupta,Male,43.0,Pune,2023-12-31
356,Ira Singh,Female,20.0,Mumbai,2020-07-20
745,Kabir Das,Male,42.0,Ranchi,2019-06-18
845,Rahul Chopra,Male,23.0,Surat,2019-08-14
724,Sneha Chopra,Female,32.0,Kolkata,2023-10-06
1977,Shreya Kapoor,Female,36.0,Mumbai,2020-07-29
2956,Amit Singh,Male,35.0,Patna,2020-07-17
2215,Anika Reddy,Female,49.0,Ranchi,2024-08-06
3649,Aryan Patel,Male,24.0,Bhopal,2019-02-02
3871,Shreya Agarwal,Female,43.0,Jaipur,2019-03-28
3293,Sakshi Kapoor,Female,19.0,Ranchi,2022-10-23
4338,Reyansh Rao,Male,22.0,Chandigarh,2019-06-20
1259,Anjali Mehta,Female,41.64736842105263,Bhopal,2019-12-31
2989,Myra Gupta,Female,47.0,Nagpur,2022-10-06
86,Isha Singh,Female,64.0,CHANDIGARH,2022-08-04
747,Riya Iyer,Female,24.0,Jaipur,2023-05-22
1868,Dhruv Kapoor,Male,24.0,Ranchi,2019-12-05
1316,Aadhya Kapoor,Female,55.0,Coimbatore,2020-05-23
3899,Suresh Verma,Male,55.0,Hyderabad,2020-11-06
266,Ishaan Chopra,Male,38.0,Kolkata,2019-12-30
2429,Aadhya Nair,Female,28.0,Ranchi,2024-05-24
4117,Diya Singh,Female,38.0,Bangalore,2021-11-14
3087,Shreya Kumar,Female,58.0,Ahmedabad,2020-07-08
3140,Saanvi Reddy,Female,41.0,Jaipur,2020-12-22
2070,Ananya Singh,Female,30.0,Raipur,2022-06-25
4203,Riya Singh,Female,32.0,Ranchi,2023-03-29
1801,Sakshi Patel,Female,22.0,Nagpur,2021-07-14
2236,Ananya Sharma,Female,59.0,Bhopal,2019-11-19
3544,Kavya Sharma,Female,21.0,Bangalore,2020-06-07
3063,Ishaan Mehta,Male,39.0,HYDERABAD,2019-10-13
2213,Dhruv Bose,Male,27.0,Jaipur,2022-10-13
4267,Kabir Chopra,Male,64.0,Pune,2020-07-13
4852,Anika Gupta,Female,56.0,Ahmedabad,2023-06-19
1986,Karan Iyer,Male,47.0,Patna,2020-09-15
1372,Rohan Singh,Male,34.0,Ahmedabad,2023-10-24
2123,Dhruv Reddy,Male,62.0,Hyderabad,2022-04-04
3908,Neha Nair,Female,50.0,Bangalore,2020-05-24
4941,Dhruv Kumar,Male,40.0,Ranchi,2019-11-23
2058,Vihaan Nair,Male,41.0,Raipur,2023-09-24
4939,Neha Das,Female,37.0,Hyderabad,2022-06-22
3948,Myra Kumar,Female,49.0,Patna,2024-03-29
2059,Diya Chopra,Female,59.0,Patna,2024-03-02
3712,Pooja Reddy,Female,41.64736842105263,Surat,2023-03-09
2905,Rajesh Kumar,Male,64.0,Ranchi,2021-01-09
3839,Neha Malhotra,Female,37.0,Kolkata,2020-07-08
4620,Arjun Iyer,Male,29.0,Coimbatore,2023-11-16
285,Vihaan Gupta,Male,60.0,Nagpur,2023-08-23
96,Ananya Sharma,Female,52.0,Coimbatore,2023-08-12
4917,Nikhil Bose,Male,37.0,Surat,2019-11-21
2665,Aditya Reddy,Male,57.0,Surat,2019-04-15
3956,Divya Patel,Female,45.0,Patna ,2023-09-18
3443,Karan Gupta,Male,20.0,Hyderabad,2024-03-06
4383,Diya Gupta,Female,37.0,Indore,2019-03-13
2650,Sakshi Sharma,Female,53.0,Chandigarh,2020-09-26
2281,Anika Verma,Female,36.0,NAN,2019-12-29
2522,Ishaan Bose,Male,41.64736842105263,Jaipur,2023-11-27
3614,Ira Kumar,Female,52.0, Bangalore ,2024-01-14
1285,Rohan Bose,Male,60.0,Hyderabad,2020-07-10
4023,Amit Singh,Male,46.0,Ranchi,2024-08-20
2004,Priya Mehta,Female,22.0,Bhopal,2022-05-16
2154,Myra Chopra,Female,31.0,Indore,2023-09-21
3765,Aarav Malhotra,Male,48.0,Patna,2021-05-14
2240,Ananya Singh,Female,21.0,Ranchi,2024-05-08
3933,Krishna Kumar,Male,62.0, Ranchi ,2024-05-16
4152,Vihaan Iyer,Male,52.0,Ranchi,2023-10-02
44,Sai Mehta,Male,54.0, nan ,2020-12-19
3957,Aryan Pillai,Male,18.0,Bhopal,2020-10-16
2803,Anjali Reddy,Female,45.0,Indore,2022-10-13
3090,Karan Chopra,Male,54.0,Ranchi,2021-03-14
4705,Karan Kapoor,Male,26.0,Chennai,2019-12-09
4622,Ira Mehta,Female,20.0,chennai,2022-09-15
4334,Dhruv Menon,Male,51.0,Ranchi,2021-04-16
1810,Neha Mehta,Female,50.0,Hyderabad,2021-09-13
1004,Arjun Mehta,Male,33.0,Kochi,2023-10-18
3860,Manish Chopra,Male,23.0,Chandigarh,2021-09-05
2394,Dhruv Kumar,Male,18.0,Lucknow,2024-03-02
1077,Meera Menon,Female,26.0,Chennai,2024-08-29
4501,Karan Agarwal,Male,50.0,Hyderabad,2019-07-02
3856,Riya Das,Female,36.0,Coimbatore,2019-01-01
3413,Aadhya Das,Female,18.0, Surat ,2022-05-10
4402,Priya Sharma,Female,64.0,Hyderabad,2023-07-20
301,Kabir Das,Male,38.0,Jaipur ,2023-09-04
2899,Aadhya Das,Female,35.0,Bhopal,2020-03-04
2508,Amit Reddy,Male,64.0,Chennai,2020-11-24
943,Anika Rao,Female,31.0,Chennai,2020-03-13
4633,Pooja Mehta,Female,31.0,Ranchi,2021-11-23
2371,Sakshi Reddy,Female,41.64736842105263,Chennai,2019-11-13
1260,Suresh Chopra,Male,27.0,jaipur,2021-05-08
4477,Arjun Chopra,Male,56.0,Ahmedabad,2023-06-30
2523,Rohan Sharma,Male,45.0,Patna,2020-10-11
3157,Rajesh Reddy,Male,51.0,Ranchi,2020-12-14
4102,Rahul Bose,Male,59.0,Bhopal,2023-10-07
842,Pooja Bose,Female,36.0,Ranchi,2020-08-25
1869,Ira Malhotra,Female,18.0,Kolkata,2022-07-30
327,Ira Bose,Female,21.0,Raipur,2019-10-19
2437,Amit Patel,Male,20.0,Chennai,2022-04-08
3209,Aryan Pillai,Male,47.0,Mumbai,2021-01-04
4950,Aarav Verma,Male,54.0,Lucknow,2019-02-08
1465,Myra Joshi,Female,36.0,Nagpur,2023-10-31
3132,Myra Nair,Female,41.0,Raipur,2020-05-01
2062,Rahul Iyer,Male,40.0,Nagpur,2022-12-14
2572,Aditya Kapoor,Male,27.0,Ranchi,2023-12-17
3104,Aryan Malhotra,Male,53.0, Nagpur ,2023-09-07
3334,Meera Patel,Female,65.0,Mumbai,2020-09-09
604,Priya Menon,Female,59.0,Mumbai,2022-06-02
866,Kavya Chopra,Female,21.0, Lucknow ,2022-04-09
1891,Kabir Iyer,Male,18.0,Bhopal,2021-04-28
4043,Karan Bose,Male,38.0,patna,2024-09-24
4731,Anjali Verma,Female,41.0,Ahmedabad,2022-06-14
3368,Sai Chopra,Male,57.0,Ranchi ,2023-11-22
1281,Arjun Bose,Male,23.0,Lucknow,2024-03-27
831,Nikhil Joshi,Male,44.0,Raipur,2022-11-05
3150,Vihaan Rao,Male,19.0,Ranchi,2022-05-18
3800,Myra Kapoor,Female,50.0,raipur,2022-10-20
1905,Reyansh Malhotra,Male,53.0,Bhopal,2022-12-12
4404,Meera Malhotra,Female,26.0,Kochi,2021-06-06
2051,Pooja Nair,Female,51.0, Hyderabad ,2019-12-29
1303,Suresh Kumar,Male,46.0,Chandigarh,2022-04-07
329,Diya Kumar,Female,26.0,Pune,2022-11-04
2494,Kabir Kumar,Male,62.0,Jaipur,2023-04-04
4026,Manish Iyer,Male,47.0,PATNA,2022-08-15
480,Aadhya Gupta,Female,34.0,Ahmedabad,2023-02-27
3630,Rahul Malhotra,Male,61.0,Pune,2020-08-12
1176,Sneha Malhotra,Female,55.0,Mumbai,2024-04-17
4714,Vivaan Joshi,Male,61.0,Kochi,2019-04-05
2958,Saanvi Iyer,Female,26.0,Pune,2021-07-16
4011,Kabir Gupta,Male,41.64736842105263,Bhopal,2021-12-30
118,Karan Das,Male,53.0,Coimbatore,2024-09-29
2863,Myra Singh,Female,23.0,Patna,2019-04-02
880,Ira Iyer,Female,20.0,Bangalore,2022-05-20
1030,Rajesh Reddy,Male,36.0,BANGALORE,2024-05-31
467,Diya Kapoor,Female,45.0,Ahmedabad,2024-05-28
4461,Neha Gupta,Female,34.0,Bhopal,2019-06-17
3084,Saanvi Kapoor,Female,35.0,Surat,2022-06-27
1902,Kavya Sharma,Female,36.0,Coimbatore,2024-07-03
1976,Manish Gupta,Male,46.0,Ahmedabad,2022-09-04
777,Rahul Menon,Male,28.0,Raipur,2019-09-19
1787,Sai Pillai,Male,56.0,Bhopal,2019-01-23
4608,Rohan Mehta,Male,65.0,Ranchi,2023-07-05
85,Shreya Chopra,Female,37.0,Jaipur,2023-01-13
1666,Manish Menon,Male,42.0,Mumbai,2024-05-28
3488,Kavya Singh,Female,49.0,Hyderabad,2020-11-15
2790,Suresh Pillai,Male,38.0,Hyderabad,2024-02-29
2144,Karan Kapoor,Male,52.0,Mumbai,2020-11-26
2200,Dhruv Pillai,Male,36.0,Ranchi,2023-08-16
512,Sneha Reddy,Female,27.0,Chennai,2024-04-21
3210,Priya Singh,Female,28.0,Kochi,2020-10-21
732,Anjali Joshi,Female,44.0,Nagpur,2022-04-21
2221,Neha Chopra,Female,62.0,Chennai,2023-02-22
2784,Arjun Kumar,Male,19.0,Hyderabad,2020-07-05
2003,Aarav Malhotra,Male,44.0,Indore,2020-02-14
4998,Kavya Menon,Female,46.0,Patna,2019-11-13
3667,Suresh Bose,Male,34.0, Ranchi ,2023-03-11
4696,Shreya Gupta,Female,60.0,Hyderabad,2019-07-14
1634,Rajesh Das,Male,41.64736842105263,Nagpur,2020-07-24
2758,Pooja Reddy,Female,22.0,Kochi ,2021-06-13
2860,Shreya Patel,Female,24.0, Bangalore ,2023-08-10
1185,Kiara Malhotra,Female,22.0,Coimbatore,2023-05-02
3123,Isha Malhotra,Female,55.0,jaipur,2022-10-06
3185,Rohan Patel,Male,45.0,Kolkata,2019-03-03
2056,Riya Singh,Female,63.0,Chandigarh,2023-03-20
4335,Ira Rao,Female,23.0,Hyderabad,2023-02-07
4084,Isha Menon,Female,22.0,surat,2020-09-05
128,Neha Menon,Female,41.64736842105263,Pune,2024-05-16
4451,Aryan Verma,Male,61.0,Chennai,2019-01-20
165,Rohan Agarwal,Male,41.0,Coimbatore,2019-06-20
4881,Pooja Chopra,Female,44.0,Surat,2024-03-04
1511,Suresh Rao,Male,26.0,INDORE,2020-12-12
3200,Karan Agarwal,Male,47.0,Indore,2022-06-08
2541,Meera Nair,Female,45.0,Coimbatore,2019-03-09
473,Karan Pillai,Male,34.0,Jaipur,2023-10-01
1998,Sneha Reddy,Female,31.0,Indore ,2020-05-25
19,Riya Pillai,Female,54.0,Ahmedabad,2019-07-30
3953,Rajesh Kapoor,Male,37.0,Chennai ,2022-03-24
2957,Sneha Nair,Female,20.0,bangalore,2023-04-11
2043,Ishaan Malhotra,Male,28.0,Bhopal,2023-05-21
2138,Sai Verma,Male,54.0,Mumbai,2020-09-17
1026,Isha Rao,Female,19.0,Kolkata,2022-03-25
98,Nikhil Rao,Male,29.0,Hyderabad,2020-01-30
4902,Pooja Agarwal,Female,48.0,Surat,2021-10-02
3115,Sakshi Menon,Female,24.0,Ranchi,2023-07-28
2836,Krishna Sharma,Male,19.0,Raipur,2023-11-18
3162,Nikhil Patel,Male,30.0,Indore,2019-06-08
450,Sneha Nair,Female,41.64736842105263,Indore,2022-12-16
551,Anika Verma,Female,30.0,PATNA,2020-01-20
4373,Isha Joshi,Female,56.0,Patna,2021-04-12
3745,Kiara Kapoor,Female,42.0,Raipur,2021-11-12
179,Neha Agarwal,Female,54.0,CHENNAI,2024-06-10
3655,Sai Sharma,Male,41.64736842105263,Lucknow,2021-03-23
1341,Priya Das,Female,50.0,Lucknow,2022-02-03
2694,Amit Pillai,Male,52.0, Bhopal ,2023-07-08
3549,Anika Iyer,Female,37.0,Indore,2019-07-08
3521,Dhruv Sharma,Male,52.0,NAN,2022-05-14
1592,Ira Iyer,Female,61.0,Kochi,2019-03-26
1517,Arjun Das,Male,58.0,Ranchi,2021-02-03
742,Rohan Singh,Male,41.64736842105263,Kolkata,2024-03-15
1770,Meera Verma,Female,28.0,Lucknow,2022-05-19
4773,Rahul Bose,Male,41.0,Nagpur,2019-10-08
484,Rajesh Patel,Male,61.0,Ranchi,2023-01-13
4832,Aarav Gupta,Male,34.0,Kochi,2021-09-25
2811,Ananya Singh,Female,32.0,Patna,2020-04-30
2022,Anjali Kapoor,Female,51.0,Raipur,2021-12-28
1911,Kavya Reddy,Female,41.64736842105263,Mumbai,2021-07-07
2486,Anjali Gupta,Female,65.0,Ahmedabad,2024-07-17
781,Suresh Patel,Male,39.0,Bangalore,2020-05-09
78,Dhruv Nair,Male,34.0,Pune,2022-09-14
1890,Rohan Kapoor,Male,60.0,Delhi,2023-06-21
4752,Vivaan Singh,Male,43.0,Ranchi,2019-06-04
674,Krishna Pillai,Male,61.0,Surat,2022-12-19
2204,Rahul Sharma,Male,65.0,Bangalore,2022-07-28
459,Aadhya Reddy,Female,46.0,Ranchi,2024-04-14
2866,Priya Kapoor,Female,50.0,Ahmedabad,2023-12-09
753,Vihaan Gupta,Male,56.0,Chennai,2023-03-20
122,Saanvi Kumar,Female,35.0,Lucknow ,2022-01-04
3638,Kavya Iyer,Female,18.0,Surat,2021-02-24
700,Aditya Bose,Male,25.0,Nagpur,2024-05-14
2925,Vihaan Gupta,Male,29.0,Jaipur,2020-02-14
4563,Meera Rao,Female,29.0,Hyderabad,2021-01-16
1493,Karan Iyer,Male,51.0, Mumbai ,2024-01-20
297,Reyansh Iyer,Male,43.0,Chennai,2023-07-04
1949,Amit Singh,Male,46.0, Bangalore ,2024-05-03
2087,Meera Kumar,Female,22.0,Nagpur,2019-09-25
3366,Neha Rao,Female,53.0,Ranchi,2023-03-13
32,Krishna Agarwal,Male,35.0,Coimbatore,2022-01-17
2155,Isha Das,Female,46.0,Indore,2024-03-13
2759,Manish Singh,Male,65.0,Chennai,2021-02-18
70,Anika Agarwal,Female,31.0,Delhi,2020-07-27
1450,Myra Reddy,Female,43.0,Ranchi,2019-08-18
3176,Ishaan Malhotra,Male,29.0,Indore,2019-08-23
3628,Rahul Patel,Male,53.0,Kochi,2022-05-14
3878,Diya Kapoor,Female,41.64736842105263,RANCHI,2024-06-01
3960,Riya Joshi,Female,56.0,Chandigarh,2021-05-05
4890,Myra Malhotra,Female,32.0,Chandigarh,2024-04-02
3222,Myra Verma,Male,62.0,Kolkata,2020-04-16
3147,Shreya Gupta,Female,19.0,Nagpur ,2022-08-26
1532,Kavya Kapoor,Female,43.0,Pune ,2021-10-21
4502,Ishaan Agarwal,Male,60.0,Chennai,2024-01-03
2433,Dhruv Rao,Male,33.0, Lucknow ,2021-09-23
4362,Sneha Malhotra,Female,47.0,Bhopal,2022-04-27
3575,Ishaan Sharma,Male,25.0,Indore,2019-07-28
3183,Suresh Joshi,Male,46.0,coimbatore,2024-07-27
1913,Sai Menon,Male,33.0,Kolkata,2024-04-16
505,Sneha Patel,Female,47.0,Hyderabad,2024-02-28
340,Sai Bose,Male,40.0,Pune,2020-11-06
3581,Meera Singh,Female,33.0,Ranchi,2024-07-26
4828,Krishna Malhotra,Male,46.0,Pune,2024-09-24
799,Anika Gupta,Female,41.64736842105263,Raipur,2024-06-07
4833,Ishaan Joshi,Male,35.0,Delhi,2020-02-04
4952,Myra Mehta,Female,28.0,Indore,2023-04-14
62,Kavya Patel,Female,26.0,Bhopal,2023-03-14
1776,Kabir Iyer,Male,47.0,Ranchi,2020-02-13
2846,Ira Iyer,Female,20.0,Mumbai,2021-12-11
2461,Arjun Joshi,Male,61.0,Kochi,2022-01-25
4238,Kiara Bose,Female,64.0,Indore,2020-10-20
1568,Kiara Gupta,Female,35.0,Bhopal,2020-11-03
4290,Vihaan Singh,Male,35.0,Mumbai,2023-05-08
1690,Dhruv Das,Male,65.0,Ahmedabad,2020-06-24
4154,Anjali Reddy,Female,25.0,Chennai,2020-05-16
2987,Isha Kapoor,Female,54.0,Coimbatore,2021-02-04
2420,Aadhya Nair,Female,47.0,Kolkata,2024-07-14
4865,Aryan Rao,Male,50.0,PATNA,2019-08-22
1569,Anjali Singh,Female,27.0,Patna,2020-03-14
3966,Suresh Iyer,Male,42.0,Hyderabad ,2020-06-19
2340,Shreya Menon,Female,38.0,Lucknow,2024-04-08
2095,Vihaan Malhotra,Male,54.0,Indore,2023-07-28
2042,Vivaan Rao,Male,26.0,Chennai,2024-05-23
4374,Sai Mehta,Male,50.0,Kochi,2021-04-27
2201,Kiara Rao,Female,34.0,Nagpur,2021-09-13
2273,Vihaan Sharma,Male,48.0,Kolkata,2019-02-28
382,Amit Sharma,Male,51.0,Delhi,2023-11-08
3865,Anika Menon,Female,60.0,Hyderabad,2023-06-20
2413,Rahul Bose,Male,45.0,Kochi,2019-05-29
3913,Kavya Malhotra,Female,18.0,Ahmedabad,2023-07-31
1391,Isha Singh,Female,45.0,Bangalore,2024-05-31
4645,Pooja Sharma,Female,34.0,chennai,2019-04-03
3915,Rahul Sharma,Male,36.0,Patna,2020-09-23
1953,Rohan Rao,Male,56.0,Jaipur,2024-07-10
4163,Sai Nair,Male,56.0,Hyderabad,2019-05-15
2916,Priya Bose,Female,46.0,Surat,2019-04-30
2343,Rohan Iyer,Male,35.0,Lucknow,2021-07-22
4210,Kabir Sharma,Male,52.0,Jaipur,2024-04-13
246,Rohan Malhotra,Male,26.0,Bhopal,2021-03-27
1440,Krishna Nair,Male,21.0,Chennai,2020-04-25
1023,Amit Malhotra,Male,49.0,Kochi,2024-06-21
3234,Manish Agarwal,Male,41.0,Delhi,2021-04-18
412,Ananya Kapoor,Female,41.0,Kochi,2024-09-14
2262,Krishna Pillai,Male,65.0,Lucknow,2021-05-27
1063,Isha Singh,Female,27.0,BHOPAL,2023-08-15
4213,Sakshi Singh,Female,32.0, Nagpur ,2020-02-21
4344,Rahul Bose,Male,39.0,Coimbatore,2019-06-27
666,Vihaan Sharma,Male,47.0,Hyderabad,2021-04-29
4797,Kabir Sharma,Male,47.0,Hyderabad,2021-10-27
4189,Vihaan Chopra,Male,36.0,Delhi,2019-11-08
115,Myra Malhotra,Female,63.0,Chennai ,2023-05-15
3990,Nikhil Pillai,Male,57.0,Nan ,2022-04-27
2303,Shreya Singh,Female,45.0,Raipur,2022-12-08
2478,Arjun Singh,Male,18.0,Ahmedabad,2019-09-28
3251,Priya Sharma,Female,46.0,Bhopal,2020-08-04
119,Ira Sharma,Female,23.0,Nagpur,2020-01-17
1982,Nikhil Chopra,Male,41.64736842105263,Raipur,2023-11-26
2181,Riya Das,Female,45.0, Surat ,2019-06-15
163,Rohan Nair,Male,52.0,Lucknow,2020-11-19
264,Anjali Verma,Female,29.0,Ranchi,2022-07-27
776,Aarav Patel,Male,58.0,Delhi,2022-06-12
4676,Pooja Bose,Female,48.0,Lucknow,2020-01-27
4474,Karan Das,Male,32.0,Hyderabad ,2020-12-10
652,Suresh Bose,Male,47.0,Ranchi,2023-12-15
3724,Aryan Reddy,Male,52.0,Ranchi,2020-12-28
4650,Priya Malhotra,Female,40.0,Kochi,2020-09-06
1171,Aadhya Chopra,Female,23.0,Lucknow,2024-08-17
4744,Neha Chopra,Female,61.0, Surat ,2020-10-11
3012,Riya Gupta,Female,50.0,Raipur,2022-07-03
3875,Ishaan Joshi,Male,64.0,Bhopal,2020-06-25
1694,Kabir Pillai,Male,60.0,Surat,2021-12-19
1369,Vivaan Joshi,Male,41.64736842105263,Ranchi,2019-02-02
898,Sneha Chopra,Female,48.0,ranchi,2023-07-15
929,Aarav Kapoor,Male,29.0,Raipur,2024-08-06
15,Myra Menon,Female,50.0,Chennai,2022-09-05
2549,Riya Agarwal,Female,28.0,Mumbai,2024-06-28
968,Karan Patel,Male,44.0,CHENNAI,2019-04-28
1107,Karan Agarwal,Male,62.0,Ranchi,2023-05-28
4727,Isha Gupta,Female,54.0,Ranchi,2019-03-05
4337,Sneha Das,Female,40.0,Raipur,2021-04-07
3969,Rohan Sharma,Male,18.0,Bangalore,2021-01-17
1255,Rohan Menon,Male,47.0,Chennai,2021-11-07
2649,Karan Malhotra,Male,54.0,Coimbatore,2019-08-13
2924,Myra Joshi,Female,57.0,Bangalore,2023-05-18
4265,Nikhil Chopra,Male,40.0,Ranchi,2022-06-20
1640,Myra Joshi,Female,55.0,Raipur,2022-11-26
1134,Ananya Das,Female,51.0,Surat,2021-02-27
4817,Vivaan Das,Male,61.0,Ahmedabad,2023-01-31
3520,Amit Reddy,Male,41.64736842105263,Raipur,2024-02-27
1879,Saanvi Mehta,Female,40.0,Bhopal,2019-03-13
272,Sai Iyer,Male,24.0,Bangalore,2022-11-01
1474,Aadhya Rao,Female,50.0,Patna,2021-12-12
1548,Anika Pillai,Female,19.0, Lucknow ,2019-03-15
4311,Aadhya Malhotra,Female,49.0,Indore,2023-12-29
4801,Nikhil Reddy,Male,49.0,Lucknow ,2023-03-08
4441,Nikhil Menon,Male,36.0,Ahmedabad,2020-10-13
839,Priya Kumar,Female,41.0,Patna,2020-10-27
2196,Amit Mehta,Male,64.0,Raipur,2019-09-08
1836,Rohan Kumar,Male,54.0,Surat,2023-08-23
413,Meera Verma,Female,36.0,Pune,2022-08-05
1713,Neha Iyer,Female,30.0,Raipur,2022-04-15
4439,Pooja Kapoor,Female,38.0,Ahmedabad,2020-09-23
2796,Rajesh Singh,Male,27.0,Indore,2019-07-18
2222,Aadhya Sharma,Female,46.0,Nagpur,2023-09-05
378,Vivaan Patel,Male,49.0,Chennai,2023-08-04
1492,Arjun Das,Male,27.0,Chandigarh,2022-07-20
739,Saanvi Kapoor,Female,20.0,Surat,2019-12-12
3378,Amit Nair,Male,58.0,Chennai,2024-03-12
3616,Divya Singh,Female,39.0,Nagpur,2021-11-29
4743,Aditya Nair,Male,40.0,Pune ,2019-11-29
53,Shreya Bose,Female,52.0,Pune,2021-10-10
4115,Sai Kumar,Male,28.0,Lucknow,2020-01-27
2270,Vivaan Chopra,Male,31.0,Pune,2023-09-30
3095,Neha Verma,Female,44.0,Jaipur,2023-06-10
1390,Krishna Rao,Male,53.0, Jaipur ,2022-11-23
3189,Diya Pillai,Female,51.0,Chandigarh,2021-06-02
3479,Kavya Kumar,Female,22.0,Raipur,2023-01-16
3434,Sai Agarwal,Male,38.0,Bhopal,2020-01-06
4192,Karan Agarwal,Male,34.0,Nagpur,2022-10-12
2310,Riya Pillai,Female,42.0,Coimbatore,2019-07-19
3223,Diya Bose,Female,38.0,Lucknow,2022-11-25
2591,Aditya Verma,Male,35.0,Ranchi,2020-05-16
1633,Suresh Malhotra,Male,41.64736842105263,Raipur,2022-05-25
4276,Arjun Kumar,Male,33.0,Bangalore,2020-04-11
3175,Ira Agarwal,Female,38.0,Chennai,2019-02-25
2977,Dhruv Menon,Male,55.0,Jaipur,2024-04-06
4281,Divya Chopra,Female,44.0,Ahmedabad,2024-08-01
468,Priya Pillai,Female,65.0,Raipur,2020-02-05
4918,Aarav Kumar,Male,61.0,Kolkata,2019-01-15
904,Kiara Mehta,Female,60.0,Chandigarh,2024-07-01
4894,Kiara Patel,Female,32.0,Pune,2021-09-17
72,Kabir Kumar,Male,60.0,Kochi,2021-06-24
3218,Ananya Kapoor,Female,61.0,Ranchi,2020-12-02
1899,Shreya Chopra,Female,23.0,Pune ,2023-02-21
3996,Diya Agarwal,Female,57.0,Coimbatore,2021-07-03
1208,Aadhya Gupta,Female,53.0,Ahmedabad,2023-11-28
2078,Aarav Menon,Male,48.0,Patna,2023-08-25
1591,Isha Sharma,Female,40.0,Lucknow,2022-09-28
2845,Vihaan Verma,Male,46.0,Raipur,2024-06-12
2206,Priya Bose,Female,41.0,chandigarh,2022-05-14
2981,Dhruv Menon,Male,47.0,Mumbai,2021-08-16
659,Priya Malhotra,Female,22.0,Bhopal,2019-09-23
64,Ira Patel,Female,52.0,Indore,2020-06-05
1839,Priya Kapoor,Female,46.0,Kolkata,2019-05-31
4001,Aryan Malhotra,Male,57.0,Jaipur,2019-02-23
3037,Aditya Kumar,Male,29.0,Patna,2022-07-09
455,Meera Reddy,Male,55.0,Kolkata,2023-08-11
403,Sai Das,Male,63.0,Chennai,2019-06-13
1473,Rahul Chopra,Male,50.0,RANCHI,2022-07-08
3357,Aarav Reddy,Male,20.0,Nagpur,2023-05-18
1617,Dhruv Kumar,Male,43.0,Mumbai,2024-03-10
1252,Karan Iyer,Male,64.0,Nagpur,2024-09-18
1984,Aadhya Gupta,Female,54.0,Bangalore,2020-04-05
3426,Pooja Kumar,Female,59.0,Surat ,2022-12-02
3844,Shreya Kumar,Female,18.0,Bangalore,2024-04-24
1034,Nikhil Verma,Male,22.0,Surat,2023-10-30
175,Aadhya Gupta,Female,43.0,Kochi,2022-02-13
940,Dhruv Kumar,Male,33.0,Hyderabad,2024-08-11
3103,Krishna Singh,Male,44.0,Chandigarh,2019-02-27
2588,Manish Verma,Male,58.0,Chandigarh,2019-08-06
335,Manish Reddy,Male,64.0,Nagpur,2019-02-27
874,Priya Mehta,Female,62.0,Nagpur,2020-07-23
2854,Sneha Singh,Female,27.0,Pune,2024-06-09
1487,Rohan Patel,Male,21.0,Bangalore,2023-10-22
4294,Amit Chopra,Male,61.0,Indore,2022-07-10
4999,Kiara Reddy,Female,62.0,Bhopal,2019-04-09
4932,Aarav Menon,Male,26.0,Nagpur,2019-10-29
3846,Ira Kapoor,Female,41.64736842105263,Raipur,2022-09-26
4219,Rajesh Mehta,Male,63.0,Surat,2021-09-20
3761,Nikhil Mehta,Male,39.0,Delhi,2024-02-05
379,Rohan Menon,Male,30.0,Pune,2020-05-09
2771,Krishna Das,Male,63.0,Pune,2021-02-01
3919,Karan Bose,Male,24.0,Surat,2023-09-30
4139,Neha Nair,Female,39.0,Pune,2023-07-29
2211,Myra Malhotra,Female,41.0,Mumbai,2023-11-15
2173,Vivaan Kumar,Male,42.0,Chandigarh,2023-04-03
2600,Sneha Patel,Female,40.0,Nagpur,2022-04-05
2053,Vihaan Iyer,Male,64.0,Jaipur,2021-10-27
916,Kabir Pillai,Male,23.0,Ranchi,2022-06-02
4929,Dhruv Bose,Male,22.0,Jaipur,2022-11-02
4708,Aarav Sharma,Male,40.0,Raipur,2021-08-01
2336,Saanvi Nair,Female,56.0,Kochi,2022-03-24
3821,Dhruv Malhotra,Male,47.0,Ranchi,2023-07-29
957,Vihaan Patel,Male,33.0,Kochi,2020-06-16
1888,Sakshi Kapoor,Female,52.0, Ahmedabad ,2019-07-20
1528,Nikhil Kapoor,Male,27.0,pune,2023-02-03
3718,Anjali Pillai,Female,29.0,Ranchi,2019-02-16
4028,Kiara Pillai,Female,51.0,Bangalore,2019-06-12
1183,Neha Pillai,Female,19.0,Raipur,2019-05-12
4603,Meera Sharma,Female,33.0,Raipur,2023-10-15
4453,Kiara Joshi,Female,32.0,Ranchi,2020-07-24
1424,Kabir Chopra,Male,22.0,Ranchi,2022-09-28
2401,Rahul Pillai,Male,65.0,Chennai,2022-05-21
2893,Neha Sharma,Female,28.0,Nagpur,2022-02-14
3597,Saanvi Patel,Female,25.0,INDORE,2019-06-05
1723,Vivaan Rao,Male,19.0,Kolkata ,2019-10-27
1668,Shreya Kumar,Female,41.64736842105263,Patna,2020-04-28
2885,Rohan Agarwal,Male,43.0,Coimbatore,2024-08-17
2995,Neha Kapoor,Female,55.0,Bangalore,2024-01-15
4764,Dhruv Mehta,Male,57.0,Raipur,2019-09-15
887,Ira Patel,Female,40.0,Indore,2023-10-04
4057,Ananya Nair,Female,45.0,Bhopal,2022-05-06
4925,Shreya Reddy,Female,41.64736842105263,Mumbai,2023-03-06
334,Sneha Rao,Female,48.0,Indore ,2019-01-20
154,Isha Menon,Female,29.0,Lucknow,2019-12-14
722,Aditya Kumar,Male,59.0, Bhopal ,2024-02-11
374,Rahul Joshi,Male,41.0,Delhi,2021-07-02
313,Rohan Menon,Male,37.0,Jaipur,2023-10-02
1850,Sneha Mehta,Female,20.0,Ahmedabad,2024-09-07
1623,Sakshi Reddy,Female,25.0,Bangalore,2019-01-01
43,Saanvi Das,Female,59.0,Jaipur,2021-02-01
4619,Anjali Nair,Female,49.0,SURAT,2022-06-27
418,Reyansh Iyer,Male,53.0,Bangalore,2021-07-21
4754,Myra Kumar,Female,51.0,Jaipur,2021-05-30
4804,Vivaan Singh,Male,46.0, Delhi ,2023-04-19
705,Aadhya Joshi,Female,31.0,Raipur,2023-11-01
733,Saanvi Verma,Female,62.0,Ranchi,2022-05-30
945,Amit Agarwal,Male,41.0,Hyderabad,2022-07-20
3615,Neha Singh,Female,26.0,Ahmedabad,2023-03-05
1807,Reyansh Sharma,Male,32.0,Pune,2020-01-10
1019,Ananya Singh,Female,28.0,Chennai,2023-12-29
908,Saanvi Bose,Female,45.0,Chennai,2022-07-03
2792,Arjun Pillai,Male,28.0,RAIPUR,2022-11-27
4369,Karan Verma,Male,25.0,Surat,2024-07-11
520,Aadhya Malhotra,Female,57.0,Lucknow,2024-03-14
815,Isha Sharma,Female,58.0,Bangalore,2023-04-26
819,Priya Patel,Female,59.0,Coimbatore,2019-10-02
3450,Aarav Pillai,Male,44.0,Raipur ,2019-07-03
1523,Ananya Rao,Female,22.0,chandigarh,2019-11-09
1639,Amit Malhotra,Male,48.0,Ranchi,2021-01-08
3558,Rohan Gupta,Male,57.0,Patna,2023-08-02
4848,Kabir Kumar,Male,39.0,Hyderabad,2024-01-20
1701,Anjali Joshi,Female,20.0,Coimbatore,2021-07-22
3527,Divya Kumar,Female,54.0,Lucknow,2020-09-06
3735,Vihaan Malhotra,Male,40.0,JAIPUR,2022-03-24
3047,Diya Kapoor,Female,57.0,LUCKNOW,2019-09-21
1884,Diya Gupta,Female,38.0,Nagpur,2019-06-06
2593,Riya Patel,Female,53.0, Chandigarh ,2024-08-03
380,Kiara Das,Female,41.64736842105263,surat,2020-03-17
3776,Sneha Reddy,Female,29.0,Delhi,2019-10-13
4004,Anika Pillai,Female,34.0,Mumbai,2022-10-11
2252,Sneha Malhotra,Female,19.0,Kochi,2022-04-01
4440,Rahul Bose,Male,41.0,Kochi,2024-04-13
2149,Isha Nair,Female,61.0,Chandigarh,2021-10-21
3727,Nikhil Kumar,Male,47.0,Chandigarh,2019-06-02
2145,Priya Verma,Female,27.0,Hyderabad,2021-08-15
2567,Sneha Pillai,Female,63.0,Chennai,2019-08-05
1804,Suresh Kumar,Male,24.0,Pune,2022-02-20
3622,Ira Chopra,Female,42.0,Jaipur ,2024-05-22
3968,Sai Menon,Male,36.0,Coimbatore,2022-10-22
1595,Aditya Reddy,Male,42.0,hyderabad,2022-01-26
4329,Divya Reddy,Female,48.0,Lucknow,2024-02-20
1707,Priya Bose,Female,36.0,Ranchi,2019-05-08
3791,Dhruv Malhotra,Male,59.0,Jaipur,2021-06-27
1821,Suresh Sharma,Male,63.0,Chandigarh,2024-02-05
2563,Kavya Patel,Female,57.0,Patna,2022-02-17
2560,Aditya Patel,Male,31.0,Bangalore,2020-09-21
4209,Arjun Agarwal,Male,27.0,Kolkata,2020-12-17
1583,Anika Patel,Female,38.0,Bangalore,2020-11-13
2548,Rohan Menon,Male,52.0,Ahmedabad,2019-06-30
320,Myra Sharma,Female,59.0,Chandigarh,2022-04-25
4322,Suresh Reddy,Male,41.0,Delhi,2019-01-04
3365,Rajesh Menon,Male,20.0,Indore,2024-06-05
1764,Vihaan Menon,Male,57.0,Surat,2020-06-13
2844,Kabir Joshi,Male,58.0,RAIPUR,2019-04-13
4868,Kiara Nair,Female,46.0,Indore,2021-11-26
2142,Ananya Das,Female,22.0,Ahmedabad,2022-03-24
214,Vivaan Sharma,Male,33.0,Delhi,2024-04-16
4434,Pooja Iyer,Female,41.0,Ahmedabad,2021-11-07
3498,Rohan Chopra,Male,62.0,Nagpur,2022-12-07
804,Saanvi Joshi,Female,32.0,Lucknow,2020-10-04
4133,Anika Chopra,Female,43.0,Bangalore,2022-10-02
106,Rohan Agarwal,Male,54.0,Delhi,2021-01-04
4459,Ira Verma,Female,51.0,Nagpur,2024-07-24
3806,Kiara Iyer,Female,35.0,Jaipur,2021-06-13
2807,Sai Sharma,Male,41.64736842105263,Surat,2020-07-05
1466,Dhruv Nair,Male,31.0,Ranchi,2019-11-04
2954,Shreya Malhotra,Female,57.0,Raipur,2023-10-10
566,Isha Sharma,Female,58.0,Kochi,2023-04-02
4346,Sakshi Reddy,Female,18.0,Pune,2019-01-27
2525,Ira Mehta,Female,41.64736842105263,Lucknow,2022-02-18
1475,Rajesh Verma,Male,41.64736842105263,Ahmedabad,2019-02-02
3237,Rohan Rao,Male,31.0,Hyderabad,2019-03-18
2830,Nikhil Singh,Male,64.0,Nagpur,2024-01-09
2503,Kavya Gupta,Female,60.0,Surat,2022-01-07
318,Riya Iyer,Female,59.0,Lucknow,2021-02-10
1201,Diya Nair,Female,28.0,Jaipur,2022-04-10
2279,Meera Reddy,Female,35.0,Mumbai,2022-01-18
653,Rajesh Menon,Male,18.0,Ahmedabad,2022-02-13
71,Anika Pillai,Female,38.0,Raipur,2022-08-06
2659,Ira Kumar,Female,30.0,Kochi,2022-07-08
1175,Manish Iyer,Male,18.0,Lucknow,2022-02-28
1089,Vivaan Menon,Male,38.0,Kolkata,2019-04-22
411,Sai Malhotra,Male,25.0,Indore,2021-11-16
4065,Riya Agarwal,Female,33.0,Raipur,2023-11-08
2387,Aditya Singh,Male,35.0,Kolkata,2020-05-23
2092,Anjali Singh,Female,22.0,Ranchi,2019-09-18
4636,Aryan Das,Male,61.0,Bhopal,2019-12-30
602,Aditya Iyer,Male,45.0,Surat,2020-01-02
3014,Anjali Agarwal,Female,54.0,Pune,2023-08-16
4793,Suresh Chopra,Male,49.0,Ranchi,2022-05-19
2220,Sakshi Rao,Female,41.64736842105263,Hyderabad,2020-06-14
2466,Anjali Nair,Female,46.0,Jaipur ,2022-05-14
838,Riya Chopra,Female,29.0,Pune,2019-05-23
3326,Manish Kapoor,Male,41.64736842105263,Ahmedabad,2022-12-01
625,Myra Pillai,Female,28.0,Surat,2019-10-05
1628,Karan Kumar,Male,58.0,Mumbai,2021-01-26
807,Karan Nair,Male,33.0,Surat,2023-11-14
3116,Ishaan Mehta,Male,63.0,Bangalore,2023-04-07
638,Manish Malhotra,Male,51.0,DELHI,2021-02-16
424,Manish Nair,Male,26.0,Indore,2022-04-23
4824,Sai Menon,Male,37.0,Indore,2022-07-28
1997,Rahul Reddy,Male,42.0,Delhi,2024-01-05
4473,Sai Menon,Male,55.0, Coimbatore ,2020-08-08
4621,Amit Agarwal,Male,55.0,Kolkata,2022-09-18
2487,Sneha Joshi,Female,59.0,Nagpur,2021-03-26
151,Manish Patel,Male,41.0,Surat ,2021-03-18
3110,Ananya Mehta,Female,59.0,Ranchi,2023-03-24
1581,Kiara Patel,Female,31.0,Nagpur,2022-03-25
627,Kavya Mehta,Female,46.0,Jaipur,2020-09-14
3003,Ananya Verma,Female,23.0,Chandigarh,2021-01-18
4602,Ananya Pillai,Female,41.64736842105263,Kolkata,2023-03-09
3797,Nikhil Gupta,Male,47.0,Kolkata,2023-07-06
3482,Vihaan Bose,Male,33.0,Chennai,2022-09-28
144,Meera Singh,Female,46.0,Patna,2022-07-30
4814,Saanvi Bose,Female,58.0,Lucknow,2021-07-17
2575,Aarav Sharma,Male,23.0,Surat,2020-11-06
4663,Myra Chopra,Female,43.0,Surat,2023-03-16
4015,Karan Sharma,Male,65.0,Nagpur,2023-03-24
1881,Diya Agarwal,Female,65.0,Indore,2021-10-15
3453,Riya Joshi,Female,40.0,Hyderabad ,2021-08-29
3606,Aarav Sharma,Male,37.0,Hyderabad,2023-10-08
3343,Meera Iyer,Female,41.64736842105263,Nan ,2022-03-10
4940,Kabir Agarwal,Male,47.0,Ahmedabad,2023-08-15
2172,Riya Nair,Female,25.0,Chennai,2023-12-28
2781,Suresh Patel,Male,41.64736842105263,Bangalore,2020-10-25
4721,Vihaan Malhotra,Male,39.0,Nagpur,2023-11-03
2833,Isha Singh,Female,33.0,Ranchi,2024-03-07
2231,Priya Menon,Female,48.0,Coimbatore,2020-08-21
618,Saanvi Sharma,Female,40.0,nagpur,2022-12-26
1325,Riya Kumar,Female,64.0,Ranchi,2023-09-25
691,Kabir Pillai,Male,33.0,Kolkata,2019-10-19
2289,Suresh Kumar,Male,31.0,Indore,2019-12-01
3303,Anika Joshi,Female,51.0,Ranchi,2023-05-08
1351,Sneha Patel,Female,41.0,Hyderabad,2022-10-16
2730,Pooja Iyer,Female,32.0,Mumbai,2021-03-06
4562,Rajesh Patel,Male,38.0,Coimbatore,2019-10-01
1188,Rajesh Bose,Male,19.0,Kolkata,2021-03-26
1192,Manish Rao,Male,48.0,Bangalore,2023-05-13
146,Ira Patel,Female,65.0,Ahmedabad,2020-12-15
3573,Vihaan Verma,Male,29.0,Bangalore,2020-10-21
4421,Nikhil Das,Male,53.0,Chandigarh,2022-12-02
3743,Rahul Mehta,Male,35.0, Jaipur ,2019-11-15
1763,Kabir Das,Male,44.0,Ahmedabad,2020-11-13
3801,Rahul Iyer,Male,23.0,Bangalore,2023-09-13
4803,Ira Sharma,Female,22.0, Patna ,2022-11-26
4811,Manish Agarwal,Male,31.0,Jaipur,2019-12-16
1835,Arjun Mehta,Male,21.0,Indore,2022-03-21
2128,Kiara Bose,Female,34.0,Ranchi,2019-02-12
4784,Aryan Pillai,Male,47.0,Patna,2020-05-26
2278,Suresh Verma,Male,60.0,Bangalore,2022-02-24
3796,Diya Das,Female,21.0,Pune,2019-05-08
2500,Suresh Reddy,Male,55.0,Bangalore,2021-08-06
1825,Sai Singh,Male,52.0,Jaipur,2021-03-06
2789,Aarav Iyer,Male,37.0,Ahmedabad,2023-05-08
4197,Vivaan Sharma,Male,41.0, Hyderabad ,2022-10-27
4387,Dhruv Menon,Male,63.0,Pune,2019-02-22
3828,Krishna Joshi,Male,53.0,Chandigarh,2023-06-26
2493,Shreya Rao,Female,36.0,Ranchi,2020-03-12
879,Vihaan Verma,Male,60.0,kochi,2019-08-31
1456,Krishna Menon,Male,18.0,Lucknow,2021-02-07
392,Myra Verma,Female,60.0,Delhi,2021-03-29
4183,Kabir Gupta,Male,25.0,Chennai,2024-02-25
2284,Saanvi Pillai,Female,43.0,Nagpur ,2024-03-29
2715,Divya Sharma,Female,43.0,Kolkata,2021-08-30
2959,Saanvi Kapoor,Female,33.0,Ahmedabad,2020-02-27
476,Riya Mehta,Female,54.0,Nagpur,2023-06-19
1695,Rahul Das,Male,19.0,Patna,2019-02-06
1296,Rohan Pillai,Male,48.0,Pune,2024-07-20
2093,Saanvi Reddy,Female,33.0,Ranchi,2021-01-04
3051,Vivaan Chopra,Male,42.0,BANGALORE,2019-05-17
1138,Kabir Pillai,Male,45.0,Kochi,2023-01-05
2073,Myra Joshi,Female,52.0,Nagpur,2023-06-14
833,Pooja Pillai,Female,26.0,Lucknow,2020-12-04
592,Diya Pillai,Female,41.64736842105263,BANGALORE,2019-08-18
4659,Kavya Gupta,Female,37.0,Lucknow,2024-04-10
3593,Neha Nair,Female,20.0,Patna,2023-09-14
110,Diya Singh,Female,45.0,Ahmedabad,2019-11-08
4319,Sakshi Mehta,Male,45.0,Ranchi,2020-06-29
1053,Sneha Reddy,Female,37.0,Bangalore,2019-06-01
1312,Amit Kapoor,Male,32.0,Mumbai,2024-05-18
669,Divya Agarwal,Female,38.0,Mumbai,2020-04-11
254,Anjali Pillai,Female,27.0,Raipur ,2021-02-10
2691,Meera Menon,Female,46.0,Ahmedabad,2023-10-11
4642,Anika Mehta,Female,50.0,Surat,2020-07-20
844,Manish Singh,Male,37.0,Ranchi,2023-07-04
4160,Vihaan Patel,Male,59.0,Bhopal,2023-04-19
4510,Meera Rao,Female,48.0,Kolkata,2019-07-09
3375,Ananya Bose,Female,23.0,Chennai,2022-03-23
3395,Aarav Mehta,Male,53.0,Bhopal,2021-01-23
885,Kabir Patel,Male,52.0,Mumbai,2020-02-09
4548,Rajesh Das,Male,41.0,Nagpur,2024-01-12
3997,Rajesh Iyer,Male,65.0,Bangalore,2021-05-20
4753,Sai Pillai,Male,48.0,Chennai,2020-12-07
1880,Neha Mehta,Female,58.0,Delhi,2020-04-02
1486,Sneha Gupta,Female,37.0,Patna ,2023-09-16
2418,Myra Rao,Female,53.0,Raipur,2021-11-11
2738,Karan Das,Male,38.0,DELHI,2019-03-07
2268,Rajesh Verma,Male,18.0,Jaipur,2019-01-01
4174,Shreya Verma,Female,65.0,Bangalore,2019-06-12
3369,Myra Joshi,Female,45.0,Kolkata,2021-01-24
2809,Aryan Chopra,Male,64.0,Indore,2019-09-28
870,Arjun Kapoor,Male,36.0,Nagpur,2024-06-09
2469,Dhruv Sharma,Male,45.0,Delhi,2019-11-08
3894,Krishna Malhotra,Male,51.0,Indore,2019-07-18
451,Meera Bose,Female,56.0,Mumbai,2024-08-17
1980,Rohan Iyer,Male,56.0, Mumbai ,2020-07-28
697,Rahul Mehta,Male,61.0,Patna,2024-04-11
1742,Vihaan Das,Male,45.0,Chandigarh,2021-12-13
3719,Rajesh Rao,Male,43.0,Kolkata,2023-12-22
812,Arjun Chopra,Male,36.0,Ahmedabad,2020-01-07
3285,Neha Patel,Female,28.0,Nagpur,2020-09-21
2190,Suresh Nair,Male,23.0,Bangalore,2019-02-09
506,Ananya Sharma,Female,61.0,Pune,2023-04-04
3304,Pooja Malhotra,Female,65.0,Lucknow,2020-05-01
406,Reyansh Kapoor,Male,22.0,kochi,2020-10-14
3641,Aadhya Pillai,Female,63.0,MUMBAI,2021-09-15
184,Pooja Nair,Female,45.0,Bangalore,2020-01-25
1877,Isha Chopra,Female,21.0,Ranchi,2023-02-21
610,Manish Kapoor,Male,34.0,Coimbatore,2024-06-01
2675,Ananya Malhotra,Female,51.0,Coimbatore,2021-12-12
2034,Dhruv Kapoor,Male,41.64736842105263, Chennai ,2021-06-27
3982,Karan Joshi,Male,40.0,Surat,2024-01-16
1969,Sneha Joshi,Female,53.0,Coimbatore,2021-03-27
21,Ishaan Verma,Male,54.0,Hyderabad,2021-02-20
2219,Ananya Mehta,Female,58.0,Kolkata,2022-10-18
2225,Arjun Joshi,Male,58.0,Raipur,2021-07-26
328,Kiara Kapoor,Female,25.0,Indore,2022-05-07
3271,Rajesh Kumar,Male,40.0,Hyderabad,2021-10-28
2519,Sai Reddy,Male,46.0,Chennai,2020-08-25
1875,Sai Pillai,Male,34.0,Pune,2024-02-07
4363,Rajesh Menon,Male,64.0,Indore,2021-08-18
1757,Rahul Joshi,Male,60.0,Hyderabad,2022-11-24
2179,Saanvi Chopra,Female,34.0,Pune,2022-02-21
4962,Sakshi Rao,Female,61.0,Bhopal,2024-05-25
3411,Reyansh Kumar,Male,22.0,Patna,2024-03-10
490,Manish Gupta,Male,50.0,Lucknow,2022-10-24
607,Vihaan Verma,Male,33.0,Ranchi,2020-08-27
3213,Priya Mehta,Female,44.0,Bhopal,2021-10-12
2465,Amit Rao,Male,47.0,Ranchi,2021-08-03
1739,Rajesh Verma,Male,52.0,COIMBATORE,2021-03-10
153,Sakshi Malhotra,Female,55.0,Hyderabad,2022-11-26
3083,Manish Malhotra,Male,56.0,Chennai,2024-09-13
270,Priya Agarwal,Female,42.0,Hyderabad,2024-05-17
97,Aarav Kapoor,Male,64.0,Ranchi,2022-03-20
3825,Anjali Menon,Female,26.0,Mumbai,2023-04-22
3886,Meera Iyer,Female,41.0,Jaipur,2022-04-28
1800,Manish Das,Male,41.64736842105263,Hyderabad,2019-09-08
4968,Pooja Kumar,Female,46.0,Ranchi,2024-06-25
1573,Dhruv Kapoor,Male,45.0,Kochi,2022-09-28
4629,Rajesh Reddy,Male,18.0,Lucknow,2024-08-25
1068,Isha Kumar,Female,63.0,Kochi,2020-04-28
2761,Sakshi Gupta,Female,21.0,Indore,2019-02-03
716,Manish Chopra,Male,25.0,Lucknow,2019-05-08
4060,Anjali Bose,Female,41.0,Patna,2020-10-18
4566,Krishna Agarwal,Male,34.0,Surat,2021-08-15
4661,Ananya Iyer,Female,64.0,Patna,2023-08-13
1799,Aarav Mehta,Male,62.0,Pune,2021-03-27
462,Sakshi Pillai,Female,22.0,Ahmedabad,2023-03-30
2945,Kiara Verma,Female,42.0,RANCHI,2021-07-29
1796,Divya Menon,Female,34.0,Chandigarh,2024-03-10
1870,Suresh Kapoor,Male,42.0,Patna,2019-02-17
1346,Amit Bose,Male,50.0,Coimbatore,2020-05-25
4792,Arjun Agarwal,Male,41.0,Nagpur,2022-12-02
1215,Kiara Nair,Female,41.0,ahmedabad,2021-03-30
1373,Amit Singh,Male,62.0,Kochi,2021-01-12
244,Vivaan Menon,Male,57.0,Ranchi,2021-10-03
4040,Myra Pillai,Female,53.0,Chennai,2023-05-07
2800,Ira Kumar,Female,41.64736842105263,Ranchi,2020-05-10
3851,Kiara Patel,Female,22.0,Chandigarh,2022-12-03
1313,Ira Pillai,Female,29.0,Indore,2024-06-06
649,Pooja Patel,Female,25.0,Chennai,2021-04-10
3239,Shreya Sharma,Female,20.0,Coimbatore,2022-07-09
2644,Pooja Agarwal,Female,59.0,Ranchi,2024-02-12
4410,Reyansh Agarwal,Male,59.0,ranchi,2019-01-03
156,Aryan Kumar,Male,50.0,Indore,2023-09-10
3429,Neha Verma,Female,26.0,Lucknow,2021-05-19
3454,Shreya Das,Female,26.0,Chandigarh,2020-05-19
1304,Krishna Reddy,Male,65.0,Pune,2019-02-07
1151,Rohan Patel,Male,39.0,Coimbatore,2021-10-04
3048,Manish Mehta,Male,58.0,Ranchi,2020-01-20
1047,Rahul Kumar,Male,18.0,Kochi,2019-10-13
1641,Aadhya Verma,Female,19.0,Kolkata,2021-08-07
1307,Vivaan Singh,Male,50.0,Surat,2023-11-12
1928,Isha Joshi,Female,46.0,Jaipur,2022-02-01
3440,Ananya Patel,Female,52.0,ranchi,2023-09-24
2245,Vihaan Kapoor,Male,28.0,Ahmedabad,2020-01-12
3137,Vihaan Sharma,Male,19.0, Coimbatore ,2020-05-14
3539,Kabir Gupta,Male,28.0,Ranchi,2020-01-23
4980,Rahul Patel,Male,21.0, Ahmedabad ,2021-07-31
2670,Riya Sharma,Female,49.0,PATNA,2023-12-19
1361,Manish Iyer,Male,24.0,Patna,2023-12-05
1845,Sai Singh,Male,58.0,Nagpur,2019-02-02
3099,Karan Gupta,Male,48.0,Lucknow,2023-03-29
1613,Divya Chopra,Female,41.64736842105263,Nagpur,2023-10-18
498,Suresh Iyer,Male,29.0,Pune,2024-08-05
2841,Sneha Rao,Female,27.0,Bangalore,2022-12-17
4612,Aadhya Gupta,Female,19.0,pune,2021-12-03
3634,Karan Sharma,Male,34.0,Kochi,2023-05-31
1479,Vihaan Malhotra,Male,45.0,Pune,2023-07-03
1096,Kabir Pillai,Male,44.0,Patna,2019-12-10
543,Sakshi Bose,Female,30.0,Surat,2019-03-21
4730,Pooja Gupta,Female,55.0,Hyderabad,2021-11-29
4075,Pooja Nair,Female,30.0,Mumbai,2020-09-12
432,Ishaan Singh,Male,36.0,Ranchi,2019-10-13
729,Divya Gupta,Female,51.0,Ranchi,2019-12-29
4413,Isha Kumar,Female,45.0,Surat,2024-07-24
2562,Isha Patel,Female,56.0,Coimbatore,2021-06-02
1338,Anjali Kumar,Female,34.0,Mumbai,2020-09-28
3607,Aarav Joshi,Male,32.0,Delhi,2020-08-26
2878,Priya Singh,Female,47.0,Raipur,2023-06-19
4416,Ira Malhotra,Female,39.0,chandigarh,2021-02-10
1032,Karan Bose,Male,37.0,Ahmedabad,2021-05-07
1111,Ishaan Sharma,Male,35.0,Nagpur,2021-02-23
1889,Anjali Bose,Female,31.0,Bhopal,2022-01-30
3551,Sneha Sharma,Female,24.0,Ranchi,2019-12-27
754,Vihaan Patel,Male,34.0,Lucknow,2024-03-27
3050,Anika Chopra,Female,61.0,Raipur,2022-10-26
2629,Kavya Verma,Female,51.0,hyderabad,2020-04-22
563,Kiara Pillai,Female,29.0,COIMBATORE,2022-11-25
4765,Rajesh Kumar,Male,63.0,Ranchi,2022-11-30
3563,Ishaan Joshi,Male,35.0,Pune,2022-06-13
253,Ishaan Pillai,Male,38.0,Nagpur,2019-04-26
2517,Dhruv Kumar,Male,31.0,Jaipur,2020-04-06
2963,Reyansh Nair,Male,29.0,Ranchi,2019-03-08
4454,Sakshi Iyer,Female,61.0,Ahmedabad,2021-07-05
1203,Aadhya Singh,Female,50.0,Surat,2023-08-07
3463,Aryan Iyer,Male,28.0,Delhi,2021-12-09
2798,Kavya Das,Female,60.0,Chennai,2019-08-08
4226,Ishaan Menon,Male,64.0,Patna,2021-10-23
145,Kabir Verma,Male,63.0,Hyderabad,2019-04-03
2896,Suresh Rao,Male,43.0,Bangalore,2024-04-09
2764,Amit Malhotra,Male,51.0,Bangalore,2024-02-11
906,Karan Singh,Male,42.0,Patna,2022-07-12
3981,Aadhya Malhotra,Female,41.64736842105263,Chennai,2019-01-31
236,Aarav Malhotra,Male,46.0,Coimbatore ,2021-10-20
