orderid,customerid,orderdate,paymentmode,totalamount
3916,549,2025-11-02, Credit Card ,76345.84
5355,3913,2024-09-21,Cash on Delivery,255904.42
6521,2386,2021-09-14,Cash on Delivery,13132.78
5919,3382,2021-05-03,UPI,207741.59
12426,3800,2024-12-13,Debit Card,4846.71
17352,3328,2024-09-08,Cash on Delivery,200198.85
1080,4324,2025-04-15,Cash on Delivery,40670.49
1119,3344,2025-06-29,Credit Card,225721.5
11365,1171,2025-04-06,Cash on Delivery,93403.18
15719,4748,2025-02-12,Net Banking,200765.33
13070,1234,2023-04-08,Net Banking,29619.28
3057,1905,2024-09-25,Cash on Delivery,161378.24
3569,1975,2023-07-06,net banking,122325.32
15493,1515,2024-10-01,Cash on Delivery,219968.18
8516,4300,2023-10-29,Debit Card,255390.63
10299,1042,2022-08-20,Net Banking,182827.05
5695,1356,2023-06-16,Net Banking,239753.4
10724,1352,2025-04-13,UPI,142393.3
9624,807,2025-05-31,Debit Card,269538.04
18188,2557,2024-02-11,Cash on Delivery,175274.31
1328,402,2023-01-28,,308080.21
7374,3580,2024-02-28,Cash on Delivery,19259.18
18427,1909,2025-12-05,Debit Card,99308.84
6736,50,2024-02-04,UPI,171330.04
2148,4776,2025-02-23,Debit Card,24074.6
13474,4229,2025-05-05,NAN,182539.1
13934,992,2021-09-01,Net Banking,105532.08
3392,2755,2020-09-02,Credit Card,303397.95
241,59,2019-07-28,UPI,274288.52
15180,58,2023-02-15,Net Banking,286226.81
4277,1940,2022-09-11,Debit Card,95752.11
11942,2386,2024-07-28,Credit Card,222583.4
16978,1094,2023-03-08,debit card,71157.55
6252,2013,2024-12-09,UPI,121164.93
11047,3343,2024-05-20,net banking,158327.7
3673,3487,2024-12-23,Cash on Delivery,138943.86
10433,2784,2024-04-13,net banking,98860.76
6308,2546,2024-06-23,UPI,22468.19
7362,4824,2025-12-18,Debit Card,204541.84
6823,2014,2023-05-15,Debit Card,56144.26
13561,2656,2024-05-18,Net Banking,280970.12
15841,1886,2024-06-06,UPI,73081.13
14621,3195,2023-05-02,UPI,144847.13
8328,1815,2024-02-17,Debit Card,259447.28
6365,206,2023-04-30,Debit Card,4287.54
14776,1308,2022-02-21,Credit Card ,95557.27
10953,348,2025-10-12,UPI,65519.14
17456,1875,2024-08-27,Cash on Delivery,265610.1
1498,2887,2022-05-12,UPI,323710.4
9395,2497,2022-11-18,Cash on Delivery,188098.82
3812,179,2025-10-27,UPI,156714.12
13963,210,2025-11-06,Credit Card,361419.34
11709,669,2020-11-23,Net Banking,85391.98
278,3721,2021-09-30,Credit Card,262651.58
642,3240,2025-12-28,Net Banking,233157.43
5121,2286,2024-09-23,Credit Card,150660.54
18129,2126,2023-01-31,Credit Card,277125.67
19377,1877,2023-12-29,Net Banking,87623.88
18354,845,2024-06-18,UPI,251601.53
10928,4109,2023-10-11,Cash on Delivery,87544.74
5975,3529,2025-06-01,Cash on Delivery,347746.51
5445,3741,2024-01-23,Cash on Delivery,263835.29
16120,2215,2024-11-25,Net Banking,99553.23
1755,4914,2023-03-23,Net Banking ,107957.26
13511,552,2022-10-19,Net Banking,331482.82
17881,3991,2024-10-30,Credit Card,324466.17
9960,2110,2025-03-08,Cash on Delivery,133740.73
10560,3401,2021-08-26,Credit Card,112154.63
5542,1467,2022-10-25,Net Banking,363779.99
169,2365,2021-08-03,UPI,393784.41
3127,362,2019-05-05,Debit Card,135867.17
5969,350,2023-03-29,Credit Card,2675.16
1038,4545,2021-07-16,Credit Card,209220.38
3972,2339,2024-10-06,UPI,3842.42
13487,1677,2025-11-01,Net Banking,371001.22
4749,413,2024-06-09,Net Banking,79684.97
19178,506,2025-09-14,Credit Card,143502.29
13584,3304,2024-01-20,Net Banking,201062.91
12299,219,2024-03-12, Cash on Delivery ,201362.35
10044,3126,2023-06-06,Cash on Delivery,98616.03
2788,1811,2025-07-03,UPI,374120.25
3134,4490,2024-04-12,credit card,29735.5
13283,229,2024-04-22,Debit Card,79802.44
14224,2227,2023-04-29,UPI,500696.2
12928,3681,2024-03-05,Cash on Delivery,20741.76
12672,3948,2024-09-06,UPI,47571.24
14287,3186,2025-11-04,Cash on Delivery,389774.1
2962,3829,2025-02-11,Debit Card,225697.78
12463,2717,2021-09-03,UPI,394490.1
8122,2175,2024-12-30,Credit Card,216876.07
5608,3529,2025-07-09,Credit Card,335123.04
2675,4056,2025-10-14,Credit Card,269147.98
6967,3964,2020-10-19,Credit Card,48678.84
18972,2371,2020-02-20,Debit Card,236345.41
18081,3322,2025-05-29,Cash On Delivery ,291451.71
6179,2404,2022-12-12,Credit Card,210871.4
8731,4218,2023-07-18,,244522.91
7665,1599,2022-03-31,UPI,201474.16
10164,2365,2022-11-14,Cash on Delivery,322338.16
17847,3432,2023-11-14,Cash on Delivery,452277.35
6962,1171,2025-03-21, Cash on Delivery ,186477.07
16999,3933,2024-11-22,UPI,293204.11
17222,2283,2023-05-22,Credit Card,447873.88
9330,166,2022-09-07,Credit Card,125741.4
9698,4208,2025-11-04,,331934.79
6460,2161,2025-07-22,Net Banking,61298.86
6826,2951,2024-12-28,UPI,144055.35
11334,1517,2025-11-08,Cash on Delivery,251552.67
16352,4341,2025-04-30,UPI,13694.76
11930,1649,2023-04-01, Credit Card ,129173.6
2553,3467,2025-12-05,Debit Card,220887.91
16660,4866,2023-03-07,Cash on Delivery,484038.63
12362,699,2025-05-29,Net Banking,262701.34
8337,3537,2025-04-18,UPI,51862.2
19201,2128,2022-11-20,Cash On Delivery ,164417.24
18975,2824,2022-09-03,UPI,272808.62
9539,2568,2024-02-05,UPI,153949.75
14049,685,2024-12-07,,35726.04
3724,2060,2025-06-04, UPI ,321663.9
19758,2029,2024-12-01,Cash on Delivery,219176.24
4406,4596,2022-12-09,Credit Card,104056.36
2632,4127,2025-05-14,Cash on Delivery,109750.49
16924,4184,2021-05-31,UPI,16914.07
11360,1672,2022-03-31,Cash on Delivery,36244.88
3764,1940,2023-03-10,UPI,97656.15
4137,723,2024-06-26,Net Banking,130231.05
12906,3912,2019-08-15,Debit Card,61197.84
12150,3807,2022-01-03,Debit Card,476706.97
17437,2465,2023-02-17,net banking,115474.38
18772,4943,2024-05-28,Cash on Delivery,77408.26
18682,396,2021-07-17,Debit Card,188552.53
4076,3808,2024-03-13,UPI,260258.39
11929,1889,2024-05-29,Debit Card,75072.2
19109,420,2021-03-30, UPI ,156616.55
17391,60,2023-04-02,Net Banking ,53727.78
19039,1647,2024-04-23,Debit Card,262269.15
6683,1056,2023-10-02,Debit Card,
17221,2638,2025-06-29,Credit Card,223683.12
13778,544,2021-05-15,Cash on Delivery,177867.1
15080,4689,2024-03-25,Upi ,205413.72
18933,2373,2023-06-06,UPI,37013.57
7404,3441,2025-03-24,UPI,174364.79
3040,2643,2024-04-01,Credit Card,33613.71
16388,3513,2022-08-03,CREDIT CARD,156874.96
176,569,2025-03-26,UPI,168705.8
11255,3648,2024-07-29,Cash on Delivery,247034.26
14633,2011,2023-06-08,Cash on Delivery,122420.19
14865,454,2025-10-15,Debit Card,411832.61
2484,1323,2022-04-21,Net Banking,44793.35
17482,156,2024-11-12,Cash On Delivery ,92172.79
3684,592,2023-08-17,Credit Card,124492.24
16836,968,2025-04-13,Debit Card,47533.56
12184,2376,2024-12-27,UPI,317054.18
10871,3734,2022-05-15,UPI,142733.9
16955,4268,2024-08-28,Cash on Delivery,221950.14
10967,864,2023-12-25,Cash on Delivery,212148.65
12134,936,2023-11-10,Debit Card,381748.52
6343,640,2021-04-30,UPI,65057.07
6890,3079,2024-10-07,UPI,24590.3
15830,4639,2024-03-04,UPI,45602.78
7163,3378,2025-03-11,Debit Card,371215.51
10565,2751,2025-06-27,UPI,30473.8
7888,3966,2024-09-06,Credit Card,79040.94
17993,331,2022-08-01,Credit Card,288627.61
17441,2328,2025-03-13,UPI,156646.28
16100,2739,2020-02-22,Debit Card,
2318,2960,2023-09-21,Net Banking,185151.18
6186,1593,2024-04-29, Net Banking ,151754.36
11131,3277,2021-07-30,Debit Card,26132.23
8751,1034,2024-12-24,Credit Card,235872.14
13899,1826,2024-12-29,Credit Card,276094.15
17426,2610,2023-07-06,,313988.91
13651,2300,2025-01-02,Cash on Delivery,103562.37
7577,542,2024-06-24,Cash on Delivery,429993.6
15225,3103,2019-07-22,Debit Card,223408.44
17216,1821,2025-03-19,Debit Card,122746.26
8211,4200,2025-07-25,UPI,184882.32
13340,3857,2024-06-11,Debit Card,290277.54
11821,2563,2025-05-07,Credit Card,28810.86
17750,562,2024-05-30,Credit Card,219830.85
6444,500,2024-01-23,Cash on Delivery,24738.56
16930,3532,2022-08-24,CREDIT CARD,860.96
4087,2076,2025-01-06,upi,132706.26
8371,1099,2023-12-01,UPI,122926.68
15570,747,2025-03-13,Debit Card,121460.79
12611,3773,2023-04-02,Debit Card,177457.57
13729,3747,2024-01-14,net banking,308157.62
14189,2636,2024-07-11,Credit Card,111156.17
12031,4461,2025-05-26,Credit Card,
2129,1356,2022-09-20,UPI,77896.28
3537,107,2024-07-11,Cash on Delivery,172417.29
18611,1140,2020-01-11,Credit Card,155745.88
19892,2270,2024-12-11,,134186.85
7612,3327,2025-06-10,Cash on Delivery,237870.19
16227,3426,2025-10-21,UPI,333525.36
16597,3183,2025-07-23,Credit Card,59450.78
13145,757,2024-12-29,Net Banking,190525.13
9314,4604,2021-07-02,Debit Card,261457.96
2180,1209,2022-01-09,Cash on Delivery,98505.49
2752,2438,2021-11-30,Debit Card,70083.57
6668,992,2023-02-07,Credit Card,241817.86
7917,4825,2024-12-13,UPI,202503.48
16166,3116,2024-11-02,UPI,481413.25
5602,3255,2025-06-03,UPI,184352.77
19508,1410,2023-09-28,Credit Card,51875.6
16673,479,2025-08-26,Credit Card,200095.23
8782,2496,2025-07-19,Debit Card,107573.1
2491,1339,2025-10-14, Cash on Delivery ,96911.64
8986,4365,2023-06-20,Net Banking,186071.47
12985,3940,2022-03-04,UPI,269998.29
3911,516,2023-12-19,UPI,195636.91
8267,3148,2022-10-27,UPI,304460.34
4360,3872,2025-02-26,Credit Card,208031.91
17495,3371,2024-10-28,Credit Card,216574.17
16609,3422,2025-12-03,Cash on Delivery,359006.71
16971,3240,2020-04-29,Credit Card,42373.5
7105,4793,2025-08-06,Debit Card,190420.88
15714,2341,2022-05-08,Credit Card,142141.01
8356,1821,2024-05-14,Cash on Delivery,57636.22
8487,4093,2023-02-06,UPI,244188.81
19403,4949,2025-10-15,Debit Card,73573.69
17236,2948,2025-07-13,Debit Card,199976.48
18709,1014,2025-01-30,Cash on Delivery,195940.78
9138,4537,2020-11-08,UPI,86155.65
15673,2384,2022-06-24, UPI ,132465.76
7169,4793,2024-11-25,Debit Card,295190.59
6759,2116,2021-12-20,cash on delivery,231507.9
15153,255,2022-06-09,Credit Card,333564.3
18568,900,2025-02-02,UPI,233938.9
3269,1428,2025-03-31,Debit Card,38915.14
14907,1203,2024-10-18,Net Banking,250908.64
1369,1045,2022-01-23,Cash on Delivery,147256.69
13678,2939,2025-04-23,Credit Card,35338.02
2556,2770,2024-02-21,Net Banking,112731.58
7436,4593,2025-04-24,Net Banking,15739.2
15398,3999,2025-09-19,Net Banking,209510.94
16252,3001,2024-10-23,Cash on Delivery,63568.41
17942,730,2023-11-11,Net Banking,11944.52
9225,727,2022-07-12,Debit Card,
10481,383,2024-05-10,upi,229831.87
10341,4557,2024-03-17,Cash on Delivery,62608.78
14766,3297,2025-06-23,Debit Card,242143.08
7318,3476,2021-01-13,Debit Card,226250.72
14314,1157,2025-06-30,net banking,103835.01
11614,432,2024-08-10,Debit Card,115741.89
3250,1674,2023-11-27,Debit Card,278266.17
17210,3734,2022-01-02,Cash on Delivery,29435.54
19485,2614,2025-03-12,Cash on Delivery,320290.93
14655,4432,2025-11-18,Net Banking,210165.39
8716,3309,2020-11-17,Cash on Delivery,73549.59
4174,528,2022-09-29,Cash On Delivery ,127700.17
13492,4184,2024-11-30,Debit Card,9863.44
6620,4455,2020-05-31,UPI,146334.58
17647,4327,2025-11-05,Credit Card,386618.07
197,4650,2021-04-17,Cash on Delivery,360562.61
528,1506,2025-05-10,Credit Card,40596.69
14128,4202,2020-09-21,Net Banking,163221.13
15806,3857,2025-01-29,Cash on Delivery,58658.75
6182,2154,2024-10-27,UPI,174334.0
14208,2507,2023-02-14,Credit Card,209725.14
6378,4636,2023-10-23,Cash on Delivery,109865.58
17987,3446,2023-09-28,Credit Card,330952.03
11332,2682,2025-06-23,DEBIT CARD,255267.6
6739,1737,2023-03-23,Cash on Delivery,12750.32
11940,2941,2024-01-31,Cash on Delivery,113153.67
2871,2486,2025-08-29,Cash on Delivery,258608.34
4872,2088,2025-07-05,,213839.53
9070,568,2025-05-08,Debit Card,
6765,3424,2021-04-12,Cash on Delivery,356195.69
2833,3168,2024-04-15,Net Banking,33507.69
7300,61,2022-09-26,Cash on Delivery,162686.32
1073,3358,2023-01-01,Cash on Delivery,284306.16
18414,2486,2024-10-10,CASH ON DELIVERY,141005.95
8506,3164,2021-09-24,Cash on Delivery,317948.27
5732,3118,2019-11-11,Net Banking,58274.38
2976,686,2025-04-22,Debit Card,62775.32
7477,3165,2022-04-25,CASH ON DELIVERY,304329.42
5133,1228,2021-08-21,Cash on Delivery,162027.01
17590,1707,2021-10-18,,195634.25
13506,939,2024-10-23,Cash on Delivery,84821.43
14033,4697,2024-05-21,Net Banking,35357.58
722,1747,2024-03-23,Credit Card,44804.12
235,3895,2025-05-23,UPI,275851.28
13186,2160,2022-02-03,Debit Card,39444.3
17755,1829,2023-08-31,net banking,379748.2
18774,39,2025-04-17,Net Banking,279332.78
11370,2006,2024-08-12,Net Banking,268270.08
1094,3238,2024-09-02,Debit Card,258276.34
845,1659,2023-10-19,Net Banking ,345055.7
8998,4327,2025-06-16,Debit Card,40735.89
16704,3871,2020-10-05,Debit Card,208383.49
880,4328,2020-12-10,Net Banking,
9693,458,2023-08-02,Cash on Delivery,84584.22
15383,2620,2022-10-15,Debit Card,111566.34
10229,2098,2022-05-19,Cash on Delivery,286245.27
11379,644,2021-07-01,Debit Card,95643.48
18806,2747,2024-10-12,UPI,22217.16
16101,2804,2025-04-04,Cash on Delivery,230818.07
8270,3974,2024-03-19,Net Banking,96168.93
16819,4143,2023-04-10,UPI,313523.39
2559,2431,2025-08-10,Credit Card,21088.24
9387,281,2024-11-06,Net Banking,136059.71
311,553,2025-01-01,Credit Card,17910.18
5734,4412,2024-09-19,Credit Card,84526.12
10743,3186,2024-10-27,Net Banking,95168.43
7787,2832,2025-02-08,UPI,
4096,2864,2025-06-12,Credit Card,108335.9
355,1167,2022-07-16,Credit Card,
3044,3886,2023-08-23,Debit Card,136123.48
5620,1255,2023-04-15,Credit Card,28935.56
15915,2865,2022-09-13,UPI,57100.83
14993,4616,2024-01-11,UPI,104788.9
8942,25,2024-05-31,Debit Card,191804.09
5554,1441,2024-08-22,Credit Card,93594.83
13161,3557,2025-11-02,UPI,25942.63
18373,1548,2024-04-16,Debit Card,458717.3
1254,3297,2025-02-04,Cash on Delivery,131162.67
3227,541,2025-02-28,UPI,210066.88
13138,824,2023-02-27,Debit Card,193263.66
1850,3169,2024-07-07,UPI,247958.41
18011,3164,2022-07-29,Debit Card,476482.53
9703,3147,2024-03-17,UPI,139860.56
4712,3958,2024-05-03,Credit Card,207410.27
19353,2854,2024-07-11,Net Banking,66561.41
10905,1858,2024-09-01,Debit Card,76022.92
16736,1811,2023-12-16,Credit Card,41993.54
11680,628,2025-05-22,Debit Card,110392.5
4635,1288,2023-04-08,Net Banking,438252.56
19473,58,2022-01-08,Net Banking,206601.68
9954,1317,2023-11-02,Cash on Delivery,145961.91
9906,1044,2023-06-01,Net Banking,217094.0
13525,1081,2024-02-06,Debit Card,255875.04
9049,2775,2022-10-07,Credit Card,32711.5
10180,578,2024-01-13,Cash on Delivery,5883.17
7448,13,2024-12-08,Net Banking,26045.08
16665,3164,2021-09-25,Debit Card,35235.2
15919,4005,2024-11-14,UPI,99610.94
15160,4132,2023-04-15,Net Banking,226956.35
14977,2009,2021-05-11,UPI,199710.48
4288,2028,2021-05-10,Net Banking,164862.15
12519,278,2025-09-28,Debit Card ,205529.8
8416,499,2025-07-07,Net Banking,227454.24
7344,543,2025-06-19,UPI,175091.79
19114,4269,2024-05-12,Net Banking,167708.55
478,4816,2024-08-01,Debit Card,364016.45
16643,1938,2022-02-23,Cash on Delivery,592243.23
18911,4118,2025-07-21,Debit Card,
15613,4713,2024-05-05,Cash on Delivery,344305.07
6235,4936,2022-11-24,Net Banking,127534.37
578,3921,2025-02-02,Cash on Delivery,87587.32
1447,2888,2024-12-12,debit card,151560.43
13888,4368,2025-12-16,Credit Card,312561.1
15910,1632,2024-04-08,Net Banking,203069.88
10134,794,2020-01-10,Net Banking,135860.82
12103,2756,2023-05-09,Net Banking,102883.2
9758,814,2023-01-29,Debit Card,33027.03
31,4495,2021-08-12,Cash on Delivery,247248.21
11672,3545,2025-08-15,Credit Card,14813.4
8318,2529,2022-09-22,Credit Card,92328.52
16674,3538,2019-11-21,Cash on Delivery,235870.21
12289,2622,2023-10-16,Credit Card,23713.32
6858,1342,2023-07-23,Credit Card,52456.89
4346,3939,2024-03-20,Debit Card,147384.03
5603,1805,2024-07-04,Cash on Delivery,261575.76
15985,1931,2023-02-28,Credit Card,208455.58
4818,1747,2023-01-24,UPI,183949.17
14410,574,2022-12-12,UPI,
14463,3849,2023-02-02,Cash on Delivery,117733.0
18238,896,2024-04-25,Net Banking,344684.17
12884,4221,2024-05-21,Credit Card,151503.81
10138,1528,2025-07-24,Credit Card,82211.21
17706,3297,2025-04-09, UPI ,74839.0
14982,1322,2025-10-07,Credit Card,227769.53
3730,2279,2025-05-28,Cash on Delivery,263989.95
18869,2114,2024-02-06,Cash on Delivery,39872.57
15239,831,2025-10-31,Net Banking,160133.62
8772,1592,2023-11-13,Credit Card,260868.26
8827,4101,2025-09-16,Cash on Delivery,212521.59
1152,1289,2023-07-20,Debit Card,219379.99
12140,2221,2023-06-16,cash on delivery,338440.74
2960,1344,2020-12-08,Credit Card,63982.36
837,1344,2020-10-12,Cash on Delivery,246321.34
18350,4311,2025-03-05,Cash on Delivery,104052.24
7322,623,2023-05-15,Credit Card,306047.04
16408,3986,2024-01-28,Cash on Delivery,208049.13
14305,912,2021-05-15,Debit Card,184090.05
11197,3972,2023-06-23,Debit Card,359697.69
11801,815,2024-01-12,,256120.9
1048,977,2024-01-25,Debit Card ,253391.37
14738,4188,2024-05-10,,501626.59
12695,1347,2023-11-12,UPI,35241.4
7039,261,2025-08-13,Debit Card,260048.62
7455,2140,2025-08-22,Credit Card,30327.76
17298,712,2022-12-08,UPI,234235.25
14877,2027,2025-09-24,Credit Card,189037.74
15938,2320,2023-05-11,Debit Card,479339.91
13206,1323,2021-09-23,,266328.22
12022,1075,2025-04-03,UPI,104512.24
5726,3106,2024-02-09,Debit Card,129487.78
15413,1877,2025-07-01, Cash on Delivery ,202986.5
13869,4909,2023-09-06,UPI,49725.12
4936,3118,2022-06-25,Credit Card,354110.4
3396,4019,2025-02-12,Credit Card,151574.92
15055,939,2023-11-25,Debit Card,102480.95
3648,3498,2023-05-19,Upi ,358571.6
7059,3926,2024-06-30,net banking,73025.12
15665,3330,2023-02-26,Net Banking,72164.37
14816,3613,2024-01-30,UPI,123271.05
5785,4215,2024-09-23,Net Banking,343835.9
787,3275,2025-06-29,Cash on Delivery,53962.11
14228,2391,2024-10-26,Debit Card,45401.96
3685,390,2025-02-08,NET BANKING,353901.51
4713,4114,2023-02-19,Net Banking,413771.86
2025,400,2023-11-16,Debit Card,211479.2
19225,922,2024-08-16,Credit Card,93697.45
18565,2263,2023-06-20,Credit Card,151076.0
14210,2982,2025-11-07,UPI,
8994,454,2025-01-22,Credit Card,49061.2
306,1436,2023-07-24,debit card,144661.75
15667,4762,2025-07-20,Credit Card,202234.95
229,1710,2025-04-11,Net Banking,285714.67
5684,2163,2024-11-01,UPI,341587.96
10990,4406,2025-04-18,Debit Card,248692.97
6244,2968,2023-04-27,Debit Card,267091.67
19875,1964,2025-08-22,UPI,128544.98
15557,3474,2024-03-23,Cash on Delivery,18824.59
1592,4057,2023-04-18,Net Banking,43312.9
9367,2329,2021-07-10,Net Banking,136411.42
3407,2327,2025-06-22,Debit Card,75679.04
13309,3249,2024-04-08,Credit Card,187709.77
18190,3999,2021-02-24,credit card,93634.0
11127,1710,2023-04-19,Credit Card,160580.3
18380,242,2023-01-31,Credit Card,35435.19
1559,3170,2024-10-26,Net Banking,27437.68
505,3429,2023-03-15,UPI,189897.08
16377,3153,2024-07-10,,7350.84
15541,2526,2025-01-18,UPI,294682.67
13225,748,2022-11-17, Net Banking ,69854.65
15631,3652,2019-09-27,Cash on Delivery,
7437,4420,2022-02-13,Debit Card,184994.89
14770,2323,2024-07-08,Net Banking,135236.49
10514,483,2020-04-13,Net Banking,252212.28
13653,287,2024-10-04,UPI,4560.8
14347,2454,2024-08-29,Debit Card,278724.58
11873,4386,2025-11-19,UPI,118566.47
8139,58,2020-02-21,UPI,180562.66
2236,1404,2021-11-22,Debit Card,76366.26
10802,4767,2023-06-30,Cash on Delivery,57476.88
1686,444,2021-05-02,Debit Card,202314.36
10615,1415,2022-04-09,UPI,393444.65
8440,881,2025-12-26,Net Banking,115496.1
18146,4349,2020-07-21,Cash on Delivery,169447.7
1482,3299,2024-07-18,Cash on Delivery,76374.5
2277,1254,2022-09-24,UPI,150068.43
6425,3140,2025-11-20,Cash on Delivery,179613.11
6409,3257,2023-07-26,credit card,248024.89
9753,3186,2024-12-30,Cash on Delivery,170098.39
1149,2478,2021-05-10,UPI,166529.54
9118,1132,2024-03-02,Cash on Delivery,307733.84
15837,4903,2023-06-26,Debit Card,10412.78
231,833,2022-08-02,Debit Card ,261324.96
19119,711,2024-02-05,Cash on Delivery,212023.19
2156,47,2022-09-02,Credit Card,192990.56
10676,1734,2025-06-28,Debit Card,164513.53
7033,2087,2025-04-29,Credit Card,369543.71
552,1911,2025-03-04,Cash on Delivery,179911.79
16623,3067,2023-04-27,,258013.52
17950,2284,2024-07-08,,363906.02
322,119,2020-07-10,Debit Card,7816.22
2395,2901,2023-12-05,Cash on Delivery,306426.64
824,4763,2024-05-21,,405940.66
9620,481,2025-09-18,UPI,222374.49
16756,2122,2019-09-17,Net Banking,176637.77
18122,3652,2020-08-25,UPI,317101.42
10325,4707,2025-04-11,UPI,215629.37
18488,1428,2024-11-10,Net Banking,357000.96
12422,1767,2025-08-03,UPI,291146.55
15199,4508,2020-05-26,UPI,248743.48
8500,2498,2023-07-05,UPI,173942.07
14197,4131,2022-10-07,Net Banking,304231.44
8616,2108,2024-12-02,UPI,280708.98
690,4089,2023-07-07,Net Banking,209333.47
17133,3006,2024-04-10, Credit Card ,217912.23
3734,2394,2025-06-26,DEBIT CARD,111547.84
6684,3061,2025-06-04,Cash on Delivery,280476.92
18394,3360,2025-02-15,Credit Card,
7654,2397,2025-10-23,Cash on Delivery,30294.78
18438,2050,2022-04-20,Cash on Delivery,105180.81
7858,3494,2021-07-07,Debit Card,32251.55
10844,1582,2025-06-29,Debit Card,
1397,4410,2024-06-13,Net Banking,132052.49
7367,1032,2023-06-03,Net Banking,5812.17
8955,1961,2024-07-03,Net Banking,336916.87
7291,1203,2025-01-19,Cash on Delivery,94886.14
2030,1071,2023-10-19,CASH ON DELIVERY,223013.52
3605,3532,2023-03-18,Credit Card,11058.28
6780,2753,2024-07-11,Debit Card,
4159,3216,2024-07-24,Cash on Delivery,248638.15
16065,1233,2025-04-15,Net Banking,630002.08
3089,912,2020-11-18,Cash on Delivery,155794.41
5287,3185,2019-08-25,Credit Card,270418.18
19920,4823,2025-05-22,Cash on Delivery,394664.95
8626,4829,2025-07-21, Credit Card ,83207.82
2492,1896,2025-05-25,UPI,112997.99
14926,141,2022-12-31,Credit Card,165188.76
1072,2958,2024-02-11,UPI,56437.46
14327,3656,2022-03-17,Net Banking,338441.05
8275,2606,2022-05-13,NET BANKING,82181.92
5790,1674,2024-11-10,UPI,285092.4
18375,146,2021-02-03,Credit Card,273196.61
17648,3460,2022-09-03,UPI,335549.31
12301,3223,2025-01-25,UPI,365148.05
6771,666,2025-10-01,Net Banking,260312.25
7545,2750,2024-04-28,Net Banking,49563.66
3275,3719,2025-04-08,UPI,
4068,1417,2024-08-16,Debit Card,393956.81
19288,3415,2022-03-25,DEBIT CARD,397746.0
5641,1775,2025-09-02,UPI,151026.14
19218,3691,2025-11-03,Debit Card,306243.75
16486,2858,2021-08-26,UPI,83692.73
5540,1375,2025-10-07,Cash on Delivery,99445.77
2827,2738,2022-07-04,,345856.38
4073,1612,2025-05-16,Net Banking,95914.14
5942,1540,2024-04-25,Credit Card,239916.44
11495,4963,2025-09-10,Cash on Delivery,196131.9
4481,2400,2024-12-17,Net Banking,248702.38
2398,2583,2022-04-08,Credit Card,157739.09
8908,708,2025-03-19,Cash on Delivery,162988.2
1888,333,2025-12-12,NET BANKING,559302.43
18903,3702,2021-04-02,Credit Card,283046.83
1879,4484,2025-04-27,UPI,28612.73
4870,330,2022-09-01,UPI,127578.45
19152,82,2025-05-21,debit card,145431.0
3977,3159,2021-08-04,Net Banking,182579.67
7521,1896,2025-02-04,Credit Card,234721.25
2988,4131,2023-02-15,Cash on Delivery,233956.96
6840,4560,2022-03-10,Credit Card,83507.62
5261,570,2025-11-08,Credit Card,166007.53
15761,1142,2023-10-07,UPI,190747.22
15233,3590,2025-02-02,Net Banking,106929.92
1245,1449,2021-04-15,credit card,
9679,1145,2021-07-31,Debit Card,348542.68
18287,1300,2023-10-20,Cash on Delivery,194696.22
18831,1549,2019-07-18,Net Banking,
6916,1782,2024-08-14,Net Banking,158712.01
10805,4723,2022-09-15,Net Banking,107962.2
15506,869,2022-09-13,Net Banking,135629.86
10058,3503,2020-12-13,Credit Card,405460.28
13479,1271,2025-02-13,UPI,29506.88
12526,4924,2023-04-17,Net Banking,179546.37
14527,4524,2025-04-16,Cash on Delivery,13285.48
15819,2757,2023-08-03,Net Banking,39051.54
18587,987,2024-11-17,Cash On Delivery ,114900.72
3322,664,2025-10-05,Cash on Delivery,131307.68
4695,1970,2022-11-13,Debit Card,281006.42
10136,2378,2024-01-06,Net Banking,266363.77
5159,88,2025-06-18,Net Banking,143179.15
2660,4826,2022-06-10,Net Banking,278516.41
13763,4298,2024-05-04,Net Banking,13747.8
4893,3941,2025-11-15,Cash on Delivery,31100.55
14312,1667,2025-10-03,Credit Card,35330.6
7317,3483,2025-05-04,UPI,276464.8
15534,631,2025-04-18,Net Banking,350063.51
14139,3299,2022-04-12,Debit Card,127020.33
12067,1212,2025-07-30,UPI,22963.0
5302,4616,2024-03-02,Cash on Delivery,195891.2
19028,2368,2023-06-06,UPI,253081.35
2929,3965,2021-07-11,UPI,22237.66
1979,4970,2025-01-20,Credit Card,120505.78
15118,1755,2024-08-18,UPI,71131.75
17633,2999,2023-02-22,Net Banking,115334.32
15329,1497,2025-04-17,Debit Card,100863.28
9162,3487,2024-12-22,Debit Card,387100.05
3888,99,2023-11-17,Net Banking,268886.34
15291,233,2024-08-23,Credit Card,36832.87
4507,4891,2022-02-08,Net Banking,523227.62
10652,3471,2022-04-24,UPI,16823.07
10377,48,2022-09-29,Cash on Delivery,25819.04
3380,4606,2023-03-06,Credit Card,122106.54
15620,501,2023-06-29,Cash on Delivery,194065.81
9723,1567,2025-06-28,Upi ,136634.54
16551,2797,2025-04-01,Credit Card,131618.95
15330,3642,2023-09-17,Debit Card,192014.03
12568,3530,2023-11-06,Net Banking,175894.95
5868,4957,2022-06-20,Net Banking,76794.81
2301,1048,2025-10-08,Credit Card,68298.7
5792,241,2025-04-12,,72349.2
13108,3865,2025-04-18,,47336.31
1935,1974,2022-07-21,Credit Card,90364.39
19402,927,2024-10-09,Credit Card,132205.45
7155,1830,2024-07-20,Cash on Delivery,203959.64
4741,1474,2022-07-07,Debit Card,39235.83
1037,3321,2025-06-13,Net Banking,108300.05
19144,4717,2022-01-26,Net Banking,120971.72
19924,223,2024-11-21,UPI,299626.19
18263,99,2025-09-30,Debit Card,23948.16
13635,555,2025-03-15,Cash on Delivery,
3238,258,2023-11-29,Credit Card,216148.36
15967,3155,2023-08-21,UPI,152891.61
14523,3784,2019-03-26,UPI,20202.46
15550,3825,2023-05-24,Net Banking,229851.95
11144,672,2025-06-28,Debit Card,399875.91
3644,3100,2022-04-19,Credit Card,99215.93
10862,2640,2025-02-25,,122688.47
19406,1063,2023-10-22,debit card,185053.39
12864,1777,2025-05-03,Cash on Delivery,150818.15
16803,2244,2023-10-30,UPI,79529.62
19742,3414,2025-04-24,Credit Card,16054.69
8855,4647,2021-09-12,Net Banking,191963.69
8088,4644,2024-07-23,Debit Card,50496.0
19720,4940,2023-12-03,UPI,37579.66
11421,4379,2024-05-01,Debit Card,346014.71
3578,1362,2022-01-31,Credit Card,75670.58
16869,208,2025-08-07,Cash on Delivery,272600.01
15162,896,2023-04-10,Cash on Delivery,80143.94
5639,3442,2023-09-14,UPI,406604.2
9463,941,2025-06-22,Credit Card,206919.5
7663,1955,2022-12-27,UPI,287132.22
2368,113,2023-11-28,,351708.02
1298,2173,2023-05-15,UPI,88203.67
5689,678,2021-06-24,Credit Card,295259.7
10332,4485,2024-01-10,UPI,29353.65
9794,2637,2022-05-17,Net Banking,377433.92
1464,440,2025-11-27,Credit Card,121945.48
663,4245,2025-08-20,UPI,
3742,39,2022-10-21,Credit Card,98116.47
806,1055,2023-01-31,Credit Card,282730.72
13882,3129,2023-03-19,Net Banking,279304.6
4719,741,2024-10-23,Debit Card,84271.26
5203,1896,2024-01-22,UPI,202061.76
17473,362,2020-03-05,Cash on Delivery,245701.0
19663,963,2023-05-03,Cash on Delivery,187406.21
11150,1875,2025-01-17,UPI,95383.37
5414,4360,2024-11-16,UPI,287100.57
12398,4904,2023-05-25,Credit Card,132871.21
4537,762,2024-03-07,Net Banking ,175931.13
4083,4884,2024-10-08,Cash on Delivery,315772.97
533,305,2025-04-30,Cash on Delivery,284163.06
12861,605,2024-07-19,Credit Card,64711.9
10628,2103,2024-12-08,UPI,243364.36
11537,2116,2020-07-23,Debit Card,233644.16
19781,3119,2022-11-13,,340011.36
18025,4736,2024-06-20,Credit Card,609008.72
14252,385,2025-04-29,Debit Card,118309.13
18658,4721,2025-02-18,DEBIT CARD,238864.02
12916,740,2024-07-15,Cash on Delivery,48956.44
128,2372,2022-11-17,UPI,51185.49
4101,524,2024-02-23,Credit Card,118451.16
16865,878,2025-07-11,Debit Card,
17764,2524,2023-06-24,,288504.08
10249,858,2025-10-02,NET BANKING,251229.03
1976,1958,2023-01-04,UPI,137062.02
4564,2551,2024-12-08,Net Banking,434650.32
14530,4480,2023-08-25,Credit Card,168962.42
11214,738,2024-04-06,Net Banking,401675.87
19706,3705,2023-01-23,Debit Card,317387.14
14965,3403,2023-07-12,Net Banking,77204.55
9928,4113,2024-03-03,Net Banking,470201.82
5845,2986,2023-12-22,Net Banking,
13333,4850,2024-01-30,net banking,100015.26
11800,3029,2025-12-22,Net Banking,282588.65
18848,3653,2024-04-20,Net Banking,197283.48
5809,3871,2022-05-14,Cash on Delivery,65870.65
14082,4316,2023-11-07,Cash on Delivery,
11111,2205,2024-03-05,Net Banking,27944.18
5727,2846,2024-11-13,Cash on Delivery,21287.22
745,1439,2025-03-23,Net Banking,61144.9
2961,916,2022-12-21,Cash on Delivery,360820.7
3755,2000,2025-10-01,Cash on Delivery,157608.64
1372,3028,2024-02-21,Credit Card,235988.73
11679,2326,2024-09-19,Cash on Delivery,126457.14
19371,1534,2024-11-02,UPI,203297.63
15836,1362,2019-04-14,Cash on Delivery,236944.12
12116,1682,2025-08-03,Credit Card,238427.44
9971,4258,2021-10-16,Net Banking,64545.58
6544,4281,2025-12-08,UPI,259878.55
12507,3023,2023-07-27,Cash on Delivery,125831.57
16937,2809,2022-03-15,UPI,417643.73
7084,475,2025-07-01,Net Banking,
8797,2402,2025-04-07, Cash on Delivery ,72438.32
6581,2099,2024-02-13,Credit Card,221884.74
12989,3590,2025-01-16,Debit Card,194237.05
15562,4220,2025-06-29,Debit Card,330799.36
12963,2110,2025-09-19,Debit Card,83835.22
19512,909,2025-06-17,UPI,3873.37
10079,4082,2025-10-21,debit card,115508.56
2512,3157,2025-11-14,Net Banking,192394.39
11380,2893,2024-02-29,UPI,26768.72
9413,1383,2024-05-07,Net Banking,71763.9
2092,2457,2022-07-05,Cash on Delivery,148986.03
7948,3384,2022-03-03,Upi ,175832.58
11170,3890,2022-11-14,Credit Card ,107824.59
18330,1276,2025-08-26,UPI,172775.07
18864,3977,2024-06-13,Credit Card,366760.97
13816,753,2024-01-03,Net Banking,256244.72
16503,133,2024-02-28,Cash on Delivery,252173.9
4324,4965,2023-08-08,,173657.1
13218,4762,2022-04-26,Debit Card,379509.37
5762,1000,2024-05-12,Net Banking,125154.18
3873,2624,2025-05-26,Debit Card,166987.52
10192,129,2024-08-13,Cash on Delivery,34756.75
3978,2646,2022-04-14,Credit Card,170983.45
167,1358,2024-07-04,Credit Card,156841.2
1001,158,2021-12-02,DEBIT CARD,
12131,1226,2021-01-20,NET BANKING,189109.23
10075,2622,2025-07-07,Debit Card,33562.35
11823,686,2025-08-02,Credit Card,134863.4
2685,4311,2025-03-15,debit card,149916.96
19897,2522,2025-12-11,Debit Card,400670.62
13123,4874,2025-02-25,Debit Card,87066.7
12801,3643,2023-08-04,debit card,221066.65
4629,4873,2023-05-21,Cash on Delivery,45497.24
7525,3825,2024-02-09,UPI,52494.04
17215,2759,2024-10-26,Net Banking,188859.55
14800,3565,2024-11-11,Debit Card,238108.66
7006,1704,2022-09-29,Cash on Delivery,332988.86
1651,1537,2024-12-21,Cash on Delivery,504488.39
1546,4962,2024-06-12, Debit Card ,309889.89
13654,4692,2023-11-19,Net Banking,160161.56
4237,1936,2023-03-12,Cash on Delivery,116137.18
15002,3143,2025-02-07,Credit Card,145168.14
12304,1719,2025-02-04,Debit Card,252219.89
19305,3558,2025-09-28,Cash on Delivery,152966.5
4263,4407,2024-05-21,Credit Card,16506.55
6310,2626,2024-06-05,Cash on Delivery,114607.53
15696,1265,2021-07-04,Net Banking,121658.41
7573,3629,2021-02-27,UPI,289981.65
10171,3631,2024-05-12,Cash on Delivery,70586.58
3928,3684,2024-09-04,Net Banking,72049.93
13353,4812,2022-01-12,UPI,274172.28
14483,2834,2025-11-30,,106343.15
16560,685,2024-05-06,Credit Card,132637.2
19636,1420,2021-04-30,,104130.04
2039,2873,2021-03-07,UPI,65769.69
18715,2852,2024-07-31, Debit Card ,389003.06
14654,4109,2025-01-31,UPI,147836.26
18689,3783,2025-04-23,Debit Card,94592.13
7907,2823,2024-08-27,UPI,154324.5
16864,2320,2024-05-16,Cash on Delivery,137830.25
11423,2419,2024-01-02,Net Banking,35915.87
9126,4524,2022-01-18,Credit Card,205667.35
7689,645,2020-06-18,,185775.22
194,2483,2024-11-24,Net Banking,330621.94
9872,4353,2025-07-23,Debit Card,126222.66
7287,4606,2024-09-03,Cash on Delivery,132056.83
4565,2198,2023-09-02,Net Banking,97447.9
10470,4980,2025-01-31,Net Banking,461711.43
4647,732,2024-11-21,UPI,60571.82
18478,2711,2024-05-30,Credit Card,124173.12
10846,1462,2024-08-08,Debit Card,479117.58
10461,723,2024-05-14,Cash on Delivery,82066.68
8128,1078,2023-09-08,Debit Card,388812.57
16711,101,2024-10-16,Credit Card,372861.71
7469,505,2025-06-09,Debit Card,178812.15
4064,643,2022-07-11,Net Banking,51623.67
19638,1161,2024-05-23,Upi ,80555.94
10657,4173,2023-04-23,Cash on Delivery,242631.52
19943,3401,2024-11-13,Cash on Delivery,134165.04
3720,2367,2022-10-20,Cash on Delivery,244563.52
17356,4118,2022-06-07,NET BANKING,113821.56
12798,3744,2024-06-08,Debit Card ,179679.38
9743,1172,2024-12-20,Net Banking,75849.66
6912,4343,2025-05-19,Credit Card,218392.15
3951,797,2024-12-16,Cash on Delivery,253485.24
13052,4590,2024-05-27,Net Banking,143207.5
7047,4840,2020-07-27,DEBIT CARD,89912.0
8364,3695,2020-09-22,Net Banking,265063.13
8835,1846,2024-02-05,UPI,306220.31
14246,3048,2025-02-09,UPI,128831.68
14937,3451,2021-08-15,UPI,22852.34
1216,4061,2023-09-07,Cash on Delivery,239015.35
6877,1218,2023-11-30,Credit Card,170812.05
7388,4933,2025-08-31,Net Banking,151502.3
3495,4437,2024-05-18,Credit Card,51639.72
7893,1961,2025-08-30,UPI,82307.28
3991,3023,2022-12-23,Debit Card,129803.94
2128,1453,2021-03-08,Credit Card,89297.75
5986,3556,2024-09-18,Credit Card,3248.42
3505,1143,2024-02-05,Net Banking,136174.31
913,254,2022-03-01,Net Banking,99256.86
12105,4154,2024-03-12,Credit Card,224883.16
8934,3429,2022-12-29,Credit Card,117537.46
4654,2003,2023-09-08,Cash on Delivery,15895.45
12809,2389,2023-06-12,Cash on Delivery,38164.01
16939,3079,2023-05-16,UPI,121876.44
11974,2005,2025-04-22,Cash on Delivery,285864.98
19616,3063,2021-03-23,Net Banking ,128710.02
6085,1830,2023-04-04,Net Banking,
13165,2899,2025-07-03,UPI,368481.8
9106,171,2025-10-20,Debit Card,239419.26
11639,175,2024-09-04,Debit Card,
12108,1884,2025-10-20,Cash on Delivery,104983.76
9044,663,2024-12-01, Debit Card ,98049.05
13235,1188,2025-09-03,UPI,218273.97
12674,4078,2023-12-30,Net Banking,157415.11
13639,2672,2025-12-20,UPI,118263.08
13907,291,2022-07-25,credit card,204674.11
13139,940,2025-10-11,Net Banking,63151.64
2070,2591,2024-01-09,Cash on Delivery,300870.05
5375,1341,2024-07-19,Credit Card,92008.74
9086,2159,2025-10-15,Net Banking,232503.66
4369,3508,2025-07-05,UPI,180471.29
14637,2505,2024-03-19,Net Banking,134479.42
7509,1575,2024-08-08,Net Banking,78975.21
16149,341,2025-03-22,Net Banking,186381.51
5027,80,2021-06-14,Cash on Delivery,
104,3203,2025-04-23,Debit Card,195897.7
11073,230,2024-10-19,UPI,26728.64
10064,3454,2025-04-13,UPI,52114.57
4014,3726,2024-05-01,Debit Card,210449.69
2448,2984,2025-02-11,Credit Card,12849.6
221,4582,2025-07-28,UPI,106063.65
4938,1726,2021-06-23,Cash on Delivery,214712.41
4297,380,2025-03-08, Credit Card ,156518.04
4714,2187,2025-04-18,Credit Card,223448.8
4721,1455,2025-08-31,Net Banking,366489.47
151,2116,2025-12-23,Net Banking,425865.99
2804,462,2024-07-16,Credit Card,158084.23
14879,1300,2025-09-20,Cash on Delivery,136018.99
19328,3018,2025-11-10,Credit Card,125574.51
6873,2356,2023-02-28,Debit Card,194660.36
7057,361,2024-04-30,Cash on Delivery,260101.24
2245,879,2022-03-31,Cash on Delivery,26372.17
13230,3521,2023-11-28,UPI,18968.16
13864,4043,2025-06-26,Credit Card,359451.68
12569,3065,2025-04-08,Credit Card,247490.9
15559,4601,2023-02-13,Cash on Delivery,275416.83
17183,4444,2023-08-09,Debit Card,271378.1
7595,1490,2023-06-25,Debit Card,201942.68
9765,291,2024-01-12,UPI,256562.5
12037,4906,2023-12-22,,412593.67
16401,2597,2025-10-16,UPI,
13160,4665,2023-11-02,UPI,231769.74
13659,3506,2022-08-16,UPI,150993.43
12090,4713,2025-10-26,UPI,210327.19
2679,1162,2024-02-16, UPI ,103131.6
3090,2238,2024-11-05, Net Banking ,17465.25
3612,1141,2020-08-24,NAN,169170.89
18588,797,2024-06-25,UPI,515410.21
17988,3636,2024-05-27,Cash on Delivery,172934.07
4392,3334,2022-12-10,Credit Card,103261.92
6785,1861,2020-03-11,Cash on Delivery,122886.72
10594,4207,2024-09-08,Cash on Delivery,157090.65
14054,2620,2023-10-04,UPI,27885.61
6501,3823,2023-07-06,Credit Card,189698.41
2058,3933,2025-10-14,UPI,391319.04
436,862,2025-06-11,Debit Card,225199.08
6579,2869,2024-12-18,Debit Card,64846.05
19718,3576,2025-07-11,UPI,163544.72
7652,1042,2019-08-25,Debit Card,88228.04
13399,2334,2023-10-06,Credit Card,17295.96
1704,2466,2025-04-30,UPI,162414.15
2089,2231,2021-11-30, Net Banking ,133214.51
4380,2541,2025-12-28,Debit Card,94379.89
7902,867,2024-04-15,Cash on Delivery,138329.98
18092,4277,2021-08-25,Credit Card,43664.88
18950,3090,2021-12-26,debit card,47759.0
6316,3989,2023-04-18,Credit Card,163937.74
5984,4843,2023-05-03,Debit Card,541044.52
1711,4305,2023-01-22,Debit Card,140162.08
8643,4641,2023-12-15,Credit Card,92372.97
6036,3315,2023-03-25,Cash on Delivery,38711.65
19825,979,2022-07-28,UPI,37934.07
2039,2873,2021-03-07,UPI,65769.69
5661,4101,2024-08-03,UPI,73726.93
13453,4526,2021-10-21,UPI,
18276,204,2023-08-08,UPI,340470.09
10265,4170,2024-07-02,Debit Card,476179.14
3570,4736,2021-08-16,,51405.11
4231,2069,2023-07-18,Credit Card,66744.94
6089,2048,2025-10-04,Debit Card,56364.87
5150,4153,2024-02-17,Debit Card,
14108,3745,2023-03-01,Net Banking,33782.45
5055,4644,2023-11-25,Credit Card,72842.6
18424,4775,2025-09-21,UPI,140618.49
8431,2096,2025-08-15,Net Banking,102397.84
19626,369,2023-08-20,Net Banking,87029.57
13227,294,2023-11-05,UPI,28361.43
16104,1630,2024-09-03,UPI,77459.66
11517,3042,2022-08-02,Cash on Delivery,234965.78
15607,3436,2025-11-25, Cash on Delivery ,355412.4
10803,4886,2021-08-07,Debit Card,36868.38
16541,585,2022-05-21,UPI,72496.64
19182,2973,2020-04-19,Cash on Delivery,30228.64
16079,4341,2025-09-29,UPI,206808.77
7213,182,2025-06-03,UPI,259472.4
6030,155,2020-06-19,Net Banking,317966.49
8821,3233,2022-12-19,Cash on Delivery,
19862,4664,2024-06-03,Debit Card,300402.7
15246,168,2023-06-04,Cash on Delivery,
5043,3934,2023-09-07,Cash on Delivery,204380.02
17444,4227,2025-02-19,Net Banking,208673.12
14110,4003,2023-07-02,Cash on Delivery,106543.82
17599,1087,2022-11-19,,345816.77
16642,4452,2021-12-30,Debit Card,173584.07
15740,3622,2024-07-25,Cash on Delivery,55546.36
15683,3510,2025-01-31,Net Banking,123753.26
460,444,2023-03-25,Net Banking,429924.64
17777,2001,2025-10-17,Debit Card,104046.84
14198,3694,2022-10-11,Net Banking,320723.1
12312,4027,2024-10-30,UPI,66248.4
18042,3543,2025-02-15,Cash on Delivery,177660.59
3749,421,2024-03-24,UPI,158609.56
8065,867,2020-08-23,Credit Card,40834.56
19049,2659,2024-03-25,Cash on Delivery,279938.48
18828,4968,2024-12-01,Net Banking,150722.78
11002,1322,2025-08-12,Credit Card,173338.88
9801,3653,2025-05-20,UPI,106431.18
19006,4976,2025-09-25,Credit Card,125266.35
3586,2823,2025-10-16,Debit Card,317748.43
15689,2472,2024-06-08,Credit Card,477604.32
4001,4415,2021-09-21,UPI,130568.58
14277,2540,2023-02-08,Debit Card,41702.25
3418,3345,2024-03-18,Cash on Delivery,63239.3
18219,2526,2020-01-08,Credit Card,153839.04
13890,3710,2022-07-06,Debit Card,13575.54
9665,2117,2021-07-11,,184791.89
4501,835,2024-06-20,Debit Card,208118.56
13031,969,2025-11-20,Cash on Delivery,163733.04
8090,2986,2024-06-03,Cash on Delivery,28665.9
3876,242,2024-11-13,Net Banking,213426.28
14675,4764,2020-01-02,Credit Card,119729.01
12670,4066,2025-05-12,Net Banking,258820.82
6543,4328,2022-10-21,DEBIT CARD,142509.55
4819,819,2020-07-10,Cash on Delivery,266617.0
15081,389,2021-12-02,Upi ,207991.99
9370,4973,2021-06-29,Net Banking,113813.44
18009,1345,2024-11-23,Net Banking,433162.61
19768,679,2021-05-20,,121615.6
6788,1981,2023-06-12,Net Banking ,22816.03
18003,2398,2023-03-12,UPI,155433.64
2748,2572,2024-11-01,Net Banking,287545.94
7189,1308,2022-04-29, Cash on Delivery ,88861.56
16107,2277,2025-06-22,Net Banking,20028.27
827,3014,2023-09-11,Debit Card,254398.67
7755,4094,2025-02-23,Net Banking,87978.0
4975,1536,2024-12-06,Cash on Delivery,170910.21
17342,1497,2024-12-18,Debit Card,162370.55
19301,4492,2025-05-23,Cash on Delivery,258383.37
14032,1939,2023-10-15,Net Banking,310934.67
4888,4929,2022-12-18,Debit Card,158902.48
487,1544,2021-05-28,Credit Card,110260.14
14255,4838,2024-08-30,Net Banking,137312.7
6053,27,2025-11-03,Net Banking,14314.24
18434,3984,2020-08-27,Credit Card,202621.58
8477,3275,2024-03-11,,212147.61
11840,3409,2025-01-20,Net Banking,428067.75
18750,1582,2025-03-01,UPI,152761.7
5365,2590,2022-12-30,Debit Card,445538.0
12309,2105,2024-12-04,Cash on Delivery,162717.94
14872,2288,2024-05-13,Credit Card,167959.23
10670,3109,2025-09-08,UPI,318278.93
9547,3470,2024-12-18,UPI,124818.19
10256,2830,2025-01-15,Debit Card,58672.94
13750,2020,2023-03-22,Net Banking,197752.06
6898,1946,2023-11-28,UPI,375951.61
13039,4213,2023-12-14,UPI,120369.24
12440,3550,2024-11-25,Cash on Delivery,38487.44
7353,1610,2023-07-03,Cash on Delivery,170124.56
16396,2783,2024-12-19,UPI,33314.1
13378,1580,2024-07-19,UPI,169342.65
11343,3341,2025-02-22,Debit Card,66155.4
12751,3166,2023-11-23,Cash on Delivery,75213.63
13590,4957,2023-09-22,Credit Card,201516.81
15490,1406,2024-08-05,Cash on Delivery,303344.23
2381,3310,2025-11-30,Net Banking,35185.4
12369,1491,2025-06-28,UPI,34344.44
12243,4916,2019-08-22,Debit Card,204676.33
4949,279,2024-01-27,Cash on Delivery,308665.71
14861,4868,2022-08-07,Credit Card,295393.47
252,4694,2020-01-04,Net Banking,115062.18
5779,3402,2022-11-13,Debit Card,54512.24
5788,3772,2023-03-05,Debit Card,125294.08
10818,581,2025-09-21,UPI,212486.8
15421,2219,2023-02-26,Cash on Delivery,160917.84
18742,4420,2024-01-12,UPI,185529.74
1350,132,2023-01-12,Net Banking,87222.52
19809,3776,2023-04-10,,116863.67
10955,4255,2024-10-31,UPI,185282.4
3519,1478,2024-04-11,Cash on Delivery,99873.95
2038,3848,2023-04-06,Credit Card,5336.37
9092,422,2024-03-31, Debit Card ,136742.55
448,2562,2024-01-05,Debit Card,27950.33
19669,1534,2023-11-16,Net Banking,396477.37
13737,3865,2023-07-19,Credit Card,227142.13
6762,1684,2022-12-04,Cash on Delivery,299500.94
17262,960,2022-01-13,Net Banking,408816.2
16898,3268,2021-09-28,Cash on Delivery,370584.42
3045,4113,2023-12-26,Credit Card,
3590,1007,2025-10-05,Net Banking,168358.58
10421,4774,2022-10-15,Credit Card,359024.55
18089,4826,2020-05-25,Net Banking,182152.78
9737,2491,2023-01-21,Debit Card,184929.6
5470,2167,2024-06-28,,338027.17
17874,2875,2024-07-01,Credit Card,187774.7
2901,2951,2024-07-24,Net Banking,280705.25
9516,1661,2023-09-28,Cash on Delivery,233219.72
9654,1918,2020-06-24,Debit Card,234532.27
8893,1843,2024-09-24,Debit Card,91132.8
18211,2251,2022-08-18,Net Banking,41963.31
18437,1388,2023-02-01,Credit Card,22805.41
16995,844,2025-10-01,Net Banking,41036.16
19905,313,2025-11-22,UPI,337966.4
13080,4078,2024-04-04,UPI,144594.3
15627,1859,2020-01-31,Credit Card,168155.04
17343,1736,2023-06-20,Debit Card,175341.69
6267,754,2025-07-30,cash on delivery,137821.76
11836,2433,2022-02-18,Cash on Delivery,
18316,1775,2024-11-07,Debit Card,200369.18
7611,3618,2025-09-20,Credit Card,408279.47
10335,33,2022-11-15,Net Banking,69720.3
16034,632,2019-12-12, Debit Card ,88314.36
3154,3915,2023-12-14,Cash on Delivery,184064.57
19730,1668,2020-07-05,Net Banking,161017.66
19952,3372,2025-12-11,Net Banking,379111.37
18648,72,2024-06-26,Debit Card,99650.42
16210,3570,2025-11-19,Debit Card,198416.79
1203,536,2025-09-16,Cash on Delivery,73030.82
15192,4089,2022-12-18,Cash on Delivery,372339.06
11425,874,2021-10-21,UPI,137614.7
8367,389,2022-04-09,UPI,259297.4
16419,747,2023-11-09,Debit Card,228837.66
17316,368,2024-04-17,Credit Card,284123.87
9335,4195,2023-05-09,Credit Card,266279.12
2536,2288,2024-10-11,Credit Card,101311.67
10799,2310,2019-09-13,Debit Card,295811.36
15978,2976,2025-02-08,Debit Card,345139.74
5438,1872,2023-06-17,,138102.01
10785,203,2025-06-07,Debit Card,37585.55
10474,924,2023-06-23,Debit Card,34198.94
13549,1797,2024-11-23,Debit Card,110261.54
3424,4610,2024-12-26,Net Banking,113841.94
3551,4698,2021-12-07,UPI,186330.12
19210,4137,2025-11-23,Cash on Delivery,175786.8
15221,3704,2025-02-28,UPI,47098.04
1493,1619,2024-06-06, Debit Card ,137713.56
13695,2124,2022-01-26,Credit Card,197305.57
17148,1349,2022-06-10,Debit Card,446463.62
18959,2268,2024-08-15,Credit Card,196400.78
9437,4680,2025-05-01,Net Banking,85017.08
8070,2677,2023-04-10,UPI,92013.0
841,2420,2025-05-12,Debit Card,169169.99
234,2053,2025-07-12,Credit Card,237310.89
5673,2089,2025-12-20,Cash on Delivery,244703.97
10532,2103,2025-06-03,Debit Card,72728.65
3450,1801,2024-01-07,Credit Card,202615.23
9289,2615,2024-04-14,Debit Card,210387.6
15764,4925,2024-07-26,Credit Card,233744.11
16507,1375,2024-11-29,UPI,116500.77
185,606,2023-03-24,UPI,171858.48
174,4251,2025-08-14,Debit Card,193511.94
17913,4751,2025-04-06,Net Banking,188923.43
5662,3464,2025-04-01,UPI,276072.87
18145,3767,2022-07-17,UPI,123700.04
16024,385,2023-11-13,credit card,13911.54
18866,1229,2025-04-11,Debit Card,77542.57
17803,4724,2024-07-17,Cash on Delivery,58853.18
1525,1710,2025-05-09, Debit Card ,124705.79
12543,4795,2022-03-02,Debit Card,90524.45
17374,3039,2024-10-22,Credit Card,108490.47
16611,78,2024-09-22,Net Banking,109624.42
1906,891,2025-04-01,Net Banking,
11399,2022,2023-11-11,Credit Card,95429.43
14589,3974,2024-01-15,Net Banking,83769.72
13979,1620,2024-10-01,Cash on Delivery,169043.53
10527,3562,2025-01-08,UPI,218918.62
13345,1499,2025-08-05,Net Banking,303434.1
11215,108,2024-10-14,Net Banking,449100.47
7959,3190,2022-06-02,Debit Card,73471.96
12255,4741,2025-09-18,Net Banking,82988.53
3379,3384,2021-01-31,UPI,164342.69
7356,2956,2021-11-30,Credit Card,29539.68
14127,212,2025-01-11,Cash on Delivery,188118.81
9399,2785,2022-12-04,Cash on Delivery,337890.77
18239,2768,2025-10-11,Net Banking,19318.6
7649,1770,2024-10-31,Debit Card,277983.82
15704,2058,2024-03-29,Credit Card,163896.1
13680,3569,2025-10-11,Debit Card,258884.27
11165,667,2023-10-08,Cash on Delivery,146455.89
95,3298,2024-11-19,UPI,123518.18
1487,4414,2023-11-08,UPI,187945.32
6561,1058,2022-12-08,Cash on Delivery,
2094,1581,2024-03-08,DEBIT CARD,207427.32
2225,51,2025-07-06,Net Banking,
10484,4432,2024-10-27,,258134.36
10648,3268,2022-12-30,Debit Card ,425560.48
16946,1391,2025-03-30,Net Banking,60731.21
4611,1965,2025-08-06,UPI,233305.25
14087,458,2020-07-04,UPI,
16505,3000,2023-08-11,Net Banking,21192.28
5202,1974,2025-04-13,Net Banking,392907.76
6749,2366,2024-02-04,,354695.05
6420,617,2025-07-29,Upi ,20739.95
8452,456,2022-11-10,Credit Card,135440.35
13385,680,2025-06-24,Cash on Delivery,305685.72
17007,935,2024-03-29,Net Banking,34696.5
10369,1534,2023-10-28,Debit Card,108485.34
6216,3731,2025-02-07,Cash On Delivery ,330608.5
1198,2875,2025-03-01,,410019.46
18548,1095,2023-03-23,Net Banking,159788.37
9077,2955,2024-10-19,UPI,196285.17
14192,3661,2022-01-07,Credit Card,139272.87
15598,356,2024-07-19,Net Banking,196340.88
7592,492,2023-11-30,Cash on Delivery,40373.56
9677,866,2025-04-07,Cash on Delivery,136479.85
15405,3487,2023-01-04,Credit Card,279768.62
14114,3765,2025-04-13,Cash on Delivery,378566.05
7459,1171,2025-01-31,Net Banking,346609.59
13927,894,2021-05-05,Net Banking,111859.06
2042,3489,2025-09-03, UPI ,35066.64
1221,4708,2023-04-07,Debit Card,193500.82
11382,4876,2025-02-03,Net Banking,69544.88
10651,4644,2023-12-27,Debit Card,164176.7
17526,975,2023-12-14,Cash on Delivery,145487.34
18112,3032,2025-02-03,Debit Card,204843.58
8818,3979,2023-12-25,Credit Card,302976.32
7413,3883,2025-03-10,UPI,106793.78
15726,495,2022-09-02,Debit Card,155097.1
2113,2800,2023-03-02,Cash on Delivery,319172.39
10172,365,2021-03-28,Debit Card,244456.83
17746,4109,2025-03-17,Debit Card,25537.07
13842,1309,2025-08-04,Credit Card,155804.14
5537,4063,2025-08-23,Cash on Delivery,341383.35
15375,4366,2023-03-24,Credit Card,413146.05
2514,1775,2025-12-20,Cash on Delivery,232573.88
2435,2124,2025-12-24,Debit Card,207504.75
18106,3345,2023-08-14,Net Banking ,66836.29
3965,1218,2022-08-14,Credit Card,198108.95
6846,4298,2020-06-20,Cash on Delivery,237118.0
7946,2760,2024-09-18,Credit Card ,227405.62
11756,1768,2024-06-24,Cash on Delivery,45224.64
13624,4714,2020-01-06,Debit Card,304304.8
7319,3254,2025-05-11,Net Banking,406223.75
581,4970,2025-10-18,Credit Card,304982.69
4008,146,2021-06-13,Cash on Delivery,346803.65
7817,4195,2022-07-29,Credit Card,129947.44
1921,2670,2024-11-22,Debit Card,128163.64
3707,4283,2025-03-27,Debit Card,365497.19
5382,3452,2024-12-20,Net Banking,152274.2
11377,173,2025-10-11,,435209.04
13803,2621,2022-02-01,Cash on Delivery,220797.85
4303,3676,2025-10-03,Credit Card,342613.02
3283,4784,2021-12-12,Debit Card,383063.32
14465,4629,2025-03-28,Cash on Delivery,403635.05
3382,770,2025-05-08,CREDIT CARD,7066.15
13249,3252,2022-03-11,Debit Card,161906.85
15168,2818,2024-01-09,UPI,11430.84
12047,3182,2025-02-21,Debit Card,147362.93
16840,832,2025-11-11,,285232.8
13911,2530,2020-09-05,Net Banking,145366.83
5665,3185,2020-03-30,UPI,12166.87
16557,857,2025-03-04,Debit Card,70781.34
11274,14,2025-07-30,UPI,165220.36
15014,3263,2020-08-19,Cash on Delivery,139432.95
16824,3464,2021-12-25,Cash on Delivery,198113.2
13099,3627,2025-02-03,Cash on Delivery,198216.12
2869,197,2020-05-11,Cash on Delivery,29610.7
2168,3745,2025-08-11,Debit Card,184028.81
11677,1628,2025-01-04,Cash on Delivery,34303.16
339,3579,2021-05-08,Cash on Delivery,22425.73
1535,226,2020-06-10,Upi ,156125.79
1470,2364,2024-09-30,UPI,304337.44
2705,2839,2023-10-12,Net Banking ,26648.97
419,719,2025-03-21,UPI,80367.29
19232,3021,2024-01-08,Net Banking,341790.54
6714,2821,2024-04-23,Credit Card,499160.75
7505,3439,2023-08-03,Net Banking,63065.26
11201,2158,2025-09-13,Credit Card,159132.93
2604,593,2022-05-29,Credit Card,198222.74
10882,3457,2023-04-02,Debit Card,296930.84
14832,547,2025-09-06,NET BANKING,12472.21
4620,665,2024-11-22,Debit Card,331204.09
153,4951,2025-01-01,Credit Card,318783.3
16084,2677,2021-11-03,Net Banking,227024.3
737,2429,2024-08-13,Net Banking,307506.46
18391,2819,2025-06-14,UPI,64126.99
4412,2667,2022-07-15,Cash on Delivery,128433.38
11027,4891,2019-08-22,Net Banking,200266.5
2165,4444,2023-11-15,Cash on Delivery,275365.91
8936,915,2023-01-09,Credit Card,170463.8
6884,1912,2024-07-10,Credit Card,197977.9
19233,4554,2022-06-12,Net Banking,178355.02
15526,3441,2024-05-30,CREDIT CARD,188404.75
488,2013,2023-12-24,Cash on Delivery,311580.64
17358,323,2024-06-26,Cash on Delivery,251722.44
16664,583,2023-06-09,Credit Card,293678.3
9638,3711,2021-06-02,Cash on Delivery,70159.54
10001,4504,2024-12-09,Credit Card,71132.26
8321,1046,2023-02-15,Debit Card,197182.95
9757,2451,2023-05-27,Cash on Delivery,67755.57
803,4000,2024-11-07,UPI,297276.79
19966,3942,2020-12-23,UPI,85186.52
19961,3942,2020-11-29,Credit Card,413467.51
19891,2108,2022-11-22,Debit Card,193087.59
19410,4969,2023-03-23,Cash on Delivery,58918.09
10467,1927,2023-09-24,Cash on Delivery,161538.62
9841,4499,2024-02-23,Cash on Delivery,159731.58
1443,998,2023-05-24,Cash on Delivery,214929.11
4142,2095,2024-03-12,Net Banking,113631.07
17772,56,2022-12-06,Credit Card,
17716,2591,2021-07-26,Credit Card,289022.66
5935,2451,2022-10-12,Cash on Delivery,184601.46
19444,3231,2023-07-29,Debit Card,552220.74
18271,1024,2023-10-20,Net Banking,360972.66
2348,4408,2025-09-18,Credit Card,62298.78
7430,482,2023-12-07,Net Banking,217472.27
19572,3641,2023-04-25,upi,
15980,2799,2024-07-10,Debit Card,182882.51
16604,797,2025-10-25,Net Banking,379888.4
7226,4026,2024-05-05,Credit Card,109552.5
8600,1846,2021-09-03,UPI,133273.52
17046,3937,2023-09-30,Debit Card,53412.02
2627,258,2020-12-10,Debit Card,183988.74
8770,1389,2024-09-30,UPI,381930.91
9436,1133,2024-04-02,Credit Card,166741.75
14338,4576,2022-08-22,Debit Card,122951.62
18,99,2024-07-07,Credit Card,206670.07
17631,954,2025-07-01,UPI,166150.76
1226,2718,2023-02-25,Cash on Delivery,377297.34
14552,2839,2021-10-30,Credit Card,16308.32
7102,4138,2025-09-28,UPI,35247.21
16136,248,2025-10-27,Cash on Delivery,6323.72
8601,3073,2022-04-18,Cash On Delivery ,71818.4
9770,4397,2025-05-19,Cash on Delivery,336744.18
1110,3122,2025-03-27,Debit Card,53394.96
5444,4860,2024-02-23,Debit Card,115034.76
18115,1484,2023-10-10,Debit Card,231104.41
7884,3163,2023-09-03,cash on delivery,39012.65
3317,428,2023-11-06,Cash on Delivery,168870.02
6438,2095,2023-11-30,Net Banking,192556.99
7539,4381,2020-10-10,Credit Card,271104.88
2164,2436,2025-09-03,UPI,178057.98
12539,786,2025-10-30,Net Banking,312408.67
16433,3355,2024-05-27, UPI ,97918.38
18306,751,2023-11-14,Credit Card,116917.66
10967,864,2023-12-25,Cash on Delivery,212148.65
3299,2816,2020-03-05,Credit Card,382173.58
13674,370,2025-12-09,Cash on Delivery,323868.17
5305,558,2024-10-10,,59877.15
7314,4058,2023-09-08,UPI,40095.92
10536,2083,2020-05-17,UPI,159578.2
4546,3205,2023-10-29,Cash on Delivery,132275.71
13437,3695,2020-01-07,Credit Card,185628.59
2071,4055,2025-09-16,Net Banking,310455.15
4123,2007,2020-01-01,Credit Card,193018.75
16072,4453,2021-09-29,Net Banking,89405.48
792,3533,2025-08-17,Credit Card,23073.94
3036,4548,2024-01-16,Debit Card,380807.9
4867,2227,2025-01-13,Debit Card,273454.67
2278,2072,2023-08-09,Net Banking,190981.69
1946,2172,2025-02-22,Net Banking,13200.5
9084,2900,2025-04-23,Net Banking,73834.09
1354,2357,2024-07-22,,47243.72
19583,3217,2024-08-26,Cash on Delivery,126279.79
5249,4602,2024-09-02,Cash on Delivery,78334.36
14873,2341,2025-02-17,Cash on Delivery,171077.74
16627,2115,2025-12-04,,298316.62
8556,3094,2024-10-29,Debit Card,235672.78
15012,4761,2025-08-24,Credit Card,297261.57
7216,4065,2025-04-19,Cash on Delivery,303055.53
4815,3656,2021-12-08,cash on delivery,334523.48
18333,3036,2024-12-15,UPI,150993.32
9258,4066,2023-07-07,Cash on Delivery,56224.29
15138,3594,2025-06-18,Credit Card,221421.78
4691,4317,2024-03-07,UPI,80905.89
18357,2980,2025-08-10,Net Banking,157205.48
11883,4304,2023-07-13,Credit Card,72674.64
7098,399,2025-01-03,Net Banking,208828.9
9359,3728,2024-05-19,Credit Card,129478.14
11080,3255,2025-09-23,,228947.32
17832,4762,2024-07-29,Debit Card,14477.9
19617,2910,2024-09-26,UPI,265957.27
1049,3288,2024-01-23,Debit Card,61319.04
15150,2011,2023-01-30,Credit Card,167986.22
12411,2242,2020-07-30,Debit Card,344176.26
15670,969,2023-11-05,Debit Card,185143.2
2111,3410,2022-01-26,UPI,69877.46
2942,2561,2023-08-01,Cash on Delivery,212645.3
131,572,2025-12-09,UPI,98696.49
4498,1994,2022-12-16,UPI,123624.52
5616,151,2024-02-01,Cash on Delivery,241129.67
987,760,2024-06-15,Credit Card,172583.95
15522,413,2022-11-16,Credit Card,78480.44
15732,2941,2022-06-26,Credit Card,285834.98
11011,2994,2025-01-13,Net Banking,161067.51
3493,895,2022-05-24,UPI,570131.22
11771,2519,2025-04-09,DEBIT CARD,30725.99
13550,4455,2023-08-23,UPI,155807.56
5929,1421,2023-07-30,,402073.21
16763,3734,2025-08-18,Credit Card,240192.74
11100,4768,2025-04-22,Credit Card,178901.43
11081,3532,2025-08-29,Cash on Delivery,335048.16
1700,181,2024-08-13, Credit Card ,298939.2
2142,811,2025-06-05,Debit Card,440786.57
8319,2325,2024-06-06,Cash on Delivery,112925.53
5583,2766,2024-06-06,Cash on Delivery,5289.18
6808,2293,2024-11-05,UPI,222432.6
12660,4588,2023-02-20,Credit Card,179387.11
7275,114,2022-07-19,Debit Card,132156.85
18008,1950,2024-08-05,Net Banking ,281418.35
6249,1337,2025-01-20,Cash on Delivery,36133.72
10518,1054,2023-08-01,Credit Card,85207.0
8843,2712,2021-01-07,Credit Card,225307.94
9038,3092,2024-02-07,Net Banking,55959.87
5082,128,2024-05-16,Cash on Delivery,148698.72
1706,459,2025-04-03,Debit Card,150959.04
17695,967,2024-10-08,,336378.76
8465,3737,2020-03-22, Credit Card ,37849.84
5771,1155,2021-02-13,Cash on Delivery,75304.02
16524,1988,2023-07-20,Debit Card,132186.76
2349,1110,2024-04-12,UPI,172618.41
6580,4430,2024-10-04,Credit Card,185188.64
11302,191,2021-08-28,Debit Card,101767.44
5590,801,2025-11-15,Cash on Delivery,399722.27
2179,2054,2019-04-13,Credit Card,10464.96
1463,3901,2024-02-11,Cash on Delivery,184979.06
4276,454,2025-07-16,Debit Card,268971.34
3297,357,2025-06-17,Credit Card,433780.68
2544,243,2024-07-21,,175945.18
8295,2831,2024-01-21,Cash on Delivery,350635.57
13929,2356,2020-09-21,Credit Card,333090.41
14708,3820,2024-06-25,Cash on Delivery,215240.04
16881,1427,2023-12-09,Debit Card,247741.07
14457,2883,2022-10-20,Credit Card,19356.57
14703,2990,2025-01-08,Debit Card,187988.0
13863,4639,2025-06-23,Credit Card,164429.96
9053,1553,2025-04-15,UPI,101145.79
7235,2611,2025-11-17,Cash on Delivery,393677.41
9303,1722,2021-01-11,UPI,34300.19
9252,390,2025-02-10,UPI,47460.45
8950,3943,2023-01-27, UPI ,330901.31
1944,1862,2021-03-05,Credit Card,54199.21
2933,3981,2022-09-03,Cash on Delivery,143283.14
12897,4024,2022-03-15,Net Banking,235339.76
9420,2391,2021-09-21,Debit Card,317535.04
4942,2610,2024-06-13,UPI,280708.86
14686,4328,2024-05-02,Debit Card,218010.69
9605,1605,2025-03-20, UPI ,160725.79
15878,2666,2023-12-04,Net Banking,56020.84
19296,2902,2024-11-30,Cash on Delivery,198770.31
900,2232,2025-09-21,Debit Card,95881.95
15882,3954,2019-12-26,Debit Card,152163.29
15663,3156,2025-07-12,Credit Card,268884.62
8197,3880,2025-08-14,Net Banking,179500.93
10600,823,2024-12-13,UPI,30234.23
223,3789,2021-04-01,UPI,329715.5
5478,2396,2023-02-26,Debit Card,19528.88
18761,1370,2020-10-31,Cash on Delivery,125429.52
15567,737,2025-10-15,Debit Card,197700.79
8126,2160,2024-09-28,Cash on Delivery,285135.13
16810,4269,2024-08-23,,271749.85
11696,4251,2024-08-16, UPI ,389533.14
1324,4676,2024-08-10,,230216.19
16829,4804,2025-09-01,UPI,65621.72
18902,4996,2023-08-08,UPI,2796.94
19841,4256,2024-02-22,,164642.22
8900,3967,2020-05-31,Cash on Delivery,52362.6
7202,146,2024-10-26,Credit Card,88040.76
16807,857,2024-10-11,Net Banking,237507.2
6794,2368,2024-03-27,Debit Card,245631.67
7695,4430,2025-05-19, UPI ,294282.94
14249,4572,2022-07-02,Debit Card,17906.88
2758,201,2024-01-19,Debit Card,96185.53
12733,3158,2024-07-03,Debit Card,197907.44
8037,3927,2021-12-16,Net Banking,214416.35
12908,4107,2019-08-13,UPI,243090.09
6110,4557,2025-05-23,UPI,
4951,2992,2025-12-15,UPI,236942.96
1199,1679,2025-08-15,Credit Card,262141.76
8526,1267,2020-06-28,Cash on Delivery,6400.25
18379,4668,2022-08-23,Credit Card,349109.54
3012,2238,2024-10-03,UPI,150154.88
5776,469,2022-09-10,Cash on Delivery,95089.65
17214,1920,2024-06-18,UPI,519420.39
378,2604,2025-10-05,UPI,109937.97
7279,2933,2024-04-01,Credit Card,126200.05
4278,1596,2024-10-11,Net Banking,190437.28
799,1325,2024-05-26,Net Banking,91382.82
15514,2509,2025-04-21,Cash on Delivery,37192.45
1584,3173,2024-04-01,Net Banking,50753.96
14005,4460,2024-07-29,Credit Card ,253253.35
12729,4840,2022-05-02,Cash on Delivery,446290.65
10790,4092,2020-06-18,Debit Card,
3203,312,2024-01-01,UPI,107942.76
5137,638,2022-08-12,Credit Card,482863.35
17278,626,2022-12-26,Credit Card,221488.48
1964,786,2024-08-18,UPI,113209.02
11277,1157,2020-08-18,UPI,265313.86
15340,4733,2023-09-05,Cash on Delivery,210033.94
18924,3003,2025-10-21, Debit Card ,382158.68
18875,1010,2022-12-19,credit card,68454.12
7460,2658,2025-10-04,Net Banking,80768.1
11059,574,2021-08-30, Net Banking ,239135.91
5749,2034,2024-04-28,Credit Card,337345.5
10666,659,2022-09-02,Credit Card,192892.21
3076,2261,2023-03-08,Debit Card,203727.21
19661,4838,2024-04-04,Debit Card,229431.7
12088,4913,2025-03-30,Net Banking,9343.09
10683,4601,2021-06-09,CREDIT CARD,404172.1
8455,1813,2025-11-13,UPI,45910.41
11005,1377,2024-03-20,Credit Card,206799.83
8989,4108,2022-08-23,Credit Card,101536.0
2306,4769,2025-01-08,Cash on Delivery,34970.98
2923,1777,2025-09-20, nan ,114421.35
15686,2417,2021-09-25,Credit Card,135738.04
15963,837,2022-09-07,UPI,279067.12
6643,2510,2025-06-15,Credit Card,271883.24
18751,2104,2023-11-03,Cash on Delivery,
3189,1268,2023-06-26,UPI,182231.05
18405,2449,2024-09-26,Cash on Delivery,92952.5
10782,387,2023-12-28,Net Banking,351010.02
19450,1616,2025-10-18,Cash on Delivery,351181.43
17550,4111,2024-02-25,Cash on Delivery,158748.71
71,226,2020-05-28,Net Banking,435436.75
13897,4684,2023-04-03,Net Banking,138661.47
18612,687,2024-08-28,UPI,109615.07
9327,864,2022-09-06,Net Banking,201944.82
13430,3843,2025-05-03,UPI,270973.59
3144,1390,2024-04-11,NET BANKING,172174.34
276,1147,2025-06-26,Net Banking,16758.4
14817,3137,2020-11-04,Net Banking,268112.65
313,700,2024-07-28,UPI,109488.57
12414,1614,2025-06-30,UPI,182877.55
16326,183,2024-11-24,Net Banking,143697.52
16226,266,2022-06-19,UPI,261382.96
18746,1954,2024-04-16,Nan ,197026.25
6386,3694,2023-09-02,Debit Card,176854.35
15756,576,2022-08-03,UPI,144797.19
9048,2612,2023-07-11,Cash on Delivery,119436.71
6571,2129,2023-07-09,Net Banking,109195.55
17769,835,2021-11-20,Net Banking,418280.5
10765,3180,2024-11-01,Net Banking,192817.0
3552,4265,2024-07-07,UPI,27323.9
4816,3367,2022-09-30,,259267.61
9726,4940,2025-06-26,Cash on Delivery,189581.36
549,1420,2024-11-01,UPI,104949.78
7694,3987,2024-08-25, Credit Card ,158919.7
14692,1788,2025-10-03,Cash on Delivery,290557.15
15542,4414,2025-04-23,Net Banking,277323.88
1384,2966,2022-08-18,Debit Card,202601.13
19036,2628,2025-01-17,Debit Card,136768.54
16936,3625,2024-06-04,UPI,30362.2
7813,2794,2025-12-24,Cash on Delivery,38008.59
7589,901,2020-08-14,DEBIT CARD,377808.12
8899,753,2023-12-27,Debit Card,223071.95
4028,147,2022-01-27,Net Banking,12301.54
16269,4659,2024-08-23,UPI,77883.43
292,3924,2023-01-21,Debit Card,18935.94
1296,2290,2024-02-14,Credit Card,88244.61
910,1605,2025-09-13,Cash on Delivery,89757.71
653,2765,2025-06-02,Cash on Delivery,33006.75
6656,2632,2025-04-15,Debit Card,93853.81
1322,864,2022-09-12,Net Banking,99336.79
4704,34,2025-11-28,Credit Card,352942.56
5974,2372,2022-08-18,UPI,85355.2
7791,512,2025-01-15,UPI,33250.08
5628,2728,2025-04-04,Debit Card,31013.25
7778,3340,2024-08-28,Net Banking ,81248.37
1118,2935,2022-09-26, Cash on Delivery ,321572.43
17385,4886,2023-01-12,Credit Card,
12271,2041,2024-02-06,Credit Card,204431.23
1278,743,2024-12-21,Debit Card,435906.52
8507,3655,2022-01-15,UPI,68909.19
15400,667,2023-03-02,Credit Card,
17571,1093,2025-02-07,Net Banking,155380.65
6448,3686,2024-12-18,UPI,260654.7
11430,2932,2024-06-04,Debit Card,206456.18
13115,1943,2023-04-22,Credit Card,276485.36
18504,2468,2025-11-17,Cash on Delivery,429866.35
9045,4340,2023-08-20,Net Banking,110483.07
8781,3506,2024-05-22,Debit Card,107610.37
15461,4592,2025-09-29,Credit Card,269429.88
10232,1158,2025-04-23,Cash on Delivery,512055.05
7293,1912,2024-05-05,Debit Card,4687.85
16888,492,2025-01-23,UPI,186327.75
728,627,2021-11-17,Net Banking,67366.26
7782,2020,2024-08-11,Net Banking,
4287,1560,2025-08-30,Cash on Delivery,122475.03
9153,4866,2022-11-17,Debit Card,3000.12
17189,3369,2021-05-25,Cash on Delivery,445975.7
11701,2780,2021-10-24,Cash on Delivery,57114.04
560,1301,2024-05-09,Net Banking,334249.69
4539,344,2024-11-30, Credit Card ,156536.62
775,1031,2025-10-24,Credit Card,104165.16
16264,3569,2023-07-20,Debit Card,167667.69
10294,1297,2024-12-27,UPI,361901.08
19726,239,2021-07-04,Credit Card,165128.52
9940,790,2022-03-27,Net Banking,257436.35
2699,2811,2025-11-30,Debit Card,101789.55
15341,1309,2022-12-15,Debit Card,86219.82
5274,3366,2024-06-22,Credit Card,218030.16
14506,1987,2024-08-29,Cash on Delivery,132403.8
1874,2669,2021-12-08,,120908.82
833,1838,2024-11-30,credit card,26462.82
16300,2615,2022-12-02,Credit Card,70844.38
12068,1388,2024-11-13,Debit Card,32613.09
15608,299,2022-09-03,Cash on Delivery,56718.59
5980,832,2025-08-12,cash on delivery,355181.86
789,2813,2023-07-25,Net Banking,89137.75
7524,4112,2023-12-13,Credit Card,82405.38
13050,1573,2023-04-08,Credit Card,14343.13
18692,1477,2025-11-07,Cash on Delivery,262731.0
10476,4572,2020-03-15,Credit Card,132076.3
7513,4140,2020-11-08,Cash on Delivery,159476.3
7093,2839,2021-06-23,Cash on Delivery,202943.5
15950,3614,2025-04-08,UPI,382381.84
19676,297,2023-10-01,Credit Card,192763.64
6692,2404,2025-03-26,Debit Card,330412.16
1368,2527,2025-09-17,Net Banking,220203.28
17277,551,2025-12-24,Cash on Delivery,180264.4
2694,1981,2019-10-05,UPI,7429.35
7719,3121,2023-07-31,Cash on Delivery,26880.28
1862,2140,2025-07-25,Debit Card,207526.29
2207,1799,2024-05-07,UPI,97224.39
626,98,2022-01-04,Net Banking,147672.6
3165,209,2021-10-26,Net Banking,137129.36
12923,4479,2025-11-01,Net Banking,75238.64
3426,1555,2022-11-09,Debit Card ,96288.88
17617,3994,2023-04-28,UPI,181406.35
11187,4625,2025-01-26,UPI,437836.48
250,4195,2022-11-17,Credit Card,106289.93
18381,2412,2025-07-31,Net Banking,263547.59
5035,2501,2025-08-16,Credit Card,147203.89
9639,4596,2025-08-19,Credit Card,69801.16
10259,2984,2023-06-28,Cash on Delivery,75241.2
13019,3490,2024-03-24,Net Banking,338010.07
1713,1940,2024-07-05,UPI,186126.79
11792,80,2025-05-26,UPI,425073.58
15277,406,2021-04-23,UPI,74454.92
15021,3301,2021-10-25,NET BANKING,29157.52
17896,78,2022-09-22,Net Banking,119936.18
10604,593,2024-11-12,Debit Card,30182.81
15873,3186,2020-11-11,UPI,90832.16
11312,2492,2024-09-22,Credit Card,26529.99
16342,4031,2022-06-17,,348306.9
3321,2989,2025-02-03,Nan ,22076.75
2499,3624,2025-06-15,Cash on Delivery,120334.5
6655,669,2020-07-29,Debit Card,421922.92
16083,1910,2025-10-05,Credit Card,106800.56
7186,4401,2025-04-12,Credit Card,65934.32
6392,4264,2025-10-14,Debit Card,69619.1
13497,4631,2023-12-11,Credit Card,418692.62
1202,2195,2025-02-24,,92193.64
9792,2321,2025-01-07,Credit Card,145353.56
6309,768,2023-03-14,Debit Card,141256.28
19350,2085,2025-11-27,Credit Card,139216.75
11218,1177,2025-09-15,Cash on Delivery,159032.32
14909,1673,2023-02-28,Net Banking,22934.44
6674,3448,2024-08-06,Net Banking,170830.61
1947,2739,2023-02-08,UPI,446104.62
1895,2965,2024-06-13,DEBIT CARD,180788.3
15064,2276,2025-06-11,Credit Card,99730.8
18815,294,2021-02-19,Cash on Delivery,296352.88
17921,1377,2023-03-05,cash on delivery,196770.21
16741,3529,2024-05-30,Debit Card,264479.75
813,437,2023-10-24,Net Banking,88290.0
14387,3604,2021-10-02,UPI,81366.56
8484,3096,2022-02-11,UPI,507761.37
6044,3093,2021-12-03,Net Banking,28070.25
9972,1380,2024-11-25,Credit Card,48819.8
8407,567,2022-04-15,Cash on Delivery,
1831,4996,2023-06-17,,154376.36
18937,3517,2020-02-03,Cash on Delivery,13454.16
12860,4920,2024-01-21,Credit Card,200735.7
7987,3033,2022-05-26,Credit Card,104049.39
17728,3202,2024-04-22,debit card,168609.64
5683,2489,2025-02-26,Cash on Delivery,205151.06
867,3875,2020-11-12,Credit Card,80691.88
17411,2493,2023-05-31,UPI,22593.92
8432,2686,2022-02-24,Cash on Delivery,67833.69
13194,4048,2023-06-30, Net Banking ,216514.92
12943,575,2025-07-07,Cash on Delivery,286601.62
4897,3757,2025-05-14,CASH ON DELIVERY,267183.26
11300,2985,2020-10-25,UPI,86634.55
13264,4785,2025-03-09,Cash on Delivery,23100.38
2462,1115,2022-12-27,Upi ,124137.44
18154,656,2022-10-15,Credit Card,101928.98
912,450,2024-09-22,Cash on Delivery,143795.87
8499,325,2023-01-22,Debit Card,205711.6
15459,2583,2023-11-15, Debit Card ,566762.36
9103,3234,2024-10-25,Debit Card,106817.31
18094,1587,2020-07-03,Cash on Delivery,220965.63
18232,2646,2025-11-08,Credit Card,
685,2031,2025-05-28,UPI,141055.1
7899,432,2022-11-03,UPI,291253.32
10843,2974,2025-01-22,Debit Card,273405.41
11904,2427,2025-09-25,UPI,447773.75
12846,2834,2024-09-20,Net Banking,220689.31
6903,1621,2025-10-03,Credit Card,280521.86
11141,3290,2021-12-05,Credit Card,375861.54
6043,3829,2024-04-28, Debit Card ,31705.8
6143,1919,2023-12-28,cash on delivery,313733.62
12531,3917,2022-05-05,UPI,53436.7
15402,593,2023-07-22,Credit Card,354667.9
8653,959,2020-08-24,Cash on Delivery,140701.69
2421,3289,2025-07-14,Credit Card,11941.42
14168,1657,2025-05-12,UPI,41675.49
4904,4973,2025-04-23,credit card,153695.4
6997,1056,2022-06-27,UPI,270224.66
14518,2970,2024-03-04,Debit Card,257073.29
8531,2295,2023-06-08,net banking,113749.18
19040,143,2024-09-17,Debit Card,156326.73
18647,1714,2024-09-01,Debit Card,209366.42
18433,1442,2025-04-27,Net Banking,174377.83
364,12,2024-07-10,Debit Card,198129.22
7148,2847,2024-10-06,Net Banking,90694.3
8002,402,2024-02-18,Debit Card,147551.32
10155,740,2023-12-08,,276189.24
17850,1253,2025-04-13,Credit Card,383682.68
16476,3291,2023-08-23,UPI,345721.04
3946,274,2025-05-21,UPI,410509.32
19941,4100,2025-11-20,Debit Card,96169.32
10345,1118,2025-07-20,Cash on Delivery,65185.5
195,3336,2024-06-25,Debit Card,492563.07
17054,685,2023-08-26,Cash on Delivery,201800.15
7714,2662,2022-07-01,Credit Card,175949.48
1411,1779,2022-12-02,Debit Card,230822.76
13873,886,2025-04-27,Credit Card,
11347,2911,2021-03-27,Credit Card,212641.47
2362,1033,2025-02-03,debit card,79222.88
8483,585,2025-04-13,UPI,259287.89
2131,552,2024-10-08,Net Banking,329770.12
15993,1608,2024-01-13,Net Banking,135397.54
82,1191,2024-01-07,Credit Card,1370.48
8514,686,2025-07-03,credit card,326930.01
15305,4755,2024-03-30,Net Banking,199142.17
6639,1366,2025-12-22,Debit Card,
2033,3696,2025-12-19,Credit Card,164524.28
9781,4472,2023-03-08,Debit Card,206486.93
3905,4828,2025-05-04,Credit Card,108778.32
3444,6,2021-02-18,UPI,53980.48
4118,4950,2024-09-06,Debit Card,97782.42
2020,985,2022-09-06,Debit Card,17278.96
15724,2165,2024-08-15,Debit Card,243030.1
10231,2054,2020-04-24,Cash on Delivery,132171.14
4568,3511,2023-10-14,,72534.18
9136,4526,2023-08-26,Cash on Delivery,207017.54
9595,4839,2021-08-07,Net Banking,40092.62
17284,2343,2023-05-08,Debit Card,98677.53
4414,3598,2024-10-05,UPI,6198.97
19086,254,2024-11-20,Net Banking,70575.61
5299,3824,2022-11-21,,243319.85
4943,215,2025-06-18,Debit Card,71094.15
12976,586,2022-10-15,Net Banking,283087.41
15780,1728,2023-03-20,Debit Card,276732.76
8446,3598,2024-05-29,UPI,362614.78
18724,2680,2025-08-05,Net Banking,33352.04
10611,1117,2021-05-23,Credit Card,171442.99
12013,1074,2019-01-27,Cash on Delivery,358866.52
17807,2068,2024-11-09,Cash on Delivery,184261.06
121,3721,2025-07-25,UPI,
14229,817,2023-07-06,Cash on Delivery,239047.33
17175,1258,2025-12-14,Net Banking,203029.37
1046,17,2025-11-11,Net Banking,75871.14
7607,403,2020-02-15,Credit Card,93422.64
16907,921,2025-07-23,Net Banking,262826.37
11374,4293,2025-06-16,Credit Card,212272.53
5761,4818,2025-08-17,CASH ON DELIVERY,402859.33
13320,3414,2024-10-19,Net Banking,202994.54
10081,1737,2022-09-27,Net Banking,362764.55
13306,3621,2024-11-17,UPI,10746.14
17116,4975,2025-01-13,Cash on Delivery,72200.29
11052,4992,2025-12-07,Net Banking,177351.69
7970,4775,2023-11-23,Cash on Delivery,256648.42
18634,3425,2022-03-27,Net Banking,89922.5
13597,752,2023-10-24,Cash on Delivery,439118.63
2327,4178,2023-11-01,,46764.08
7256,494,2021-12-02,Net Banking,
18529,1088,2024-09-23,UPI,380686.31
17840,3331,2025-07-08,Upi ,326361.47
12831,505,2025-11-11,Net Banking,34493.8
9297,837,2021-04-30,Net Banking,259646.69
9873,929,2025-07-26,Credit Card,190003.12
11465,1727,2025-12-21,,531349.44
9368,1907,2023-06-09,Net Banking,45128.5
11,2887,2020-10-03, Net Banking ,
2835,3346,2023-11-13,Cash on Delivery,72436.12
10483,4806,2024-05-06,Cash on Delivery,133619.74
5725,4433,2022-03-25,NET BANKING,87872.5
7361,566,2024-01-26,Net Banking,62202.1
19788,4212,2024-07-03,UPI,
19878,1578,2025-11-26,Cash on Delivery,29812.88
9299,2729,2025-01-13,Credit Card,236843.04
365,2282,2024-08-07,UPI,75670.62
17186,2695,2024-04-01,UPI,281785.43
17019,4167,2025-08-31,UPI,159503.92
14739,887,2025-02-15,Debit Card,94747.19
18697,3553,2025-10-10,Credit Card,62900.76
8851,3061,2024-07-11,Cash on Delivery,59533.06
17212,3628,2023-07-21,Credit Card,242882.19
17596,3382,2025-10-14,Cash on Delivery,227979.35
8634,924,2023-03-20,Net Banking,175039.97
16806,4125,2021-11-20,Credit Card,118337.72
10575,140,2025-09-14,Cash on Delivery,15061.68
8860,4652,2023-10-05,Cash on Delivery,187556.08
17287,4741,2024-09-02,Net Banking,111592.9
13728,3569,2024-06-03,UPI,336612.35
490,3473,2025-05-17,Net Banking,328162.63
8024,523,2022-06-07,Net Banking,238754.08
17615,3849,2022-09-13,UPI,547449.26
4758,3718,2020-10-18,Credit Card,
16217,1573,2024-02-23,Net Banking,175743.84
5808,270,2024-07-23,Net Banking,
15956,4101,2025-03-11,,50498.33
5557,4040,2024-08-06,UPI,215351.48
9211,2550,2025-06-01,,36870.08
19782,3153,2023-11-10,Credit Card,94920.76
8247,3545,2022-07-10,Debit Card,366430.32
19654,1871,2025-11-18,Cash on Delivery,384267.86
4000,1138,2024-05-10,Cash on Delivery,337265.77
13669,652,2024-04-26,,134244.48
10012,4761,2022-08-06,UPI,428274.15
14737,4863,2021-01-26,UPI,289849.43
5510,4153,2025-11-24,Debit Card,228232.88
17469,4622,2024-06-18,UPI,249836.74
8048,1404,2022-04-20,Net Banking,36319.75
10762,2310,2021-10-12,Net Banking,404277.77
8113,1504,2025-07-06,Debit Card,69008.4
12577,1868,2025-04-23,UPI,359882.29
6654,4989,2023-01-09,Cash on Delivery,124984.4
16438,3749,2023-08-02,UPI,92611.17
3397,2827,2021-07-08,UPI,141817.0
14130,139,2024-03-25,UPI,230037.86
5313,2643,2025-02-16,UPI,69879.7
14220,2320,2024-09-12,Credit Card,114273.06
10920,2020,2020-03-15,Cash on Delivery,23059.34
2437,2298,2025-08-22,,270770.29
815,139,2022-02-18,Debit Card,464442.43
10312,3688,2022-09-23,,343969.8
18575,4792,2024-04-15,Debit Card,135032.65
10958,1111,2022-05-17,UPI,29827.96
8279,627,2022-01-13,Net Banking,355033.91
595,4729,2025-08-03,Debit Card,225581.51
12827,1482,2025-12-21,Cash on Delivery,220308.83
12392,3421,2021-06-25,UPI,221102.86
17531,4807,2025-02-17,Cash on Delivery,256196.44
11888,3111,2024-04-23,Debit Card,525760.32
13984,1118,2024-06-26,Net Banking,119625.17
13426,1855,2022-10-27,Net Banking,202816.68
1395,893,2025-06-15,Debit Card,14682.96
6280,249,2025-10-25,Debit Card,282695.26
16983,1214,2021-06-05,Credit Card,240760.3
8895,3191,2025-08-27,UPI,22428.5
15889,286,2024-05-08,Cash on Delivery,227008.54
7814,2652,2022-04-22, Net Banking ,44816.89
5807,4550,2021-02-26,Net Banking,118465.28
802,3455,2023-06-03,UPI,29952.99
16087,2019,2023-03-28,Debit Card,166180.92
6945,574,2025-12-06,Cash on Delivery,155836.72
16812,2018,2024-02-08,Net Banking,200726.91
401,154,2022-08-14,UPI,70404.94
1657,2740,2020-06-30,Cash on Delivery,268507.37
12605,3742,2022-05-30,Net Banking,51349.62
4009,4073,2021-09-25,UPI,140138.85
11975,410,2025-12-15,Cash on Delivery,187630.24
9365,55,2025-08-11,Credit Card,86305.4
1945,2224,2023-09-14,Cash on Delivery,31772.89
1450,3923,2021-12-09,UPI,153072.25
19220,4200,2024-05-11,Credit Card,145254.76
19994,879,2023-05-07,Cash on Delivery,147525.3
18258,2923,2024-04-03,,155038.96
13657,4702,2025-03-20,Net Banking,154056.48
10191,1753,2025-11-17,NET BANKING,84412.12
10444,91,2022-10-18,UPI,97102.68
3161,4387,2020-04-20,Debit Card,81704.45
6983,1527,2021-03-01,Debit Card,280103.22
12239,1682,2025-10-30,Debit Card,
17505,2273,2022-09-10,Net Banking,344142.64
806,1055,2023-01-31,Credit Card,282730.72
4908,1984,2025-03-28,Credit Card,59200.07
4499,1699,2023-10-03,Net Banking,276606.05
4999,4748,2023-08-10,Credit Card,140864.5
1190,2343,2023-11-18,Debit Card,257456.27
16042,97,2025-05-23,Net Banking,16519.33
16724,4036,2021-05-15,Debit Card,
6050,4829,2022-05-20,Net Banking,121732.26
15040,885,2021-10-20,Debit Card,364274.47
14966,3870,2024-10-27,Credit Card,441492.71
10729,3098,2024-10-12,cash on delivery,129859.6
12219,797,2023-05-18,upi,452337.12
8067,554,2021-10-01,Credit Card,170601.59
3358,1854,2025-04-02,UPI,90755.16
5021,3946,2023-01-18,Debit Card,200061.19
19022,1565,2022-12-03,UPI,183649.67
9168,1512,2023-09-23,Cash On Delivery ,194303.38
14662,4966,2019-06-26,Cash on Delivery,130398.37
10548,1489,2023-12-09,Credit Card,14838.09
698,2114,2024-12-28,Debit Card,237749.66
10303,1384,2024-06-06,Debit Card,69655.7
15576,208,2025-11-15,Debit Card,147322.4
12747,2818,2022-04-23,UPI,175429.85
11103,2979,2025-06-04,Credit Card,
6900,1000,2025-10-18,Debit Card,46179.04
15618,984,2025-12-25,,133906.75
8091,3503,2021-04-21,Cash on Delivery,68086.92
5483,826,2022-08-20, Credit Card ,442409.8
6370,3626,2023-12-31,Credit Card,451.71
1773,2318,2023-04-27,Debit Card,36184.71
15661,3488,2022-12-12,UPI,142480.28
14563,334,2019-10-27,UPI,4056.22
15325,1820,2022-06-13,UPI,101596.49
11543,1747,2025-12-25,Debit Card,159225.17
9532,3766,2022-07-05,Cash on Delivery,94995.62
16115,4936,2024-03-12, Net Banking ,38891.41
11959,3913,2023-10-01,UPI,307357.45
1363,3174,2022-04-18,Net Banking,180529.35
19252,1131,2023-01-14,Debit Card,408692.97
2127,611,2022-05-26, UPI ,408252.57
13942,4913,2025-09-14,Net Banking,400724.6
10640,1488,2024-01-29,Cash on Delivery,436187.63
13792,2769,2022-12-05,UPI,211724.24
12934,4121,2022-09-19,Net Banking,85985.89
14602,536,2024-12-17,Cash on Delivery,296494.5
3759,2932,2025-01-15,Net Banking,38686.28
12698,4399,2025-04-01,UPI,163770.8
14734,1697,2024-01-23,UPI,148918.6
19910,2337,2025-10-30,Net Banking,315179.78
18031,4756,2022-08-15,Debit Card,358150.35
15255,2739,2024-03-02,Debit Card,87837.26
1797,4521,2023-10-31,Net Banking,164618.61
13388,2999,2023-04-06,net banking,406710.48
13038,3013,2024-04-20,cash on delivery,15588.74
10317,2673,2025-11-25,UPI,242738.21
15640,1661,2022-04-16,Credit Card,204161.33
19830,511,2022-02-01,Credit Card,106788.84
17998,4031,2021-09-11,Cash on Delivery,237187.21
16976,2121,2023-05-06,Debit Card,202882.76
16148,4670,2022-06-01,Credit Card,22604.12
7308,3737,2021-07-10,Cash on Delivery,216565.21
18035,3963,2025-03-10,Net Banking,
3458,4018,2024-10-09,Credit Card,74279.56
6214,431,2024-08-07,UPI,167555.96
17730,3414,2025-11-11,Net Banking,49059.13
17859,4992,2021-10-07,Credit Card,271975.78
4382,2854,2025-11-09,UPI,141725.0
8433,4281,2025-10-16,Cash on Delivery,91315.6
13945,3928,2025-07-26,Debit Card,347981.49
18795,2346,2024-06-26,Debit Card,
17490,4898,2024-02-22,,202252.35
5484,3224,2025-02-28,Credit Card,59758.57
13253,3428,2023-04-08,UPI,240134.06
11189,1031,2025-10-12,Net Banking,20288.71
3285,3544,2021-11-03,Debit Card,117789.78
13644,1177,2025-05-12,Cash on Delivery,141345.75
13297,1628,2024-11-18,Debit Card,412046.53
16170,2941,2023-02-25,Debit Card,215810.28
19464,3341,2025-06-05,,252272.48
14677,3362,2020-07-23,Cash on Delivery,440441.06
6061,1916,2025-01-19,Credit Card,243270.5
7418,2597,2025-09-01,Net Banking,120899.32
10072,699,2025-04-07,,236340.38
9963,4490,2024-05-31,Net Banking,76825.9
9718,1537,2024-07-26,Net Banking,39253.22
8230,1837,2022-08-22,Debit Card,78676.5
16747,1361,2025-03-06,Net Banking,15602.38
17848,2165,2020-10-28,Credit Card,189402.13
16180,4495,2022-03-02,Credit Card,283978.64
3065,1295,2022-10-12,UPI,68638.74
12377,4569,2024-04-19,,309633.98
7378,249,2025-03-02,Cash on Delivery,39101.76
15544,1864,2024-06-26,UPI,309329.97
18014,365,2024-04-25,Cash on Delivery,
15197,180,2022-04-07,Debit Card,62825.56
13316,1863,2025-05-29,Debit Card,228604.22
9979,1528,2024-10-09,Debit Card,173085.17
10619,3297,2025-04-10,Debit Card ,216168.7
6629,578,2023-10-29,Net Banking,407408.81
4179,2179,2023-02-09,Debit Card,292934.78
15548,2601,2024-08-24,Cash on Delivery,34615.48
17414,150,2021-10-03,,344807.28
2014,3287,2022-06-25, Cash on Delivery ,
13546,77,2025-11-23,Credit Card,220274.79
1590,1063,2024-04-30,UPI,
17762,3549,2022-02-26,Net Banking,35866.88
3799,964,2021-01-07,Cash on Delivery,199700.22
1383,3708,2022-02-28,UPI,201261.3
11547,3456,2023-10-14,Debit Card,
687,2065,2025-05-27,Credit Card,193642.02
2635,4013,2023-10-15,UPI,274774.36
7666,3068,2024-01-23,Cash on Delivery,177502.47
4030,2833,2025-12-26,Credit Card,86805.8
4233,3918,2025-03-06,Net Banking ,461861.17
17074,2706,2024-11-08,UPI,179066.84
17576,100,2023-08-02,UPI,298774.64
4924,3710,2024-12-17,UPI,246557.5
5434,4619,2023-07-15,UPI,176991.11
19647,3965,2024-04-14,Net Banking,75492.37
7278,3678,2025-02-27,Net Banking,42140.68
2344,2619,2022-01-10,Debit Card,10586.44
4663,2296,2022-04-18,Debit Card,204482.19
11518,3251,2022-07-28,,104261.7
3263,2433,2023-06-11,Net Banking,87503.38
7949,4971,2025-03-21,Cash on Delivery,100451.49
9466,2758,2023-08-05,Net Banking,157066.61
3925,1219,2025-10-04,Cash on Delivery,93199.32
19367,1225,2023-08-02, Cash on Delivery ,76901.04
8828,2913,2024-09-05,Net Banking,201840.22
18659,3289,2024-08-30,Cash on Delivery,89367.62
5024,3884,2024-09-05,Cash on Delivery,205812.98
2915,1293,2023-06-10,UPI,426003.22
8006,3976,2025-11-13,Cash on Delivery,117891.47
6026,1590,2022-03-15,UPI,154776.47
6640,1268,2025-05-06,Net Banking,258820.54
14680,264,2025-10-02,Upi ,3539.07
18700,2519,2021-03-27,Net Banking,99673.92
1014,4101,2022-03-30,UPI,154062.9
14450,1844,2024-12-20,Credit Card,25851.32
17192,1299,2025-10-25,Net Banking,172347.59
15928,3401,2023-10-21,,126526.62
10926,3833,2021-12-15,Credit Card,106844.43
13063,4392,2024-11-30,Credit Card,38664.68
3063,1850,2025-11-06,Credit Card,472724.07
13995,4452,2022-02-20,Cash on Delivery,109424.48
15617,57,2025-09-16,Debit Card,234348.07
12799,4039,2022-01-06,Credit Card,127990.55
3982,2087,2020-10-14,Credit Card,87228.98
6394,4524,2021-08-13,Credit Card,111735.34
16094,484,2024-11-11,Net Banking,195754.48
10026,755,2023-06-28,Cash on Delivery,57023.54
1609,2252,2022-09-26,Debit Card,186756.98
9958,1711,2024-11-03,Credit Card,349707.28
9991,4207,2024-12-03,UPI,19726.35
2665,3882,2025-06-29, Cash on Delivery ,
19652,4272,2023-10-15,Cash on Delivery,304409.9
9574,4170,2024-03-31,Debit Card,212842.49
999,930,2024-01-22,Credit Card,14216.08
12217,3461,2024-12-27,Cash on Delivery,448470.19
15140,2658,2025-05-06,Debit Card,420001.4
1899,2376,2024-08-06,Debit Card,63100.03
5769,3149,2025-09-03,,470117.41
17588,1997,2024-12-08,UPI,256067.17
19293,2730,2021-12-27,UPI,58364.5
15242,1211,2024-12-05,Net Banking,507824.8
16998,2913,2024-06-12,Cash on Delivery,305089.67
2765,1808,2025-05-15,Cash on Delivery,74865.58
19642,727,2021-09-03,Debit Card,82616.79
18319,1684,2025-05-17,Net Banking ,186898.3
10422,3324,2025-01-31,Net Banking,269073.73
1206,86,2024-04-14,Net Banking,114573.36
12789,346,2023-07-03,Credit Card,256672.8
2081,4224,2019-09-01,Credit Card,328858.15
13861,3326,2025-04-04,Cash on Delivery,166179.53
1806,20,2025-02-16,,157645.3
6932,1920,2022-02-10,Net Banking,273043.01
19451,2100,2022-10-16,Credit Card,228861.59
19750,1762,2025-04-19,Cash on Delivery,357557.88
4226,4501,2025-02-02,Credit Card,57597.84
19086,254,2024-11-20,Net Banking,70575.61
11855,1863,2019-03-30,Upi ,84042.24
683,2499,2024-09-20,UPI,179385.06
10127,4652,2025-07-04,Net Banking,404572.71
12889,3021,2025-03-06,Debit Card,215595.39
10298,1998,2024-12-25,cash on delivery,251939.29
16313,3538,2022-11-12,Cash on Delivery,173523.05
10423,4001,2021-12-05, Cash on Delivery ,374242.05
19180,575,2024-03-10,Cash on Delivery,281205.25
6931,1612,2024-11-30,Net Banking,22639.4
11986,4309,2024-05-26,Cash on Delivery,53297.88
6622,111,2022-09-12,Credit Card,
2390,1022,2023-03-12,Cash on Delivery,280208.04
14200,2067,2024-07-31,Cash on Delivery,98797.14
17653,267,2025-06-20,UPI,31296.99
14594,259,2024-09-25,debit card,52402.89
9340,1091,2024-03-16,Credit Card,24905.51
9649,4545,2020-06-26,CREDIT CARD,31094.34
11926,2859,2021-04-03, Debit Card ,97360.77
15895,4911,2024-09-01,UPI,107391.13
7707,4295,2024-01-12,NAN,210462.06
16579,317,2024-07-14,Net Banking,167121.23
6363,1714,2024-08-19,Net Banking,414484.21
19215,720,2020-10-24,Debit Card,33801.64
18499,281,2024-07-09,Cash on Delivery,9403.54
4293,4664,2023-08-23, Net Banking ,128550.04
4742,1238,2024-09-15,Net Banking,272474.63
7150,933,2025-10-08,Cash on Delivery,217855.75
3027,3409,2024-09-11,Net Banking,251923.32
8856,3915,2021-01-11,Debit Card,6539.32
6435,3524,2024-04-14,CREDIT CARD,335012.57
13986,2197,2021-01-18,Credit Card,138869.61
4401,418,2024-09-19,Net Banking,9596.36
10767,256,2023-09-16,Debit Card,200238.33
5723,4248,2022-06-13,Net Banking,130460.74
4349,2381,2020-09-08,UPI,168882.04
8385,3036,2022-12-20,Net Banking,39333.05
3025,2747,2024-07-05,Cash on Delivery,157656.04
19851,1697,2024-03-16,Net Banking,269249.92
12135,398,2022-10-22,Debit Card,19153.09
10483,4806,2024-05-06,Cash on Delivery,133619.74
571,2807,2021-07-02,Debit Card,167833.4
4316,2698,2024-06-11,Credit Card,38698.86
19844,1599,2023-06-25,Cash on Delivery,362043.88
18968,1235,2025-06-01,Net Banking,13635.48
3901,3265,2025-06-07,,22510.58
19993,4857,2024-02-27,Debit Card,53556.22
16443,2791,2023-07-20, Cash on Delivery ,24946.06
6843,4592,2022-01-15,UPI,135180.95
8034,83,2024-09-11,UPI,283076.49
9899,4251,2024-02-08,UPI,55105.72
17066,3547,2021-12-26,Credit Card,135938.6
18336,1,2022-05-23,Debit Card,335983.12
2920,815,2024-05-02,Credit Card,110200.71
12536,3192,2025-04-08,,107358.4
16654,4162,2024-03-08,Debit Card,188305.04
14808,2226,2022-09-10,Credit Card,36271.68
15181,3356,2019-06-19,UPI,116150.55
10597,2740,2024-02-20,Cash on Delivery,40783.69
10681,3839,2022-12-28,,
3938,4928,2022-12-20,UPI,326964.11
15390,281,2025-04-20,Cash on Delivery,
2274,2440,2024-11-30,Debit Card,129814.57
7616,4293,2021-11-24,Cash on Delivery,555670.05
14497,568,2024-08-05,Debit Card,279948.48
2644,4101,2024-11-01,Credit Card,152488.26
6254,1960,2024-11-18,Net Banking,163254.75
10376,4251,2025-11-18,Credit Card,325063.24
5525,3466,2022-08-01,Cash on Delivery,145954.13
19304,1127,2023-12-10,Credit Card,134455.96
1550,3125,2025-04-10,Net Banking,158958.35
1618,2304,2024-10-05,Debit Card,1807.84
7894,1427,2023-07-06,Cash on Delivery,147337.11
10906,1463,2022-01-18, Debit Card ,302820.68
890,1913,2025-07-01,,308532.31
12749,837,2023-06-03,Cash on Delivery,322882.43
19291,3778,2022-05-03,Credit Card,66873.16
567,3346,2020-05-05,Net Banking,28190.37
6973,1149,2025-04-28,UPI,274311.22
18913,1122,2020-07-02,Debit Card,6329.93
17125,833,2022-03-29,Net Banking,405680.1
13162,2529,2023-02-16,Cash on Delivery,119882.41
6636,4739,2025-04-23,UPI,164622.56
17479,3349,2025-10-11,UPI,109611.12
17106,1981,2025-06-11,Cash on Delivery,71825.56
14652,663,2024-02-12,UPI,206331.1
4541,4305,2024-10-04,UPI,277236.47
13458,2887,2021-03-11,,168520.25
4566,427,2021-09-11,,435679.11
338,3850,2025-03-16,UPI,241022.87
3792,973,2019-11-14,Debit Card,340705.79
12776,4895,2023-05-03,Cash on Delivery,142133.51
4762,1961,2022-12-13,upi,85652.6
8876,3314,2024-03-08,Credit Card ,195067.42
19420,4411,2023-03-17,UPI,242572.07
8651,4349,2025-03-04,UPI,309983.97
4462,2238,2022-11-02,Debit Card,78613.08
15005,2836,2023-12-01,Cash on Delivery,270868.75
14785,4110,2021-05-20,Net Banking,233542.31
5898,2833,2025-05-16,Net Banking,211864.62
12162,1983,2022-11-02,Cash on Delivery,
6389,30,2023-05-26,Credit Card,195139.16
18706,4301,2023-09-05,Cash on Delivery,345917.56
18421,127,2023-12-15,UPI,203294.85
11225,3019,2022-03-11,Cash On Delivery ,218614.62
1007,2748,2021-09-21, Debit Card ,186349.47
9509,943,2023-01-12,UPI,98453.37
15250,3005,2019-06-06,Cash on Delivery,211437.5
9216,2507,2023-10-24,Credit Card,85495.71
12012,2600,2023-02-04,Net Banking,45479.3
1729,2774,2020-09-11,Debit Card,370880.05
16238,2432,2025-11-23,DEBIT CARD,217943.26
17917,1060,2025-04-06,Credit Card,179204.38
16212,4039,2022-02-05,Cash on Delivery,211458.82
4744,3599,2025-08-17,credit card,328857.37
10895,4451,2025-08-08,Net Banking ,145354.8
4898,475,2024-01-23,Debit Card,168831.88
19846,3692,2021-01-27,Debit Card,9749.16
6989,1338,2023-07-31,Cash on Delivery,154107.6
19444,3231,2023-07-29,Debit Card,552220.74
17341,1717,2024-09-03,Credit Card,156851.21
19985,4646,2024-08-02,UPI,76036.98
17904,3041,2021-01-04,Credit Card,243585.93
9973,172,2023-03-01,Net Banking,279640.31
7962,2534,2021-03-06,Debit Card,341322.69
12778,2954,2024-10-21,Cash on Delivery,177318.01
11745,118,2025-02-08,Credit Card,129854.11
16485,2641,2024-04-20,Cash on Delivery,312415.1
17514,177,2023-11-16,,326505.35
15264,770,2022-01-31,,92704.38
1643,1522,2025-05-15,UPI,350438.3
805,1691,2022-08-25,UPI,149358.35
16871,2066,2022-07-30,UPI,127256.45
610,450,2025-08-07, Debit Card ,210322.26
14511,860,2025-07-14,Credit Card,
8399,3497,2022-03-11,Credit Card,106874.25
4779,4603,2025-01-07,Net Banking,68635.77
14590,68,2024-04-18,Net Banking,298583.03
7520,563,2025-05-05,Net Banking,165743.62
15024,4566,2024-09-04,UPI,246990.48
16804,4457,2025-04-25,Cash on Delivery,72523.95
10009,4614,2024-05-24,Debit Card,83715.35
2044,917,2025-11-22,UPI,27435.26
7742,4938,2021-02-19,Cash on Delivery,273779.6
6292,2912,2023-03-09,Cash on Delivery,327165.15
19118,149,2025-11-27,credit card,184569.64
11176,2801,2025-12-22,Debit Card,272090.68
2894,4480,2021-05-04,Cash on Delivery,342803.14
2157,251,2022-08-05,Cash on Delivery,362017.58
17738,3888,2019-12-14,UPI,271093.63
13369,2671,2023-12-31,UPI,157034.76
10834,4659,2025-06-30,UPI,60573.45
11770,4121,2024-03-08, Credit Card ,245186.12
4173,3447,2020-08-13,Credit Card,116469.66
7038,3594,2020-10-17,debit card,75285.46
6101,2269,2024-09-25,upi,45440.05
13185,4105,2023-12-25,Credit Card,457237.82
177,2019,2023-10-20,UPI,244415.76
14564,4420,2025-08-09,UPI,122170.4
12763,3171,2019-12-13,UPI,78807.63
2194,326,2024-10-24,Debit Card,220684.48
2174,806,2023-03-14,,192363.6
16273,68,2021-12-13,Credit Card,
981,734,2022-07-28,UPI,139500.82
12592,4867,2022-07-16,Credit Card,73942.84
2809,3654,2025-07-11,Debit Card,92475.08
14336,4248,2025-09-06,Net Banking,40713.71
14370,2262,2025-05-23,Net Banking,38093.18
2387,1114,2024-12-15,UPI,372367.86
15484,4263,2023-04-07,Cash on Delivery,213361.06
14439,4833,2020-11-12,Credit Card,76908.46
4205,2590,2023-05-01,Debit Card,82178.91
12473,461,2023-04-22,Net Banking,379652.75
14011,2793,2025-12-18,Credit Card,248910.73
7655,344,2024-12-15,Credit Card,161060.98
13322,441,2023-03-31,Net Banking,228411.45
7529,3057,2025-06-15,Debit Card,11441.4
530,3639,2025-02-17,Debit Card,148321.22
18310,4706,2025-02-05,UPI,147428.0
7591,1052,2024-08-18,Net Banking,59934.34
12014,4893,2020-12-12,Cash on Delivery,81024.66
4381,1983,2024-01-12,Cash on Delivery,41335.59
9608,3899,2023-02-25,Credit Card,83361.36
8502,4577,2021-11-29,Credit Card,110952.61
10658,4458,2024-11-14,UPI,266537.37
9083,438,2022-09-03,Net Banking,45746.51
11448,1062,2021-09-11,Net Banking,174836.45
3921,3467,2024-01-21, UPI ,77685.32
18130,3521,2024-03-30,Cash on Delivery,
3206,673,2023-04-05,Debit Card,198976.81
14152,2328,2025-11-10,Debit Card,119728.64
10873,4962,2024-11-11,Cash on Delivery,37114.74
7010,2249,2021-12-14,UPI,171597.83
9709,148,2023-09-24,Net Banking ,133201.7
10181,3303,2024-07-02, Net Banking ,134345.76
17579,1074,2020-03-31,Debit Card,77614.23
18096,2197,2022-04-30, Debit Card ,219434.28
11707,1273,2023-11-06,Net Banking ,39309.34
3098,1965,2023-10-11,UPI,172289.79
7459,1171,2025-01-31,Net Banking,346609.59
11624,1891,2025-06-07,Credit Card,415517.51
14744,3475,2025-12-20,Net Banking,
11231,4965,2025-06-28,Credit Card,153593.44
18688,3038,2023-09-30,Cash on Delivery,5656.22
1430,363,2025-06-08,Credit Card,105711.11
11023,1297,2024-10-20,Credit Card,277581.02
3952,4657,2023-07-17, Cash on Delivery ,329905.0
7352,2562,2022-10-14,Net Banking,177180.57
12953,377,2025-11-12,UPI,17232.44
16107,2277,2025-06-22,Net Banking,20028.27
3898,2850,2025-08-06,Cash on Delivery,117601.2
2829,3814,2022-03-30,Cash on Delivery,115023.78
8660,4745,2023-10-31,Debit Card,249417.31
19664,485,2024-10-28,Net Banking,44062.14
14267,3369,2025-04-09,Debit Card,65825.44
15205,4277,2024-11-24,Net Banking,120202.34
3055,2184,2023-09-25,,206648.52
15415,3318,2024-10-30,UPI,215642.56
17135,4466,2024-06-10,Credit Card,
14630,4599,2023-02-14,,35951.28
14536,1611,2025-09-28,UPI,105494.09
18943,2022,2022-06-26,Credit Card,
18859,2514,2023-08-05,Net Banking,169569.6
18817,708,2025-11-14,Net Banking,261138.14
18606,1370,2019-12-28,UPI,180476.26
399,1811,2023-06-11,Cash on Delivery,76244.58
17679,2074,2024-04-18,Net Banking,268051.48
8865,2300,2025-10-29,Credit Card,299021.16
651,4819,2025-02-02,UPI,323093.21
17096,4763,2024-08-16,Net Banking,69103.44
12661,2239,2025-11-04,Credit Card,230108.15
13989,2619,2019-09-18,UPI,
4709,2937,2024-01-25,Net Banking,173738.2
18779,3285,2022-06-15,Debit Card,33147.86
5485,776,2025-04-23,UPI,44281.08
15493,1515,2024-10-01,Cash on Delivery,219968.18
19544,1188,2024-05-15,Cash on Delivery,264998.5
12288,4591,2023-02-26,CREDIT CARD,156425.6
5724,2398,2020-10-05, Cash on Delivery ,215082.93
8562,1273,2025-01-17,UPI,57763.32
16306,3099,2024-01-16,UPI,40643.06
13862,3623,2025-01-11,Net Banking,321982.71
16837,4129,2024-10-26,,140083.75
999,930,2024-01-22,Credit Card,14216.08
5860,2404,2021-10-02,Cash on Delivery,122603.56
16394,4986,2024-05-22,Credit Card,203697.64
17333,186,2023-06-26,Cash on Delivery,255521.23
1148,3028,2023-11-23,Debit Card,40915.44
13289,2869,2023-07-29,Net Banking,188569.29
10769,2336,2023-12-22,Credit Card,194134.0
11066,1397,2025-11-17,Debit Card,46015.32
510,2426,2023-02-04,Cash On Delivery ,308938.24
6518,750,2025-01-05,Net Banking,161627.87
19883,2133,2022-12-12,Credit Card,123589.65
6644,3199,2021-04-04,Net Banking,212954.39
19829,2418,2021-12-07,Debit Card,367412.32
13229,3051,2020-08-18,Credit Card,468661.97
2736,1406,2024-10-24,Debit Card,346880.26
11463,2209,2021-10-01,Credit Card,171529.87
11068,1573,2024-07-08,Cash on Delivery,325404.72
2218,3493,2025-11-13, Net Banking ,322282.2
13243,968,2025-06-10,UPI,87084.7
18823,3180,2024-01-03,Net Banking,207358.99
18111,1176,2025-04-19,Credit Card,337693.2
1801,3326,2024-07-06,UPI,45078.49
1003,2229,2021-08-30,Cash on Delivery,382900.67
11482,1232,2021-09-15,,212283.24
15776,4253,2024-06-02,debit card,151323.0
5890,2860,2023-09-12,Cash on Delivery,21244.03
4279,3870,2023-06-08,NET BANKING,242620.01
12063,1156,2023-04-29,Net Banking,366614.77
13472,334,2024-02-23,Net Banking,50616.96
2891,3259,2024-06-24,UPI,216331.51
14488,4159,2025-10-08,Net Banking,73935.74
17450,2470,2024-09-07,Debit Card,262324.99
1089,1442,2024-03-22,Cash on Delivery,115011.56
14392,3712,2024-08-12,Credit Card,191842.79
1669,2692,2024-09-07,Debit Card,85430.0
11616,3075,2025-06-12,Net Banking ,57016.41
18745,4878,2025-04-06,Debit Card,245379.6
15828,3881,2024-11-02,Cash on Delivery,101311.3
17430,4565,2024-09-19,Net Banking,97277.87
16214,106,2023-12-06,Net Banking,115392.48
8738,1766,2025-03-17,Net Banking,262222.73
703,2690,2024-04-19,Cash on Delivery,93623.76
4271,551,2022-07-25,Debit Card,328721.33
16339,3027,2024-01-13,Net Banking,186812.75
458,4223,2021-08-07,net banking,209233.16
8145,1720,2025-09-23,UPI,5883.35
15578,227,2023-06-17,UPI,6874.13
13256,816,2023-09-04,Cash on Delivery,74317.17
9823,1859,2025-06-08,Cash on Delivery,21038.12
12335,4116,2023-08-28,Cash on Delivery,6562.66
596,526,2021-09-09,Cash on Delivery,83846.85
14215,142,2023-05-07,Credit Card,449743.31
17190,675,2023-11-27,Net Banking,25970.43
4601,2049,2023-05-29,Debit Card,59886.52
12547,1049,2021-02-24,UPI,256054.05
8061,2058,2025-10-29,Net Banking,3152.62
11489,1966,2025-02-08,Credit Card,204779.11
6805,3116,2023-04-09,Cash on Delivery,133100.45
6021,1680,2022-01-08,Cash on Delivery,188597.04
16038,1585,2024-03-09,Cash on Delivery,102812.3
12610,558,2022-07-22,,247687.8
4868,2535,2025-07-31,DEBIT CARD,210980.42
1562,2983,2025-02-10,Cash on Delivery,106259.25
9375,1781,2025-11-19,Net Banking,56158.24
9689,4786,2025-09-28,DEBIT CARD,318005.8
6626,4292,2024-09-29,Cash on Delivery,347717.45
12760,3507,2025-08-08,,145324.54
2816,2803,2025-08-31,Cash on Delivery,171957.8
808,238,2023-10-31, Credit Card ,527650.55
15589,4462,2023-09-24,Net Banking,5213.79
2130,3995,2023-04-19,Cash on Delivery,310638.93
19418,2159,2025-03-12,UPI,178189.1
10749,1504,2024-06-07,,118772.92
14158,2147,2025-09-09,Cash on Delivery,451633.88
3637,501,2020-07-28,Cash on Delivery,558962.93
3419,3391,2024-09-10,Credit Card,171521.77
5122,2135,2021-07-24,Cash on Delivery,328460.04
1512,2770,2025-10-01,Debit Card,427265.86
19992,4317,2024-06-17,Debit Card,193910.36
1857,3272,2025-07-31,Cash on Delivery,237072.87
1940,3430,2025-06-28,Cash on Delivery,109415.2
4892,3546,2025-09-15,Debit Card,189865.5
18986,875,2024-11-24,Credit Card,400489.33
6598,3625,2025-05-20,UPI,201834.6
2598,1462,2023-03-25,,60463.71
1000,3374,2025-05-30,Debit Card,28853.18
4115,4723,2025-01-03,UPI,18787.54
2706,1730,2025-02-23,UPI,77625.5
17620,2700,2025-04-25,Net Banking,291479.02
9247,3156,2024-09-26,Debit Card,195913.17
9518,3552,2023-12-25,Debit Card,138559.54
19528,2185,2025-01-18,UPI,95531.13
15994,1227,2024-06-30,Credit Card,41430.38
12503,2474,2020-07-16,Cash on Delivery,202516.16
826,2812,2025-11-09,Debit Card,322508.89
3494,2869,2024-02-01,Credit Card,120066.01
189,2196,2022-11-24,Debit Card,166939.2
16981,1089,2019-09-07,UPI,156048.28
9782,137,2022-10-12,Cash on Delivery,44100.99
4110,2454,2025-12-08,Cash on Delivery,131640.26
6699,3970,2023-04-21,Debit Card,236723.83
13806,4262,2023-01-06,Cash on Delivery,52328.05
17907,4632,2023-07-07,,132893.3
10530,3370,2023-06-01,Cash on Delivery,316484.28
19644,2115,2024-08-21,Debit Card,153814.97
822,3121,2025-03-13,Net Banking,181018.95
3313,4120,2021-08-11,Credit Card,188425.16
18024,4124,2022-09-10,Debit Card,21220.98
1866,3368,2024-03-10,Debit Card,230394.37
18004,2134,2022-06-04,UPI,126463.08
12574,4720,2025-06-19,Net Banking,465251.38
14910,1747,2022-11-23,Cash on Delivery,
18080,4235,2023-01-06,Debit Card,145403.5
13514,3873,2025-12-07,Upi ,331202.4
2417,3385,2025-12-28,UPI,240292.0
14853,2400,2025-07-17,Credit Card,158193.3
5712,1226,2022-03-24,nan,22907.4
8268,2323,2024-11-05,Debit Card,289222.71
9094,4338,2024-10-04,UPI,411882.32
4427,734,2023-05-10,Cash on Delivery,326150.1
5617,4433,2024-03-26,Debit Card,118567.05
2507,2824,2022-06-07,UPI,4344.87
17205,3944,2025-11-28,Credit Card ,139741.16
442,860,2025-03-28,Credit Card,265831.38
2981,497,2024-11-19,UPI,153179.41
8549,967,2023-07-20,Cash on Delivery,90320.92
91,357,2023-06-24,UPI,564564.38
12692,804,2024-05-22,Net Banking,185672.09
3992,1154,2025-10-31,Net Banking,60417.36
15580,3150,2023-12-05,UPI,133342.05
19982,912,2023-11-17,Debit Card,452615.51
13285,1548,2023-05-06,Credit Card,259253.88
5742,2340,2025-07-06,Cash on Delivery,152219.79
18502,178,2025-03-22,Cash on Delivery,216697.33
10531,758,2022-01-11,Debit Card,317762.68
18836,4833,2023-11-09,Credit Card,182418.76
3492,4290,2023-12-18,Credit Card,134667.27
10974,3789,2022-05-28,Credit Card,161625.93
17575,3843,2024-05-06,Cash on Delivery,95796.61
5389,4749,2023-05-21,CASH ON DELIVERY,147254.36
6623,1,2020-07-31,Debit Card,368241.42
15203,1098,2024-07-07,,173569.31
5482,4285,2024-05-12,UPI,
13372,2506,2025-12-28,Debit Card,295554.67
2467,4789,2024-07-04,Credit Card,68972.75
9755,2608,2023-12-11,Net Banking,193966.48
1507,1926,2025-04-27,Net Banking,130891.54
7871,4515,2025-10-28,UPI,246073.5
11230,1370,2023-03-01,Credit Card,279390.34
12892,1495,2025-08-03,Credit Card,54898.48
9935,2505,2025-03-11,Credit Card,12926.76
14221,322,2023-07-03,Cash on Delivery,241148.49
12838,4018,2023-06-18, UPI ,204704.16
3448,4734,2025-05-01,Cash on Delivery,462152.07
2029,4435,2024-01-13,Net Banking,170406.57
320,2390,2024-08-09,Credit Card,135973.6
16068,1650,2025-07-19,Net Banking,342233.03
18540,2966,2025-07-31,Net Banking,264373.81
18466,4318,2023-02-02,UPI,343260.09
1471,1726,2022-08-12,UPI,21459.86
18517,3617,2024-05-12,Net Banking,356142.08
13727,3982,2025-11-20,Net Banking,104008.35
6724,2191,2025-07-27,Cash on Delivery,163620.6
4784,444,2023-07-13,UPI,186678.37
8274,3227,2022-12-14,Cash On Delivery ,169868.8
4035,1050,2024-06-06,Cash on Delivery,
5882,481,2023-10-08,Net Banking,17111.68
18396,2366,2024-09-24,UPI,138217.21
14380,2068,2025-04-04,Credit Card,104866.45
16373,1869,2024-03-27,Debit Card,62045.72
261,589,2024-11-05,Net Banking,243749.88
16257,1999,2021-06-08,Debit Card,83166.56
15309,2640,2024-10-05,Debit Card,288915.32
381,1599,2021-08-09,Debit Card,77788.13
17178,212,2025-07-12,Debit Card,87553.75
4443,1107,2023-06-18,Net Banking,164646.05
585,1202,2024-11-08, UPI ,134978.25
19154,780,2024-09-18,,219371.22
6345,3529,2023-12-08,UPI,309504.92
16337,2782,2024-09-27,UPI,102928.8
19808,1252,2025-01-17,Net Banking,299017.91
19707,1811,2023-05-11,Credit Card,110598.3
1838,4632,2025-12-07,Cash on Delivery,114079.4
10910,421,2024-06-28,,38230.76
16602,166,2025-11-19,Debit Card,58646.25
18969,191,2025-02-06,Credit Card,47575.71
16536,690,2023-01-07,Credit Card,209392.0
13591,2455,2025-07-06,Debit Card,308838.31
7635,162,2022-09-03,Cash on Delivery,268141.53
19575,2676,2022-03-31,UPI,116835.27
16355,4516,2025-05-22,,68171.36
6625,1260,2024-05-30,Cash on Delivery,147701.6
18451,3820,2024-04-13,Credit Card,169800.87
15184,3576,2023-12-30,Credit Card,39425.55
4672,2144,2023-02-23,UPI,214530.29
16562,1839,2021-07-13,Credit Card,151007.31
2925,4533,2024-12-13,UPI,16462.98
11739,2540,2025-02-11,Cash on Delivery,72659.91
12008,4579,2023-11-14,,332462.58
13789,2055,2022-09-08,Credit Card,295200.03
5685,4998,2022-11-24,Net Banking,49003.5
4871,185,2023-03-06,Cash on Delivery,
6673,4722,2025-12-02,Credit Card,37688.25
19945,5000,2019-11-30,Debit Card,214690.25
13112,197,2025-07-27,Credit Card,
2288,169,2022-11-21,Credit Card,27123.86
2493,1006,2024-04-03,Debit Card,96031.2
19677,4535,2024-06-27,Credit Card,100761.8
9618,2251,2025-04-07,UPI,362512.72
425,4274,2024-03-08,UPI,8305.42
5000,1709,2025-10-11,Cash on Delivery,155976.1
240,1423,2023-09-13,,11939.08
2172,1225,2024-07-10,UPI,58377.78
9937,4225,2021-02-24,UPI,111970.65
3108,2057,2024-08-21,,363464.09
13774,2465,2023-03-17,Credit Card ,108127.01
6772,3394,2025-03-21,credit card,66452.71
18090,1261,2020-05-21,Credit Card,225699.35
8807,404,2023-09-13,Net Banking,22841.65
7475,470,2025-04-15,upi,219478.3
15161,929,2025-07-07,Net Banking,213856.23
15374,3224,2025-02-10,Credit Card,241737.35
18932,4136,2025-02-28,Debit Card,163144.12
8445,2755,2021-07-29,Credit Card,128298.44
14632,509,2025-02-27,Debit Card,192099.8
10598,2154,2025-12-30,UPI,43707.67
13815,652,2025-05-19,Net Banking,90471.72
4653,3728,2024-02-22,UPI,159096.96
11185,3137,2022-03-07,Cash on Delivery,439203.53
9885,304,2021-07-19,Debit Card,187044.5
18270,176,2025-11-04,Debit Card,237738.65
8373,4271,2020-04-01,Credit Card,7989.01
14284,4151,2024-01-28,Credit Card,57571.38
14377,3053,2021-05-13,,143934.34
10268,2668,2022-03-15,Debit Card,78152.64
12237,1297,2021-10-13,Cash on Delivery,165932.8
13783,98,2020-06-26,Net Banking ,73131.55
6134,3092,2020-09-02,Debit Card,193155.83
2160,4146,2024-04-10,Debit Card,59222.46
16879,2939,2025-12-24,Credit Card,60661.48
1070,3526,2023-12-05,Credit Card,34028.71
5315,3684,2024-12-10,Credit Card,145642.74
11774,1906,2024-03-03,Credit Card,291145.43
7726,272,2023-10-08,Net Banking,162817.92
9169,2207,2024-06-02,Debit Card,41169.84
3463,622,2024-09-13,Debit Card,196649.46
9829,2996,2024-11-23,CASH ON DELIVERY,218871.88
11327,2083,2020-08-20,Net Banking,118896.05
8410,4638,2025-06-28,,249314.43
2888,2216,2025-08-01,Credit Card,313122.7
13730,4055,2023-04-17,Credit Card,466451.41
4227,2362,2022-09-15,UPI,125600.94
1169,1047,2023-07-02,UPI,26818.21
18425,107,2025-05-03,UPI,169155.36
18997,4332,2022-06-16,Credit Card,276966.74
8381,2305,2023-12-16,Debit Card,265907.56
13346,4892,2024-07-29,Net Banking,268781.44
12445,1634,2020-12-04,NET BANKING,245255.51
11418,3165,2025-12-27,,90933.24
6520,1886,2025-07-28,Net Banking,146289.58
17844,3196,2022-10-24,Credit Card,169860.89
8676,1255,2025-08-03,Cash on Delivery,179888.64
12177,930,2024-03-24,Net Banking,311505.4
5,4566,2022-03-04,Net Banking,155836.07
12515,1103,2023-02-21,Cash on Delivery,489223.25
15060,4617,2023-07-23,Cash on Delivery,24328.85
10961,4370,2024-11-14,UPI,346447.17
2652,1734,2022-11-23,UPI,337943.01
17265,1500,2022-10-04, Cash on Delivery ,196530.89
17170,3433,2025-04-15,Debit Card,112607.72
2939,2531,2022-10-12,Debit Card,11917.92
16391,3320,2022-02-15,Debit Card,212082.2
13370,1440,2024-06-29,UPI,188812.76
3774,2756,2025-07-03,Cash on Delivery,44929.38
13136,2826,2019-12-14,UPI,145457.7
9114,4863,2020-08-02,,106826.76
11338,2403,2024-11-29,Credit Card,72176.5
4161,2954,2024-08-10,Net Banking,215521.22
16479,4582,2025-08-01,Debit Card,275544.66
7062,2282,2023-07-15,UPI,303941.02
12443,1759,2022-05-24,Credit Card,239033.67
6653,1766,2024-11-08,Net Banking,26549.62
12732,2179,2023-04-01,debit card,60198.87
474,1284,2022-12-23,Credit Card,93356.25
6324,3569,2023-01-29, Debit Card ,50430.74
18180,922,2024-07-22,Cash on Delivery,263843.38
13240,3600,2022-05-19,Cash on Delivery,
6591,3789,2022-05-03,Net Banking,209132.5
3942,2701,2025-07-05,upi,52627.26
2192,425,2023-08-11, Cash on Delivery ,75652.22
875,685,2023-10-04,UPI,81525.67
11120,4617,2022-09-26,Cash on Delivery,410174.8
4048,1445,2024-04-25,debit card,187571.05
87,320,2024-05-26,Cash on Delivery,
9493,2911,2024-03-10,Cash on Delivery,4704.84
8734,4524,2025-02-19,Credit Card,76930.2
15478,3223,2023-02-23,Credit Card,146352.39
17406,1111,2021-09-12,UPI,
6888,2300,2025-11-14,Net Banking,96088.56
15469,2194,2024-01-04,Debit Card,151026.97
5927,921,2025-04-29,UPI,191646.17
13328,1299,2025-06-20,Net Banking,131876.2
3119,4251,2025-05-03,,16566.72
3273,1292,2022-10-09,Debit Card,199385.62
17142,259,2024-03-30,Credit Card,175531.92
11077,4609,2022-04-14,net banking,90845.55
3872,176,2023-05-30,UPI,6659.48
8614,2391,2022-06-18,Net Banking,409652.18
8284,3996,2024-03-22,Cash on Delivery,160924.56
15364,3746,2025-11-24,NET BANKING,456662.13
18656,4716,2025-02-05,Net Banking,289395.08
9582,4835,2025-11-03,UPI,215152.37
1388,4220,2025-02-08,,162122.52
17436,763,2024-11-04,Net Banking,165357.48
2229,2839,2023-10-15,Cash on Delivery,
4997,174,2024-09-03,UPI,97837.67
17067,3609,2022-11-30,Credit Card,18874.55
15808,2878,2024-02-12,Net Banking,83363.63
3393,1648,2025-06-22,Net Banking,311161.7
9596,4575,2022-06-17,Credit Card,71873.51
3261,3159,2024-11-28,Debit Card,58240.29
10907,2825,2025-03-06,Debit Card,255881.47
5214,4003,2025-07-30,Net Banking,69895.88
1656,4101,2024-09-13,UPI,161446.22
17483,420,2023-02-02,Cash on Delivery,335392.94
9419,1017,2024-09-24,UPI,658280.1
4309,2618,2023-02-05,Net Banking,129028.74
4292,3153,2024-07-14,UPI,176810.72
15742,1977,2024-11-01,Debit Card,37767.54
16729,3217,2023-10-26,Debit Card,151970.68
3451,143,2024-12-22,Cash on Delivery,269626.44
5715,4661,2024-08-04,Cash on Delivery,
8000,2414,2022-06-30,Credit Card,169988.2
11002,1322,2025-08-12,Credit Card,173338.88
8519,2412,2021-02-27,Debit Card,43903.48
3643,4370,2023-03-16,Cash on Delivery,282640.94
3381,525,2025-10-20,UPI,300322.59
18030,166,2022-11-15,Cash on Delivery,25780.64
2841,724,2023-10-14,Net Banking,17869.09
2119,509,2025-12-11,Net Banking,147520.34
9408,2718,2025-11-01,Net Banking,240355.21
8508,516,2024-08-18,UPI,235525.96
15261,2602,2022-07-28,Net Banking,160842.15
8554,4270,2024-12-01,Credit Card,248788.65
11529,1258,2023-04-04,Credit Card,96766.87
4128,3650,2025-02-06,Cash on Delivery,32419.9
14578,2635,2025-03-04,UPI,43118.16
6641,3350,2024-02-04,Debit Card,56414.0
18846,1277,2022-03-20,Debit Card,90255.32
6959,509,2025-10-20,Debit Card,182219.98
9239,4240,2021-05-05,Net Banking ,71130.25
15355,996,2025-09-28,Cash on Delivery,65787.76
6796,3140,2021-12-23,Cash on Delivery,224509.54
9451,613,2024-09-02, nan ,221688.61
1211,4678,2024-04-19,Cash on Delivery,107270.73
18720,4872,2024-11-11, Debit Card ,
15867,691,2021-02-28,Debit Card,476496.25
8325,262,2025-10-27,UPI,20969.37
3987,4129,2025-10-14,UPI,232833.34
7957,2540,2025-10-02,UPI,206204.33
5923,954,2024-02-22,Cash on Delivery,74845.76
17497,2144,2021-01-25,Net Banking,161359.85
8108,2150,2025-02-26,Net Banking,260543.51
10347,2845,2024-06-19,Debit Card,57795.27
19863,1794,2024-03-13,UPI,424600.88
13985,2824,2023-05-19,UPI,375967.95
16852,2961,2024-03-31,credit card,294188.71
12719,866,2022-12-06,Net Banking,112161.89
11496,4441,2024-09-04,Debit Card,53548.34
12530,504,2023-04-15,Credit Card,423130.43
3421,3169,2021-05-03,Net Banking,48618.26
18718,4142,2022-01-15,UPI,42276.13
15854,1029,2025-09-23,Debit Card ,152664.27
4771,1143,2023-06-03,Nan ,148864.76
18199,4863,2023-02-16,Credit Card,306784.09
262,1116,2025-05-09,Credit Card,53331.63
2864,4847,2022-11-09,Credit Card,443638.14
1571,4392,2025-01-24,Net Banking,102912.2
1196,3832,2022-04-08,Cash on Delivery,232274.48
9292,523,2025-08-20,Cash on Delivery,116407.63
6941,2830,2025-05-11,Credit Card,188347.19
12633,2256,2024-05-15,Net Banking,289859.29
13791,3740,2019-10-27,Debit Card,163462.22
14606,1881,2025-08-13,Credit Card,472409.25
6287,625,2021-09-27,Net Banking,163758.0
17864,853,2025-09-28,UPI,64714.2
3832,3368,2025-01-12,Debit Card,201174.0
6517,4842,2023-11-03,UPI,169066.43
9604,1971,2025-09-08,UPI,1823.86
10039,3227,2021-11-05,Credit Card ,359954.26
10068,4340,2024-01-10,Credit Card,201558.78
16203,532,2025-09-19,Credit Card,35892.3
11837,1905,2024-07-04,Debit Card,271994.78
4847,2571,2024-06-19,Debit Card,261610.43
12903,3164,2025-06-27,Cash on Delivery,2824.23
8214,1484,2023-11-23,Debit Card,185999.25
14161,4833,2022-10-29,Net Banking,74132.56
9910,4814,2024-06-01,UPI,431605.67
5273,4511,2025-02-15,Cash on Delivery,196993.58
7785,1425,2025-03-02,Net Banking,35079.27
14058,3305,2023-06-16,UPI,440035.96
8299,4551,2025-02-02,Cash On Delivery ,183897.59
7525,3825,2024-02-09,UPI,52494.04
17122,3220,2024-11-26,Debit Card,56152.43
7965,2061,2024-11-30,Cash On Delivery ,124896.88
14182,4514,2021-11-15,Cash on Delivery,83149.8
18312,1647,2025-03-21,Cash on Delivery,26910.05
19490,2649,2023-04-27,Debit Card,51454.62
7815,3327,2025-06-15,Debit Card,90892.72
8842,1876,2022-06-18,Cash on Delivery,335696.43
19735,1632,2024-04-16,UPI,26910.09
3334,3058,2023-07-08,Net Banking,187477.69
18351,2317,2022-05-18,Net Banking,65470.01
14283,4685,2022-06-10,UPI,98437.74
2578,3658,2023-03-24,Net Banking,176763.32
13592,3411,2024-11-22, Debit Card ,142091.49
19168,2956,2024-12-31,UPI,
13318,4193,2023-05-02,Net Banking,283028.05
1785,2407,2024-12-08,UPI,130121.13
11890,1480,2025-03-09,Debit Card,21043.05
3469,4373,2021-12-23,UPI,111573.15
7324,4666,2025-08-24,Credit Card,146528.72
3498,343,2021-09-30,Debit Card,35805.88
13953,177,2025-04-28,UPI,
13420,1742,2024-04-08,Cash on Delivery,283173.54
11763,3878,2024-07-25,Net Banking,312075.1
14665,3345,2024-05-23,Cash on Delivery,220353.81
18446,1614,2021-12-26,Credit Card,102985.2
3340,2492,2024-09-14,Cash on Delivery,110638.59
5691,2150,2023-10-16,Credit Card,279495.85
16272,1925,2024-05-24,Cash on Delivery,66173.11
16950,3025,2024-10-22,Cash on Delivery,368383.54
14964,1207,2024-12-21,Net Banking,88225.96
3695,444,2022-01-08,Credit Card,226844.56
10609,3367,2022-12-11,UPI,268475.31
7209,4957,2025-11-20,Cash on Delivery,171967.84
17011,1622,2019-02-23,Net Banking,78799.72
9256,1960,2023-02-22,Cash on Delivery,44365.33
3824,3368,2025-05-11,Credit Card,140307.1
1091,2347,2024-02-09,Debit Card,57792.06
4433,2171,2022-03-31,UPI,440157.75
11925,2255,2025-03-26,Cash on Delivery,288825.65
15213,1312,2025-04-28,CREDIT CARD,205156.01
6728,421,2023-04-25,Credit Card,122457.51
13898,3435,2023-07-07,Cash on Delivery,72751.15
2027,2177,2025-07-16,Cash on Delivery,78236.73
9836,4951,2025-10-13, Net Banking ,119499.99
16052,64,2020-08-18,Debit Card,99027.92
1497,266,2023-01-21,Net Banking,5378.16
1653,4819,2024-07-30,,315513.38
18197,2434,2024-08-10,Net Banking,144512.02
7246,2167,2024-05-06,Credit Card,146988.66
6642,4407,2025-12-03,Credit Card,121563.52
2086,4390,2023-09-14,Cash on Delivery,9590.46
3524,961,2022-10-23,Credit Card,321407.65
14742,9,2025-11-27,Credit Card,321435.24
14716,1869,2024-06-04,Cash on Delivery,17156.44
4878,3247,2025-01-31,Credit Card,132288.42
11981,2990,2024-08-10,,306198.24
13483,4499,2025-03-27,Credit Card,271796.48
11713,4856,2025-04-08,Net Banking,52844.79
4284,4015,2024-10-17,Cash on Delivery,23257.61
11833,2547,2022-05-13,UPI,132470.99
679,4490,2025-11-16,UPI,127743.6
13072,3489,2023-05-18,UPI,105197.96
15201,767,2023-06-26,UPI,18437.08
13646,2014,2025-09-08,net banking,221886.04
18365,2947,2021-11-25,Cash on Delivery,14017.68
1723,4848,2024-03-02,Credit Card,291308.52
2163,3204,2025-03-20,Debit Card,19034.64
7992,4458,2022-08-22,,41661.36
11822,4047,2024-11-18,Net Banking,
2996,64,2020-11-24,Cash on Delivery,211949.7
5397,685,2022-07-16,UPI,114291.27
19853,394,2023-11-21,Credit Card,120532.68
13894,2015,2025-07-02,Credit Card,463605.7
15725,2122,2019-08-22,UPI,127437.18
12554,610,2024-09-26,Cash on Delivery,284321.29
10506,3156,2025-12-22,Debit Card,219892.23
5351,2018,2022-04-20,UPI,364475.48
9611,2674,2021-03-10,Debit Card,144881.24
17537,3096,2022-07-26,UPI,213654.0
4178,4977,2021-12-16,net banking,187574.3
11983,4126,2024-05-24,Net Banking,66007.72
13065,945,2024-03-16,cash on delivery,151943.7
9648,3886,2023-08-17,UPI,233177.98
2759,2211,2023-11-19,Debit Card,304943.25
5598,512,2025-12-01,Cash on Delivery,209059.1
13686,4058,2024-09-27,Debit Card,146163.09
16380,2138,2022-09-10,,100647.12
10166,3092,2020-11-19,Net Banking,290918.64
8254,4752,2023-01-30,UPI,126085.64
4953,2311,2025-03-23,Net Banking,383805.06
12472,2433,2023-04-03,Credit Card,330733.21
18465,809,2024-03-15,Net Banking,255774.4
9179,932,2023-03-09,Cash on Delivery,282307.62
15535,1822,2024-06-10,Net Banking,143608.21
15951,4896,2025-06-27,,44545.22
15935,676,2020-07-25,Cash on Delivery,
5331,576,2025-09-28,UPI,44846.13
14617,3858,2024-05-03,Cash on Delivery,202298.15
277,1223,2025-12-10,Cash on Delivery,130448.06
5660,4887,2023-09-30,UPI,120470.51
8546,2628,2025-03-22,Net Banking,
9482,1698,2024-02-28,Debit Card,78194.45
8473,3410,2021-11-07,Cash on Delivery,134717.02
11003,3972,2023-11-24,Credit Card,124955.8
13810,1102,2020-09-01,UPI,105821.67
6411,2070,2023-03-08,Cash on Delivery,135770.24
2048,1744,2025-07-25,UPI,225030.1
12707,3997,2022-09-26,Debit Card,216889.05
15095,4881,2025-09-02,Debit Card ,277174.32
3202,4236,2023-06-18,Debit Card,101882.94
15516,2492,2024-11-13,,155770.0
16949,3680,2024-07-14,DEBIT CARD,107656.85
16255,3447,2025-04-09,Net Banking,35691.86
9739,1213,2025-09-19,Debit Card,90794.15
18556,1312,2024-08-23,Net Banking,211008.9
15202,2185,2024-12-02,UPI,6869.45
5160,1238,2024-11-04,Debit Card,298478.69
19610,3195,2023-05-09,Debit Card,288292.75
14930,1909,2025-03-21,Credit Card,82598.4
2289,2551,2025-09-09,Debit Card,149383.35
10168,4698,2022-03-20,Debit Card,108465.55
18065,1922,2021-02-16,Credit Card,240220.82
6194,161,2025-01-07,Cash on Delivery,287113.92
12107,3699,2025-07-09,UPI,340632.08
7137,1120,2025-11-01,UPI,71452.7
11724,3843,2025-07-18,Net Banking,106957.74
3081,2173,2025-09-29,,350490.04
3324,354,2025-11-26,Credit Card,50971.98
4212,2078,2025-01-17,Cash on Delivery,
5461,4119,2021-04-15,Cash on Delivery,140764.29
17669,961,2025-08-26,Net Banking,286988.35
15328,4990,2025-03-16,Debit Card,145109.8
17386,3000,2024-01-07,Debit Card,78047.98
19413,2446,2023-05-26,Cash on Delivery,68901.52
7266,938,2022-02-08,Cash on Delivery,108951.06
9831,3080,2024-09-06,Net Banking,545705.63
13769,2781,2025-10-30,Net Banking,113277.2
1359,1139,2025-09-26,Cash on Delivery,4480.8
2650,2573,2025-09-29,UPI,493079.22
2193,3988,2023-05-25,UPI,229404.6
17040,3962,2025-08-04,debit card,156948.33
2909,3237,2025-09-14,Credit Card,401687.29
16436,3932,2024-11-24,Net Banking,244177.82
9976,170,2024-08-08,Cash on Delivery,115649.42
12270,4020,2024-01-03,Credit Card,
537,4785,2022-12-31,Debit Card,129393.13
8829,3909,2023-08-09,,59259.96
5629,131,2021-08-30,Credit Card,
11860,3062,2023-11-17,Cash on Delivery,162065.86
3503,3674,2024-10-17,Net Banking,199175.59
609,3929,2024-10-16,UPI,116829.21
16412,947,2023-02-20,,211326.3
5450,3939,2021-09-26,Net Banking,218606.8
17690,832,2025-05-13,UPI,160005.7
630,4909,2025-01-08,Debit Card,31238.11
3391,4764,2025-06-26,,121115.06
9746,4954,2020-05-10,Net Banking,199795.5
14726,634,2023-05-20,Debit Card,210448.3
3135,3047,2020-02-18,Cash on Delivery,178872.4
10650,4884,2024-12-02,Net Banking,250859.63
8941,2507,2022-11-03,Debit Card,226155.89
3600,4414,2024-06-24,UPI,21615.47
7870,4849,2022-12-22,debit card,235412.68
3598,3016,2022-02-21,UPI,24500.26
13246,363,2025-10-27,Credit Card,341776.9
13532,3863,2024-08-10,Debit Card,219454.9
10937,1268,2023-03-15,Net Banking,40032.24
19096,1903,2021-10-05,Cash on Delivery,249110.15
2419,2578,2023-06-14,Cash on Delivery,83304.84
12655,511,2023-10-15,Debit Card,86513.56
16746,2277,2022-11-23,Credit Card,95742.9
9553,1920,2025-09-17,Debit Card,56134.66
3979,1042,2021-08-10,UPI,462077.05
7100,3409,2025-01-08,Debit Card,173640.28
14747,4535,2025-07-06,Debit Card,9460.82
8635,3273,2023-09-06,UPI,295471.45
15473,3939,2025-12-23,Debit Card,175872.85
10045,3104,2024-12-28,Cash on Delivery,54536.22
10841,4081,2019-12-05,Net Banking,191539.52
817,2296,2025-11-02,Credit Card,407993.02
18652,1169,2024-11-29,Net Banking,137920.6
16894,3382,2024-11-20,Cash on Delivery,63379.46
2571,2424,2025-06-10,Credit Card,290912.61
2704,3376,2024-10-04,Debit Card,405026.3
1496,3296,2024-07-21,Cash on Delivery,312015.63
18769,1246,2024-07-09,UPI,338699.43
5575,665,2021-03-05,Credit Card,60659.93
10286,2110,2025-08-20,Debit Card,350370.13
3370,1045,2022-04-11,Net Banking,55718.24
3325,3446,2023-04-20,Cash on Delivery,16367.53
13960,1124,2019-08-15,Cash on Delivery,151107.09
17980,1268,2025-12-31,Credit Card,308243.94
19021,2656,2020-09-06,Net Banking,38731.5
5148,45,2024-10-01,Cash on Delivery,24397.28
3159,331,2024-07-31,Net Banking,83515.35
14936,3227,2025-11-06,Cash on Delivery,221183.34
1318,488,2025-04-20,Credit Card,261963.11
8646,4873,2024-08-12,Credit Card,59318.32
7935,2737,2023-02-11,Credit Card,270895.21
2060,1292,2023-10-01,Net Banking,85970.66
1264,2480,2022-10-22,Debit Card,15968.06
14275,334,2021-12-10,Cash on Delivery,152532.35
12548,4841,2025-01-20,Cash on Delivery,244110.83
376,1062,2022-10-25,UPI,142901.66
12914,3047,2021-05-27,Cash on Delivery,380408.34
15212,565,2025-12-26, Net Banking ,35743.0
12858,1574,2024-03-21,Credit Card,73659.69
6212,4317,2024-02-06,Cash On Delivery ,61449.27
10877,1201,2022-05-03,UPI,239916.34
10924,4251,2025-03-14,Cash on Delivery,194636.81
11879,4258,2025-04-10,Cash on Delivery,98559.35
9853,4345,2024-11-24,credit card,163568.87
7705,3814,2023-04-05,Debit Card,263299.85
11205,66,2025-12-29,Cash on Delivery,113982.84
13717,1325,2023-10-13, Net Banking ,
17686,435,2024-07-08,Net Banking,19235.05
60,474,2023-03-15,Debit Card,118562.36
290,200,2025-07-03,UPI,237004.68
1524,4580,2024-02-16,UPI,268040.69
8619,3384,2025-02-07,Debit Card,83657.31
13757,588,2025-09-19,Cash on Delivery,45046.18
13241,3207,2024-11-28,Debit Card,124641.95
14014,4290,2023-05-17,Credit Card,173725.4
8638,1711,2025-06-09,UPI,174855.89
1720,2969,2022-08-06,Cash on Delivery,28932.45
6748,1565,2023-11-23,Credit Card,415013.66
1523,4653,2021-10-05,Debit Card,18519.31
8927,4106,2025-03-06,UPI,171150.17
8320,810,2025-09-29,Cash on Delivery,218257.08
2966,3285,2023-03-23,Net Banking,414785.66
7470,4264,2025-10-21,Net Banking,78054.91
11674,114,2020-02-19,Credit Card,50431.4
19904,1311,2024-11-24,Debit Card,292807.81
12114,1010,2025-07-01,UPI,170869.65
6093,351,2023-12-13,Credit Card,205044.4
7350,1618,2021-07-06,Credit Card,174564.06
9102,2741,2024-07-03,Cash on Delivery,127424.24
6908,1592,2024-11-12,Credit Card,120278.54
8647,3025,2024-09-02,Credit Card,109076.38
8964,1226,2023-08-19,Net Banking,
18912,2014,2025-10-16,Debit Card,103472.83
272,3789,2024-09-18,Debit Card,100693.47
5856,824,2023-06-09,Credit Card,400672.32
9031,1211,2023-07-04,UPI,46259.24
10049,143,2024-06-06,UPI,264931.34
12712,1833,2022-06-17,Credit Card,130671.98
4505,1291,2022-07-12,,
3846,383,2022-08-05,UPI,99340.21
6925,216,2024-12-20,Net Banking,468.2
9201,4684,2025-07-14,UPI,315341.65
17310,2011,2025-09-05,Debit Card,419425.3
5932,765,2025-07-19,Cash on Delivery,41361.86
8132,2716,2024-10-11,Debit Card,258165.44
12886,3991,2024-01-22,Debit Card,169481.47
10311,4674,2024-10-12,Cash On Delivery ,115745.94
883,1293,2023-08-07,UPI,137955.31
10193,2606,2022-06-16,Cash on Delivery,181268.64
1132,1168,2025-11-22,Credit Card,345144.89
17008,4092,2025-03-16,Cash on Delivery,163818.7
1914,1472,2024-09-29,,190194.5
6247,523,2022-05-20,Net Banking,134512.8
7024,533,2025-05-11,Credit Card,171202.64
10914,1789,2025-06-04,Debit Card,274644.11
6294,2908,2024-07-18,Net Banking ,205890.92
13837,3623,2024-08-30,Credit Card,213314.82
10351,2203,2024-01-15,UPI,106132.14
9187,624,2023-12-08,Cash on Delivery,266457.39
8682,4857,2020-03-18,Credit Card,16364.51
78,3386,2025-04-11,Credit Card,32197.12
4356,2623,2025-01-29,Debit Card,53235.03
7380,3674,2025-07-31,Credit Card,223106.93
3692,3910,2023-06-14,Credit Card,24690.02
9496,978,2024-03-08,Net Banking,28107.81
19166,4228,2025-03-28,Net Banking,174973.45
4092,4218,2025-01-28,Credit Card,266216.36
1200,1393,2025-03-23,Credit Card,66939.54
8550,912,2023-05-15,credit card,17378.0
13976,2632,2022-01-29,Credit Card,264927.18
18223,1696,2024-09-23,Credit Card,217664.68
13325,3151,2023-02-13,Net Banking,221751.71
16231,3419,2020-04-03,UPI,488240.09
3655,2749,2021-04-21,Net Banking,252399.14
1709,3633,2025-09-09,Net Banking,197693.16
3839,452,2024-07-23,Cash on Delivery,167678.94
6813,4854,2025-11-06,Net Banking,102089.98
1041,3739,2025-04-28,UPI,230268.63
16280,250,2025-12-12,Debit Card,202488.73
14765,958,2025-10-19,UPI,98329.23
4121,2375,2024-02-28,Debit Card,29310.66
6613,3408,2025-12-05,Debit Card,162828.64
10516,188,2025-02-07,Net Banking,72737.22
14639,4933,2023-11-25,Cash on Delivery,305082.14
2056,4901,2025-08-19,Debit Card,211465.46
17697,1983,2025-05-03,Cash on Delivery,392824.16
10358,4405,2024-04-23,Debit Card,167933.7
6018,1019,2024-03-04,UPI,114730.62
18182,159,2023-12-20,,228190.8
11678,575,2023-08-28,UPI,229915.05
2575,3618,2025-06-06,Net Banking,160101.24
9614,1920,2023-04-27,Cash on Delivery,
3674,773,2024-11-05,Net Banking,110642.72
925,217,2025-02-22,UPI,204197.19
12907,736,2020-12-20, UPI ,20987.84
6807,2243,2025-01-10,CREDIT CARD,81638.11
10714,1146,2022-02-03,Net Banking,46719.14
684,2415,2023-10-17,Net Banking,159005.58
5144,2642,2024-03-08,UPI,134028.4
4282,1523,2021-03-14,Net Banking,194504.12
1454,3541,2025-07-02,UPI,
13270,3110,2025-03-06,Cash on Delivery,182006.98
2843,2672,2023-05-20,Debit Card,100362.12
8801,2160,2021-12-03,,100772.44
3652,51,2023-02-12,Cash on Delivery,71718.76
4557,1417,2024-05-11,Net Banking,265066.47
13406,1931,2024-11-10,UPI,307717.98
7218,509,2025-02-21,Credit Card,222566.88
4347,4622,2024-09-12,Cash on Delivery,17847.86
14329,2199,2025-04-22,Cash on Delivery,243130.19
2669,69,2024-11-29,Debit Card,111908.97
852,1914,2024-03-05,UPI,132161.95
1802,271,2025-09-24,Credit Card,126433.16
16446,4487,2023-05-23, UPI ,188269.95
12295,3412,2022-11-14,Cash on Delivery,202321.9
11722,4491,2025-03-11,Cash on Delivery,67147.17
1554,3231,2021-02-04,UPI,119794.12
11442,2050,2024-12-22,Debit Card,165773.0
17584,2390,2021-08-03,UPI,176971.98
2969,4898,2021-03-06,credit card,190717.26
7336,213,2025-12-17,Net Banking,181800.44
570,1275,2025-08-26, Debit Card ,318851.59
7190,4030,2024-08-26,UPI,87146.64
3679,2093,2025-02-18,UPI,269400.91
16329,1923,2025-02-28,Credit Card,197002.96
10808,2279,2022-08-15,Cash on Delivery,129721.17
19167,85,2023-03-06,UPI,75766.28
16249,4509,2025-08-16,Credit Card,22662.66
15022,975,2023-07-02,upi,104383.59
15333,1077,2025-07-12,UPI,99741.59
17057,2563,2022-06-20, nan ,169674.6
15922,1796,2024-12-17,DEBIT CARD,216230.46
14495,4017,2024-05-15,Net Banking,9538.03
12606,3789,2025-10-14,Debit Card,50125.02
1081,3561,2025-10-10,Net Banking,316261.0
7446,4635,2022-05-07,Debit Card,309341.62
207,1774,2024-12-23,Debit Card,439702.79
17948,2284,2025-12-10,Credit Card,259366.82
3241,3727,2022-02-09,Cash on Delivery,135466.71
16176,3236,2022-10-18,Debit Card,190872.95
8520,1134,2023-07-04,Credit Card,332558.04
3096,4328,2025-09-18,Debit Card,110151.34
10563,696,2025-07-18,Cash on Delivery,34370.0
10689,1559,2025-03-04,Credit Card,177937.5
13619,3646,2023-07-27, Debit Card ,91189.3
19339,1488,2024-06-10,Credit Card,316481.47
6076,3389,2025-02-25,,49010.94
3490,4352,2022-03-09,Net Banking,164467.34
1985,2871,2025-12-24,Debit Card,141671.05
6571,2129,2023-07-09,Net Banking,109195.55
19061,2469,2022-10-03,,344307.07
13615,1925,2020-09-09,Net Banking,76864.35
17347,2597,2023-10-14,UPI,462676.66
15884,4275,2023-11-26,Cash on Delivery,67203.2
13595,204,2023-03-17,Debit Card,643677.47
6213,604,2024-06-29,UPI,551864.19
10445,3055,2023-10-16,Net Banking,172842.57
7283,2718,2022-05-31,Debit Card,169822.41
3445,1831,2025-12-20,Credit Card,170621.56
12466,3278,2025-03-12,Debit Card,233653.45
3891,1838,2024-01-11,Upi ,171426.72
14773,4777,2025-04-03,credit card,95082.57
6827,3323,2022-11-06,UPI,119927.43
8819,435,2024-06-25,UPI,334984.55
18335,102,2023-07-30,Cash on Delivery,151759.43
9392,571,2024-09-10,Cash On Delivery ,44129.08
4456,4563,2022-02-24,Credit Card,100446.04
3844,2107,2021-03-21,Credit Card,97115.6
62,299,2025-07-23,Net Banking,61160.7
14592,4958,2021-10-29,Cash on Delivery,20824.68
7697,3860,2025-06-03,Net Banking,191046.1
19427,146,2025-10-16,Credit Card,223933.32
14698,671,2024-09-20,upi,22715.8
9234,2678,2025-11-08,Credit Card,118213.41
18998,3969,2025-05-15,Credit Card,114015.45
707,2042,2025-11-02,Net Banking,262629.41
933,4523,2024-11-24,Net Banking,287737.63
19198,4984,2025-10-17,Credit Card,639614.22
19480,1167,2020-10-01,UPI,32521.78
3671,1384,2021-10-29,UPI,9537.1
12483,891,2024-07-14,Credit Card,251449.38
19396,2624,2025-09-02,NET BANKING,73715.1
14884,4323,2022-08-19,Debit Card,113403.39
2200,1127,2024-11-18,Debit Card,341928.12
10085,3180,2025-01-02,Debit Card,131830.11
5439,3272,2025-04-22,,68063.55
8700,3607,2024-10-08,Credit Card,171369.17
863,708,2025-07-22,Net Banking,166136.65
3849,3809,2025-03-02,Credit Card,229467.43
4754,4980,2025-07-16,Net Banking,91106.19
12124,3588,2022-10-19,,279777.1
5813,3611,2025-06-16,Cash On Delivery ,315287.69
3729,1705,2024-11-09,Debit Card,75557.4
17034,1156,2024-03-02,Net Banking,225846.41
19576,4749,2022-07-10,Net Banking,252606.7
6199,3688,2023-12-02,UPI,133443.8
3546,2592,2021-08-15,Cash on Delivery,217543.76
17715,4580,2025-12-08,Debit Card,160130.43
7889,3134,2023-05-25,UPI,251807.99
3276,1318,2023-05-30,Net Banking,225407.48
12356,180,2023-08-28,cash on delivery,235736.78
1461,564,2024-11-28,Net Banking,282651.72
5887,4916,2025-04-27,net banking,462548.8
8180,3069,2024-11-01,Net Banking,297873.04
7029,2098,2022-05-31,Debit Card,127023.98
11702,2389,2022-10-30,Debit Card,
43,733,2025-03-26,UPI,170940.16
3073,4560,2023-01-30,Credit Card,161119.49
15504,340,2025-01-01,UPI,571700.62
9706,780,2023-04-09,Cash on Delivery,150926.7
1233,2163,2023-03-17,UPI,120731.4
4839,497,2025-05-06,Debit Card,76092.4
13807,3881,2024-12-22,Net Banking,20886.86
18447,743,2022-10-31,UPI,71114.86
15471,3327,2024-09-29,,211938.23
17858,2154,2024-10-13,Net Banking,265075.38
14782,681,2023-11-13,Net Banking,171952.76
4770,849,2024-02-07,Credit Card,184685.6
11452,1573,2024-05-01,DEBIT CARD,132787.0
2786,4629,2024-09-29,Credit Card,98390.5
4873,3785,2024-10-09,Net Banking,43319.76
6374,2877,2023-03-08,Net Banking,9788.26
4410,786,2024-01-31,UPI,329829.56
2401,545,2020-05-13,Net Banking,440367.88
2689,1657,2024-12-24,UPI,275934.08
13503,2149,2023-03-17,Net Banking,
13482,852,2024-01-12,Cash on Delivery,57678.6
17968,567,2025-06-04,Cash on Delivery,281297.21
2197,294,2024-04-11,UPI,31765.8
2009,408,2022-10-07,Debit Card,281632.77
9479,624,2022-07-05,Cash on Delivery,78965.46
19894,4727,2025-06-12,,225248.14
4722,213,2024-06-03,Net Banking ,305476.56
9684,1402,2022-06-04,Credit Card,258012.93
18900,2240,2025-01-20,Net Banking,111275.04
7820,973,2020-06-27,,131612.15
9192,1766,2024-10-12,Debit Card,143044.15
1579,1379,2024-04-16,Credit Card,89007.06
2,411,2025-12-25,,134119.89
7788,3412,2021-07-11,net banking,206623.87
14651,3214,2022-07-30,UPI,92404.16
15747,2976,2024-08-15,,
18318,191,2024-01-30,UPI,262088.23
1882,4610,2025-07-14,Cash on Delivery,104868.03
7844,1075,2025-06-29,,87764.4
7500,3179,2024-06-11,Net Banking,198072.28
11478,4023,2025-08-27,Debit Card,96735.74
12303,1785,2025-11-18,,35392.08
13754,3413,2023-06-03,Credit Card,242137.97
6079,2034,2024-10-12,UPI,169526.93
168,3246,2020-12-04,Cash on Delivery,120681.25
18717,2958,2024-12-09,Net Banking,134167.9
1712,2700,2025-04-30,Debit Card,190383.88
14562,1134,2023-07-18,UPI,43828.32
11858,576,2021-05-22,Debit Card,31037.23
7443,1336,2024-02-25, UPI ,140931.86
19595,2563,2023-10-04,DEBIT CARD,137812.6
12535,881,2022-02-13,Net Banking,502681.05
13773,2968,2020-03-17,Net Banking ,340541.06
1614,2958,2024-06-07,Credit Card,364647.64
4913,2453,2024-10-18,Net Banking,297814.84
11397,3945,2024-06-16,Net Banking,88003.85
13319,4188,2022-06-21,Debit Card,188244.4
16167,1580,2025-01-30,Credit Card,182091.8
19294,2063,2025-02-18,Credit Card,258446.38
8253,2100,2023-11-22, Net Banking ,144759.35
15059,2475,2025-11-10,Cash on Delivery,32574.85
15573,4392,2024-02-13,Cash on Delivery,65472.84
13583,2381,2023-12-25,UPI,252655.66
11279,4435,2025-01-20,Net Banking,226431.56
10375,960,2023-06-21,Credit Card,103862.91
8937,1230,2023-09-08, Debit Card ,184334.93
7249,4322,2020-10-28,Cash On Delivery ,15754.2
2441,4812,2021-10-30,UPI,212027.79
1636,3499,2021-03-03,Debit Card,377905.95
19655,3686,2024-01-04,UPI,70821.0
1257,3491,2020-12-13,Credit Card,278617.44
363,76,2023-10-07,Credit Card,205060.52
11947,379,2022-03-23,Net Banking,428879.49
3048,2781,2024-09-28,Cash on Delivery,232859.81
3367,2441,2019-11-24,UPI,56457.18
885,4835,2024-07-01,Net Banking,97544.13
17337,92,2024-05-20,UPI,177112.9
7625,4260,2021-12-16,Debit Card,97428.05
15498,3703,2024-10-11,Net Banking,232601.47
5819,1456,2025-01-17,Credit Card,99189.38
14608,111,2025-11-23,UPI,106691.35
17625,888,2024-06-17,Cash on Delivery,155210.73
13998,3560,2023-01-06,Net Banking,155337.37
4757,3772,2025-11-24,Debit Card,118981.96
7243,1228,2025-01-22,Debit Card,322480.8
13833,2550,2025-10-26,Cash on Delivery,64837.38
467,2512,2022-06-11, Cash on Delivery ,223832.44
14849,917,2025-04-28,Debit Card,360016.26
18422,82,2021-12-26,UPI,60830.0
5717,3582,2024-02-12,Net Banking ,40834.55
18817,708,2025-11-14,Net Banking,261138.14
11065,1418,2023-11-30,,355929.7
13059,539,2024-12-29,Credit Card,238122.62
3386,3206,2025-05-25,Cash on Delivery,133704.12
12796,905,2021-11-18,Cash On Delivery ,133075.95
13401,4113,2025-04-03,Cash on Delivery,269961.29
19789,4304,2025-04-14,UPI,150376.21
18513,1775,2025-10-14,Debit Card ,65328.35
4764,1961,2024-10-29,Credit Card,195417.44
8293,357,2024-07-01,Debit Card,83009.05
3427,3753,2024-12-11,Cash on Delivery,378012.26
14516,3879,2024-12-27,Debit Card,265039.99
7653,597,2020-09-05,Cash on Delivery,11644.3
3115,217,2023-10-28,Net Banking,34949.03
10944,187,2023-06-23,UPI,98409.75
1673,82,2022-06-08,UPI,159548.4
19498,1631,2024-04-04,UPI,348018.46
6865,2018,2023-05-04,credit card,35822.35
18370,1975,2025-04-19,UPI,379699.12
2974,129,2024-12-25,Credit Card,412828.69
17538,2917,2025-03-07, Debit Card ,111255.55
19041,4536,2022-11-03,UPI,296572.71
15511,2590,2025-04-22,Debit Card,85221.96
17413,1217,2022-06-09,Credit Card,180482.82
17433,789,2024-03-09,Credit Card,150045.55
5344,807,2024-07-11,Cash on Delivery,218058.18
14135,330,2024-01-04,Debit Card,165263.16
19052,3532,2025-02-17,UPI,521098.33
7117,1098,2024-06-21,Cash on Delivery,180070.38
15758,1187,2025-02-13,UPI,154084.59
16347,1281,2025-05-20,Credit Card,301581.67
13110,1511,2025-01-15,Debit Card,216128.81
19244,4891,2025-01-28,Credit Card,176452.15
17492,1278,2025-05-27,Debit Card,194305.42
8864,3310,2025-08-29,UPI,150781.6
7541,624,2024-02-14,Cash on Delivery,256393.37
9506,3276,2023-01-10,Credit Card,
9071,1085,2025-03-07,Cash on Delivery,208542.8
6476,2116,2025-09-02,Upi ,43180.63
11319,698,2024-11-03,Credit Card,177204.54
3821,2559,2025-11-20,UPI,20783.92
6878,457,2019-10-18,UPI,207749.08
949,1191,2022-12-09,,55749.9
2075,2616,2023-11-28,Debit Card,227473.94
4483,2411,2025-10-18,,
4143,314,2025-11-13,Debit Card,98239.6
14469,2801,2025-04-21,Net Banking,241288.87
2442,2508,2023-04-17,Debit Card,83033.25
17037,1957,2021-10-05,Credit Card,221098.79
2991,4581,2025-06-12,Credit Card,85076.66
15200,1099,2024-08-02,Credit Card,268282.0
10111,1063,2023-11-12,UPI,249565.66
9189,2837,2025-06-22,Net Banking,209300.3
3446,4511,2024-12-16,UPI,173277.61
525,1458,2023-10-31,Cash on Delivery,259946.06
3986,4458,2023-04-12,UPI,329244.1
658,3578,2022-06-07, Credit Card ,303303.56
2754,3024,2022-06-26,Net Banking,97013.12
3268,3716,2021-12-08,UPI,151152.03
11034,4424,2025-11-21,UPI,93008.19
15113,4893,2022-01-12,Debit Card ,154176.6
13724,2033,2024-01-26,Net Banking ,195891.69
2852,3866,2022-06-15,Net Banking,234174.92
1204,42,2021-05-04,,216861.6
2789,4920,2021-02-26,Credit Card,228663.14
7938,1447,2023-10-06,Cash on Delivery,425565.89
7947,4972,2024-03-23,Net Banking,71899.29
16522,783,2022-08-14,Net Banking,184411.65
6791,4776,2025-10-05,Credit Card,
9213,714,2025-08-30,Cash on Delivery,376127.29
9149,2311,2025-12-29,Net Banking,324959.45
9912,4919,2024-12-08,Cash on Delivery,183759.88
11196,1647,2022-06-06,Credit Card,45148.14
1851,1670,2024-06-07,Cash on Delivery,273612.21
1002,4323,2023-01-20,Net Banking,67340.27
455,4654,2021-01-03,Cash on Delivery,262518.94
1129,1910,2025-12-16,Credit Card,276076.51
8220,3898,2020-05-15,upi,44901.2
15004,2118,2025-02-04,Credit Card,199043.5
9308,604,2024-02-09,Debit Card,484870.42
5550,2456,2022-11-10,Net Banking,410021.62
17824,1019,2024-07-07,Debit Card,931.74
12726,4710,2024-03-23,UPI,137711.95
4747,537,2025-01-20,Net Banking,31013.26
12097,443,2025-10-10,Cash on Delivery,
1033,1424,2024-02-12,Debit Card,13551.92
13490,3353,2024-07-21,Debit Card,60750.41
19574,4658,2024-11-01, nan ,31639.45
17340,4259,2021-04-14,Credit Card,285526.35
11992,2410,2025-09-04,Net Banking,245812.43
15907,4002,2025-12-20,UPI,211971.17
1859,18,2019-11-27,Debit Card,110217.0
18637,2852,2023-10-18,Cash on Delivery,85423.8
15290,1396,2023-05-17,Net Banking ,238259.07
11584,3280,2021-09-02,UPI,237822.64
15404,3816,2025-09-15,Credit Card,258416.78
14607,2523,2023-06-13,Debit Card,128352.03
16752,1939,2023-01-09,Credit Card,62495.76
8691,1394,2023-01-09,Credit Card,16904.4
16861,3871,2021-04-11,Net Banking,260407.85
17875,288,2024-12-28,Cash on Delivery,133431.64
3464,4891,2019-09-06,,167915.39
7478,275,2020-02-28,UPI,275929.98
2807,2615,2021-12-14,Cash on Delivery,7970.18
8649,865,2023-01-15,Debit Card ,417166.3
6704,1082,2024-10-07,Net Banking,142329.36
14956,2646,2022-05-13,Credit Card,101763.55
1367,3567,2020-06-22,Credit Card,218953.83
11401,1028,2024-08-03,UPI,258471.79
4812,575,2024-01-23,Cash on Delivery,112608.62
19054,3153,2024-12-19,Net Banking,73342.53
8302,4350,2024-04-11,Net Banking,90607.79
16220,4034,2023-02-26,Credit Card,322792.78
18727,4123,2025-08-03,UPI,68861.61
11994,1341,2025-05-16,Credit Card,110593.81
380,4696,2024-03-11,UPI,182403.48
2667,3938,2023-12-11,UPI,48041.4
13972,1167,2024-08-30,Net Banking,248925.15
17510,2740,2025-12-23,Cash on Delivery,130699.53
4144,522,2025-11-28,Debit Card,111413.87
13600,1809,2024-05-20,Cash on Delivery,238945.93
5142,389,2023-10-20,Debit Card,309768.14
7904,4573,2024-11-20,Debit Card,68403.88
12683,4898,2023-05-23,Debit Card,33994.12
10903,4170,2024-07-04,Credit Card,244295.97
19177,2932,2025-10-29,Credit Card,31479.13
15166,240,2025-02-03,UPI,301865.6
10963,150,2021-11-24,Net Banking,49252.4
7140,367,2024-08-18,Credit Card,206894.99
16336,4368,2025-05-21,Net Banking,238941.49
18399,1700,2023-11-19,Credit Card,68617.29
19818,869,2022-04-26,UPI,107940.49
19967,4413,2025-03-08,UPI,234467.7
17522,1227,2025-08-23,Credit Card,378907.11
12658,3927,2023-02-28,Credit Card,372611.42
10821,1343,2023-05-22,Cash on Delivery,214509.52
4249,4385,2024-03-15,Debit Card,136221.9
5412,3276,2025-02-11,UPI,109591.07
967,4457,2024-06-25,Debit Card,195688.5
7812,3484,2023-04-25,UPI,455431.8
16534,3467,2024-04-21,Credit Card,186901.27
2099,931,2021-11-09,Credit Card,127894.7
1566,786,2024-08-26,cash on delivery,132044.88
8323,1518,2023-05-20,credit card,91375.0
4576,257,2023-12-03,Net Banking,
6075,118,2025-05-28,Credit Card,159097.07
7615,957,2021-02-15, Net Banking ,179901.69
1098,2224,2025-07-04,Cash on Delivery,186624.2
19287,3572,2025-01-11,UPI,69450.3
14146,4550,2020-02-10,Debit Card,138599.71
3672,2835,2024-07-17,UPI,510247.3
17964,4723,2022-04-17,Credit Card,45471.48
13974,794,2022-02-23,UPI,206603.55
8944,804,2022-05-13,Net Banking,279777.3
6398,3791,2023-02-05,,97583.6
1973,3072,2022-01-27,Debit Card,177080.86
713,2951,2025-06-23,Net Banking,298964.99
14661,2448,2020-10-02,UPI,30529.4
6909,525,2023-05-22,Cash on Delivery,87078.55
7673,592,2020-10-14,UPI,130990.47
5094,922,2025-06-28,Debit Card,107631.5
8825,3826,2025-01-18,Net Banking,
1630,2687,2021-03-26,Cash On Delivery ,242457.3
5401,2548,2022-04-13,UPI,257479.83
19803,3501,2023-09-25,Credit Card,153065.31
3624,3219,2024-11-27,UPI,132811.46
3939,117,2025-10-27, UPI ,247780.16
12203,4121,2025-11-26,UPI,270226.29
4272,2482,2022-01-15,Debit Card,13224.41
3291,4411,2024-08-12,Debit Card,126956.9
15728,1041,2023-09-01,Cash on Delivery,89292.08
5061,3242,2022-07-29,Debit Card,5797.08
18842,2114,2025-05-14,UPI,217649.85
11862,1379,2022-07-20,Cash on Delivery,220916.05
17895,3344,2025-05-03,Debit Card,380995.1
12172,1738,2021-05-02,Cash on Delivery,229872.95
4039,393,2021-07-25,UPI,186037.05
15953,1201,2024-04-04,UPI,331152.75
18360,3860,2021-11-12,CASH ON DELIVERY,86582.53
6940,485,2024-11-26,Credit Card,118567.48
10199,1440,2025-03-07,Cash on Delivery,163195.99
16359,2537,2023-09-18,Cash on Delivery,102551.56
640,3757,2025-12-16,Credit Card,491840.36
368,4754,2024-01-05,UPI,569541.06
17682,3994,2024-08-05,Debit Card,188967.89
1032,737,2024-11-16,Debit Card,67963.99
2563,3517,2023-10-24, UPI ,60498.18
1210,2493,2025-03-18,NET BANKING,149199.24
3900,3060,2023-06-27,Net Banking ,212299.12
19255,178,2024-11-13,Debit Card,71887.61
11428,4753,2023-09-26,Credit Card,144160.56
8841,1197,2020-03-21,UPI,134073.24
15423,2979,2023-11-01,Cash on Delivery,228488.75
4986,530,2025-12-19,UPI,116928.81
6942,1844,2023-09-30,Credit Card,16325.21
12450,3527,2023-05-02,NET BANKING,45243.77
4235,623,2022-01-24,Debit Card,49695.96
2377,2137,2025-08-05,Credit Card,99116.52
18469,3215,2024-06-18,Debit Card,66903.44
10792,4722,2025-10-07,,203207.45
450,355,2025-01-14,Cash on Delivery,114367.68
14892,2919,2025-12-20,Net Banking,153584.05
4602,903,2025-07-14,UPI,170324.52
591,3259,2025-09-15,Net Banking ,269128.98
5153,3959,2024-11-15,UPI,41557.68
18006,10,2024-12-16,Net Banking ,214527.83
19613,4759,2023-11-11,Cash on Delivery,191220.13
11281,663,2023-03-12,UPI,26928.6
14932,1084,2019-11-12,UPI,1818.56
11749,2716,2025-12-23,Credit Card,83535.0
14902,2258,2023-02-25,Debit Card,101766.96
11842,3021,2023-12-11,Debit Card,116073.75
7143,2041,2024-11-23,Credit Card,22787.08
14860,1956,2025-08-24,Credit Card,138829.77
2152,2965,2025-07-03,Net Banking,28096.07
4362,1253,2024-07-24,UPI,201961.65
7201,2414,2025-07-04,Debit Card,4782.18
6257,4287,2021-06-13,UPI,199022.4
4795,502,2025-11-04,Debit Card,99121.48
1106,2829,2021-05-27,Debit Card,71560.32
12449,1035,2021-10-08,UPI,163270.29
1396,616,2022-05-24,UPI,172479.05
18615,4442,2025-07-17,,97147.1
12549,2273,2025-03-21,Cash on Delivery,14430.9
19970,2053,2023-10-06,Cash on Delivery,
10492,4708,2024-10-04,UPI,194017.2
2601,1707,2023-03-10,Cash on Delivery,182195.98
740,1143,2023-02-20,Credit Card,380521.1
7040,2629,2022-04-16,Debit Card,84677.3
10965,4175,2021-12-12,,336732.37
142,4314,2023-06-20,UPI,239636.18
3848,3251,2025-05-04,Cash on Delivery,38552.82
6032,1832,2024-02-27,Credit Card,105542.35
3971,791,2022-08-18,UPI,154806.45
18107,3347,2022-06-21,Net Banking,140294.73
12514,673,2022-10-05,Credit Card,10786.4
3018,734,2021-05-30,Debit Card,68261.74
1595,2580,2025-11-23,Credit Card,292186.15
8756,2761,2019-12-29,Cash on Delivery,194540.3
38,828,2022-10-04,Cash on Delivery,222795.72
6074,4040,2024-03-19,Net Banking,34899.2
557,4436,2025-06-07,Cash on Delivery,285358.76
12435,2590,2023-06-03,,264790.83
12469,152,2024-09-02,Debit Card,136581.03
14043,4148,2020-08-24,UPI,34141.14
13965,3551,2024-02-11,Credit Card,300698.19
3602,1903,2024-04-10,Cash on Delivery,43327.86
7435,3540,2022-03-28,Debit Card,
5836,148,2023-08-24,Credit Card,218254.57
5360,2721,2024-06-30,Cash on Delivery,40581.4
6177,4922,2023-07-07,Net Banking,213882.15
10066,293,2023-10-04,Debit Card,273003.15
18251,1443,2024-05-26,Net Banking,287893.44
11839,1532,2024-07-10,Net Banking,117312.63
19839,2989,2023-08-03,Debit Card,45862.68
11946,4263,2023-12-02,Debit Card,65433.6
5167,2829,2022-06-24,Debit Card,287975.97
9537,4223,2021-04-25,Credit Card,358441.57
4798,2566,2023-09-23,UPI,223715.9
2849,575,2023-07-30,credit card,18295.95
15054,3649,2023-11-05,Cash On Delivery ,138348.68
14863,659,2025-12-06,Cash on Delivery,32172.24
15524,2711,2025-05-10,Cash on Delivery,44202.6
9251,1019,2025-11-18,,147822.8
8021,2916,2024-05-15,Net Banking,128500.5
3195,1293,2025-03-27,Net Banking,287181.33
9080,4585,2025-10-01,Credit Card,445222.5
14086,1830,2024-04-26,Cash on Delivery,257429.05
10354,2636,2023-04-12,Debit Card,105940.58
17724,726,2020-04-04, Credit Card ,135509.64
8589,2768,2023-05-25,Net Banking,213977.5
12138,2220,2021-02-22,Cash on Delivery,318633.35
12847,4257,2019-12-19,Debit Card,295502.4
4091,2173,2025-01-08,Debit Card,152636.33
13278,77,2024-08-19,Net Banking,199306.18
5816,876,2022-04-15,UPI,149089.08
9388,4859,2024-10-30,Cash on Delivery,438548.24
5357,2531,2020-04-06, Cash on Delivery ,193244.8
5878,1845,2025-07-25,Debit Card,195627.66
14301,3937,2023-11-18,Cash on Delivery,114455.4
18307,2935,2022-08-28,Debit Card,159050.6
15984,4274,2024-03-10,Debit Card,322710.84
2746,2266,2024-06-03, Credit Card ,186666.09
17417,3636,2021-10-17,Net Banking,306759.93
5243,4036,2022-03-07,UPI,91518.13
18776,1338,2022-02-13,Credit Card,58461.66
1143,3604,2022-01-20,Net Banking,158242.92
13076,3600,2022-07-09,UPI,151377.65
1289,5000,2021-07-15,Net Banking,106978.5
15312,3148,2021-12-19,Credit Card,197990.22
17193,2563,2022-12-09,,71925.3
10146,1851,2024-04-16,upi,281431.11
7783,4185,2023-11-13,,312520.52
9301,4018,2025-06-14,Cash on Delivery,312770.12
12578,1484,2025-09-17,Cash on Delivery,5674.58
12570,2589,2025-07-01,UPI,299710.26
2883,1199,2024-06-07,Credit Card,365301.5
9237,3826,2024-01-25,NET BANKING,21102.44
9633,395,2024-07-12,UPI,
11317,245,2022-06-22,Net Banking,163276.68
9601,477,2025-12-13,net banking,149965.52
10881,4525,2023-10-10,,36580.92
19322,861,2024-12-19,Net Banking,169022.54
17800,4604,2023-08-26,Credit Card,309262.01
4616,178,2023-07-26,Debit Card,90461.03
7668,4656,2025-03-03,UPI,17193.55
13153,35,2023-12-26, Cash on Delivery ,111426.78
16055,2065,2022-11-09,Cash on Delivery,
1167,4765,2025-04-09,Debit Card,231607.53
4107,3179,2023-07-27,NET BANKING,5393.07
2828,1645,2022-10-25,,234742.9
8418,220,2025-05-20, Net Banking ,166187.78
2255,918,2024-02-12,Net Banking,163170.13
3372,3121,2024-04-21,Debit Card,355226.85
9472,4999,2022-07-12,Net Banking,194523.96
2053,1902,2025-03-01,,281055.57
464,4071,2023-07-04,Cash on Delivery,123249.76
14257,55,2025-08-06,upi,324479.18
1905,4878,2023-03-18, Credit Card ,309290.36
11460,843,2019-09-01,,329109.94
13307,1751,2025-07-31,Net Banking,218066.12
16718,2561,2022-05-12,UPI,352606.2
10370,1599,2025-04-07,cash on delivery,400122.98
15862,3551,2020-06-06,Net Banking,130300.27
12690,4767,2023-01-22,UPI,409220.0
16876,3636,2021-02-11,Credit Card,137803.0
6705,4942,2024-05-08,Net Banking,95739.0
9156,2978,2023-07-05,Credit Card,239670.46
12932,3870,2023-05-02,Debit Card,261429.27
8406,3980,2025-09-10,Credit Card,193763.94
9091,569,2023-08-29,Cash on Delivery,141466.77
4385,2400,2025-03-31,Credit Card,12074.8
1223,4421,2025-05-22,Net Banking,203708.6
965,2207,2022-12-23,UPI,473985.23
18624,719,2025-10-01,,125115.4
17185,4949,2024-07-26,Cash on Delivery,73411.65
1277,4579,2022-08-19,Cash on Delivery,98016.71
19624,4863,2022-12-22,UPI,56179.45
520,1773,2021-10-29,Credit Card,235967.76
9752,652,2025-02-09,Credit Card,63598.62
2946,1093,2025-07-25,Credit Card,80308.24
11989,3787,2024-04-24,Debit Card,165331.34
16468,4443,2021-07-28,Net Banking,417671.68
11404,1074,2021-10-17,Credit Card,154790.3
3830,3071,2024-06-14,Net Banking,206341.82
2885,3997,2022-10-03,Debit Card,224501.07
1606,4300,2023-10-21,,129657.2
4817,499,2025-03-08,Cash on Delivery,85975.05
6506,4691,2023-04-06,UPI,201407.45
1744,3703,2025-08-06,Cash on Delivery,178350.02
17911,3351,2023-09-25,UPI,235170.9
16365,1100,2024-11-28,Credit Card,147855.0
5902,3983,2023-09-11,UPI,200163.25
16439,4992,2025-03-22,Credit Card,20353.35
3974,4668,2024-03-12,Debit Card,266541.47
5301,1136,2024-09-08, UPI ,131106.37
16293,736,2022-12-12,debit card,182454.56
13212,4688,2023-10-27,Credit Card,75873.84
16634,1759,2021-12-16,Debit Card,341284.75
9307,1723,2022-10-03,Credit Card,30579.95
19962,4519,2024-12-12,Debit Card,83454.78
11608,4373,2023-12-09, UPI ,218178.9
18341,3842,2025-11-23,Credit Card,58739.55
1310,1377,2022-02-07,upi,19911.82
627,3856,2023-02-01,Net Banking,248240.85
1423,2713,2020-09-16,Credit Card,218142.13
7757,391,2025-01-16,Credit Card,90821.8
944,4255,2020-11-27,Credit Card,313918.34
15460,1566,2023-11-10,Net Banking,113691.39
1435,2568,2021-11-23,UPI,58106.07
5279,4670,2023-07-23,UPI,330766.65
18536,1568,2022-08-04,Debit Card,190539.59
800,2145,2023-05-17,Net Banking,244133.5
18729,4948,2022-08-11,Cash on Delivery,273871.94
19556,2618,2024-07-11,Cash on Delivery,184025.99
8681,296,2025-05-19,Cash on Delivery,303744.9
18161,3279,2024-03-13,Net Banking,65502.02
19431,3793,2025-06-26,Cash on Delivery,245138.27
17718,4043,2025-12-24,Cash on Delivery,165277.68
1197,3081,2023-11-25,Credit Card ,457087.57
14809,4596,2023-06-02,,104436.66
5621,3730,2024-08-08,Net Banking,124460.97
13494,1764,2025-05-16,UPI,77547.6
2902,3500,2024-05-26,Debit Card ,192095.22
7984,2490,2025-04-03,Debit Card,418292.51
1660,246,2025-10-28, nan ,257821.05
5377,4306,2024-05-31,Credit Card,114253.48
15018,1246,2025-11-11,Debit Card,139043.84
8025,1551,2024-06-19,Debit Card,308072.36
18030,166,2022-11-15,Cash on Delivery,25780.64
7128,294,2022-05-05,Net Banking,40929.34
3887,601,2024-05-17,Net Banking,191010.96
12317,4992,2023-08-27,Net Banking,32444.82
13000,3170,2023-12-06,Credit Card,306249.98
18305,3130,2024-11-17,UPI,163116.84
2266,1955,2022-09-04,UPI,388659.75
5767,4958,2025-11-04,Debit Card,456254.78
9414,3550,2021-09-15,Cash on Delivery,361267.66
5276,65,2024-07-17,Credit Card,230932.35
2214,1903,2024-05-01,Cash on Delivery,288535.24
7711,3357,2023-06-22,Debit Card,287214.95
10080,3776,2023-06-19,UPI,124863.0
19426,757,2024-01-29,Net Banking,212484.0
14547,4889,2023-07-24,credit card,413253.96
6262,4717,2025-08-15,Net Banking,204478.55
7623,3792,2022-10-15,,315010.77
11260,544,2021-01-19,Debit Card,265708.6
18117,3422,2025-08-25,Debit Card,275044.82
8064,1442,2020-10-21,,315165.71
7975,343,2022-08-05,UPI,119472.43
4926,1213,2024-05-12,UPI,267923.15
13890,3710,2022-07-06,Debit Card,13575.54
17900,958,2025-03-12,Debit Card,111258.58
15538,1423,2025-07-09,Net Banking,292985.2
3266,4608,2024-03-11,Debit Card,340976.12
496,931,2023-04-18,Debit Card,10562.97
2411,4592,2023-04-17,Credit Card,62958.9
12418,659,2023-08-01,Cash on Delivery,141099.35
12899,2978,2023-03-02,UPI,172548.35
12029,3305,2024-03-25,Cash on Delivery,193409.1
4889,1969,2021-11-04,Debit Card,236430.63
4705,3882,2023-07-12,UPI,12477.35
16783,3504,2025-12-21,DEBIT CARD,114875.88
19193,3672,2023-12-01,Debit Card,98154.42
14019,3857,2025-10-03,Debit Card,121689.63
3282,2735,2025-12-05,UPI,640.71
10035,3809,2024-04-18,UPI,37953.5
16206,2511,2023-07-06,UPI,382444.93
12607,1223,2024-06-22,Credit Card,134811.52
13124,4148,2023-04-15, Cash on Delivery ,64808.9
11927,146,2023-09-10,Cash on Delivery,178655.75
4343,4389,2024-09-13,cash on delivery,45945.66
12046,1093,2025-06-04,Debit Card,175276.8
1160,4688,2021-02-24,Credit Card,88224.12
17447,183,2021-08-04,,408598.93
5235,3586,2023-12-16,Net Banking,217892.4
8673,4911,2024-12-19,Net Banking,236021.2
9552,201,2025-12-27, Credit Card ,148548.26
14040,3112,2024-08-17,Debit Card,105557.02
1255,2263,2024-05-28,Cash on Delivery,40184.56
7661,3598,2024-08-03,Debit Card,178202.05
13268,611,2021-07-23,Debit Card,268123.79
1079,3993,2025-01-13,UPI,505822.92
13314,1613,2025-10-14,Debit Card,87603.21
8250,2009,2025-09-05,Debit Card,385837.4
1251,2382,2022-10-23,cash on delivery,240445.28
11480,676,2022-02-08,UPI,286684.14
15094,3148,2022-02-12,UPI,112001.44
4917,2090,2024-09-12,Credit Card,55486.72
6042,1397,2024-04-29,UPI,173347.32
203,2851,2022-02-18,Cash on Delivery,56665.18
9403,4697,2024-10-30,UPI,248030.6
1214,3968,2025-03-22,UPI,91818.91
9,4285,2024-03-22, Cash on Delivery ,425578.34
14882,3650,2022-11-15,Cash on Delivery,98700.7
8146,4625,2025-01-31,Net Banking,299630.27
5177,573,2024-04-26,Credit Card,304441.67
16425,1995,2024-05-01,Credit Card,148169.7
279,3118,2022-05-04,Cash on Delivery,472225.28
11738,4210,2024-05-09,UPI,29628.65
18672,2727,2025-03-12,UPI,292123.21
1872,3735,2022-10-14,Debit Card,343564.02
6730,3320,2024-11-29,Debit Card,130624.86
16054,2834,2024-06-01,UPI,85639.84
12893,290,2022-03-05,UPI,178216.68
77,3382,2023-10-26,Debit Card,
7793,1450,2024-07-14,Credit Card,36595.26
6377,1531,2025-09-21,UPI,183648.97
6896,3809,2023-06-01,Net Banking,125165.85
4345,377,2025-06-06,Cash on Delivery,369848.3
10222,2542,2025-12-27,Cash on Delivery,91849.92
13801,1018,2024-06-13,UPI,303649.84
16404,667,2023-01-22,UPI,160310.88
17050,4198,2022-12-31,Credit Card,278973.09
15814,321,2022-04-07,Cash on Delivery,113300.14
6528,4277,2021-09-07,DEBIT CARD,283735.77
19027,931,2023-01-23,Cash on Delivery,172704.09
1737,4880,2025-01-19,Debit Card,202381.34
15448,1191,2024-04-01,Net Banking,55786.67
15480,2488,2024-11-08,UPI,159866.93
12495,172,2024-06-18,Debit Card,141405.11
8879,1676,2024-10-15,Credit Card,258236.57
9810,3717,2023-10-30,Debit Card,200163.98
12996,741,2024-12-13,Net Banking,130687.34
13881,185,2023-08-02,Debit Card,18761.59
4979,379,2020-12-26,Cash on Delivery,58189.02
9919,2126,2022-12-22,Cash on Delivery,17728.25
13865,3184,2024-02-12,UPI,149339.88
259,2597,2025-09-27,Cash on Delivery,303718.92
8008,1915,2025-03-04,,207537.73
13589,1037,2020-08-17,Cash on Delivery,261598.73
19130,782,2021-03-16,Credit Card,55968.84
5171,1354,2025-06-07,Cash on Delivery,78145.6
15556,2361,2023-03-22,Credit Card,275271.4
8189,3144,2025-11-26,Upi ,212167.74
16288,2421,2023-12-27,UPI,336440.77
14544,696,2025-11-29,Debit Card,18423.43
12842,2005,2024-03-19,Net Banking,114495.83
17784,3710,2022-11-06,Net Banking,112637.54
5085,4863,2024-11-25,Cash on Delivery,187811.75
17335,1801,2025-04-19,Cash on Delivery,122244.27
6758,1272,2025-04-22,UPI,375844.8
9004,3872,2023-11-26,Debit Card,149706.66
7159,858,2024-04-01,DEBIT CARD,92570.78
11236,2406,2024-01-10,Cash on Delivery,65609.3
15718,2208,2024-03-17,UPI,279412.83
16221,3294,2024-04-26,Net Banking,152385.48
17322,1020,2023-02-24,UPI,114214.28
1798,642,2023-11-24,UPI,116772.6
5905,3086,2025-08-12,Debit Card,1822.92
14159,2951,2025-10-24,Debit Card,405881.55
18412,3920,2022-08-09,Credit Card,473946.34
15092,1322,2025-09-02,UPI,245399.05
853,4718,2022-01-26,UPI,203563.62
1987,2737,2022-05-12,Debit Card,112853.1
15280,4519,2025-11-25,Cash on Delivery,84858.37
5949,3081,2024-01-03,Cash On Delivery ,
7369,549,2022-08-24,Credit Card,121190.88
2501,1496,2021-06-21,Net Banking,135746.21
15136,700,2025-05-21,Net Banking,91910.19
11339,4763,2023-09-18,Cash on Delivery,215799.76
7052,4230,2025-04-05,Cash on Delivery,319189.09
3833,2260,2024-10-18,Debit Card,405030.95
13155,1213,2024-12-25,Cash on Delivery,133012.14
1063,2739,2020-06-16,Credit Card,307467.8
1694,4860,2023-01-26,Debit Card,111260.1
12137,2722,2024-06-16,Net Banking,35318.38
6775,1587,2019-12-03,Credit Card,236046.8
11629,1032,2023-06-20,UPI,75224.68
19306,4580,2024-11-12,Cash on Delivery,70370.31
13932,209,2021-09-30,Credit Card,164617.2
8639,2838,2024-04-07,Net Banking,335425.35
16455,2811,2021-11-16,Cash on Delivery,171585.93
10708,1668,2020-09-18,UPI,46684.64
15841,1886,2024-06-06,UPI,73081.13
11086,2870,2020-11-04,Credit Card,363144.03
15352,2529,2025-05-06,Credit Card,291192.04
6633,3208,2022-03-31,UPI,62161.84
5409,1618,2020-10-31,,265920.8
16064,4540,2023-11-08,Credit Card,170468.46
10000,55,2021-08-25,Credit Card,253846.38
16988,3109,2024-11-04,UPI,131812.53
18323,2132,2024-03-19,Credit Card,151180.3
5892,1324,2023-08-10,Cash on Delivery,64575.31
6123,3412,2025-06-25,UPI,297304.9
12350,4465,2025-07-18, Cash on Delivery ,41103.85
8794,2648,2024-08-23,Net Banking,59108.99
16779,2235,2020-10-03,Cash on Delivery,93382.32
10819,3525,2025-06-30,Cash on Delivery,46481.14
7341,3919,2025-11-12,UPI,216670.36
19947,3469,2025-04-15,Net Banking,211415.39
4707,3260,2025-03-15,Net Banking,77346.42
17567,799,2025-04-27,Debit Card,143587.24
12748,3999,2024-03-26,Net Banking,399777.31
12664,1855,2022-11-01,Cash on Delivery,88356.28
11576,1834,2022-12-09,Net Banking,60468.64
9002,4754,2023-02-05,UPI,220545.48
2985,4488,2023-03-14,Cash on Delivery,181601.6
7996,3395,2022-12-25,UPI,129478.06
15028,1710,2025-11-28,Credit Card,148281.64
14188,4993,2022-05-02,Credit Card,132361.24
2300,3870,2025-12-08,Credit Card,150488.9
14085,567,2024-06-24,Credit Card,
17005,4048,2024-06-18,Credit Card,14526.07
17462,4405,2023-08-07,Net Banking,10822.48
3567,2037,2025-01-16,Debit Card,282979.66
13358,4117,2023-06-17,Debit Card,28912.27
15999,1699,2023-09-03,UPI,346679.92
17383,3915,2024-07-15,Net Banking,67655.84
18472,1617,2025-03-23,Cash on Delivery,256989.68
18124,700,2025-01-07, UPI ,166488.36
19381,1148,2020-04-22,Net Banking,258136.81
10327,738,2025-11-20,Cash on Delivery,447640.26
16062,1443,2023-05-08,Credit Card,240423.59
16605,2799,2023-04-20,UPI,346878.05
8495,4640,2024-12-26,Debit Card,213293.15
12344,592,2021-12-18,Cash on Delivery,28910.96
15792,1054,2024-03-23,Credit Card,49829.0
18698,4927,2024-11-17,Cash on Delivery,
2847,1883,2024-06-14,Cash on Delivery,99243.38
15932,989,2024-07-25,Credit Card,129857.68
11082,4204,2024-07-27,UPI,156643.08
2384,993,2020-12-21,CREDIT CARD,154488.88
14280,2147,2021-01-12,Debit Card,213810.53
2067,2750,2021-08-14,Credit Card,211023.88
8611,4889,2024-02-14,Cash on Delivery,177733.95
13275,119,2024-05-07,UPI,18610.34
89,1512,2023-08-10,UPI,113181.06
6284,846,2021-12-07,UPI,300520.73
14059,2168,2024-09-21,Cash on Delivery,226380.53
17165,3828,2023-08-08,,239838.28
11481,275,2023-07-23,UPI,353172.58
5309,519,2024-11-29,Cash on Delivery,
12954,1817,2025-12-23,Net Banking,16806.83
15115,1696,2024-04-30,UPI,190999.5
9546,4135,2023-08-22,UPI,32495.05
10796,1635,2025-07-27,Net Banking,63373.76
11129,4093,2024-12-09,Debit Card,309963.93
5217,931,2021-09-17,UPI,255078.85
5152,841,2025-06-07,Cash on Delivery,226513.15
11320,506,2023-11-07,Net Banking,98249.25
1663,1680,2024-11-10,Nan ,103078.76
14834,3288,2025-02-24,UPI,398020.2
12371,3227,2023-07-15,Cash on Delivery,128750.4
9098,56,2024-07-30,debit card,193825.05
19866,418,2025-09-17,UPI,261493.44
971,2515,2024-09-05,UPI,377626.01
9131,108,2023-12-11,,296175.25
16533,2272,2024-06-28,Cash on Delivery,54261.44
3019,459,2025-07-16,Net Banking,80853.92
2868,3752,2025-04-28,Net Banking,105657.07
3092,2362,2021-03-11,,381135.84
283,3396,2024-09-17,Debit Card,108974.67
72,652,2024-10-08,Credit Card,113260.7
1240,3195,2024-04-29,Cash on Delivery,55792.66
10857,1705,2023-11-14,,47646.66
9445,321,2024-07-09,Cash on Delivery,114060.93
14254,2854,2025-03-24,Cash on Delivery,79658.31
1083,4086,2023-02-15,,212797.32
6979,353,2025-04-13,UPI,163486.07
14204,456,2023-06-26,,228552.22
1034,2873,2021-03-28,Net Banking,6562.53
11031,958,2024-10-29,,
9987,3172,2023-08-08,Debit Card,253949.46
17918,1799,2023-03-01,Credit Card,211235.11
1205,1015,2019-07-12,Net Banking,550912.85
10297,1959,2025-08-15,Credit Card,329752.03
9584,39,2023-12-29,Debit Card,166449.68
7811,1842,2024-10-20,Net Banking,192603.08
16920,4801,2024-06-05,NAN,313539.1
5210,3830,2025-04-12,UPI,138957.72
3175,3111,2024-03-11,Debit Card,61337.78
17284,2343,2023-05-08,Debit Card,98677.53
8004,1650,2024-11-14,Net Banking,111294.9
149,2194,2023-05-31,Credit Card,81449.64
11543,1747,2025-12-25,Debit Card,159225.17
10142,4112,2021-08-22,Net Banking,201064.91
19471,3381,2025-01-08,UPI,12205.82
12146,4518,2024-12-15,CREDIT CARD,140393.79
4358,1731,2024-09-29,Cash on Delivery,308802.77
1708,1782,2025-08-15,Debit Card,40264.44
17586,2489,2024-10-31,Cash on Delivery,22739.34
16679,4516,2025-02-07,Debit Card,139741.09
5746,3602,2025-09-01,Net Banking,61023.84
12325,1538,2020-12-09,Debit Card,46519.12
720,1070,2025-08-30,Debit Card,370477.88
6477,4385,2025-12-26,net banking,123082.35
16317,591,2020-05-28,UPI,306918.95
19257,4127,2025-07-27,Credit Card,106018.23
152,4303,2025-02-28,UPI,145820.26
17681,1254,2023-10-31,UPI,64847.01
16738,3979,2023-12-18,UPI,242753.93
18918,1606,2025-07-05,Credit Card,
4243,1680,2024-01-13,Cash on Delivery,270187.38
1314,1885,2022-05-14,Credit Card,234656.81
1069,160,2024-11-15,Net Banking,278405.84
6738,2695,2025-05-20,Cash on Delivery,124454.35
9683,4084,2024-12-01,Cash on Delivery,76997.88
7172,1444,2022-05-09,NET BANKING,257748.26
13091,1112,2024-02-16,Net Banking,61881.16
7023,3885,2019-08-28,,77143.4
16456,4560,2020-11-06,UPI,262244.64
12960,2275,2022-06-07, Debit Card ,121583.09
1658,4742,2023-02-15,UPI,221066.38
16722,4638,2025-01-03,UPI,323181.83
12049,4867,2023-01-03,Cash on Delivery,
17894,529,2024-05-15,Debit Card,78084.69
2873,2529,2025-06-26, Net Banking ,356335.39
3329,955,2024-03-04,Credit Card,274845.61
2304,4007,2023-06-07,UPI,23507.1
3304,3469,2024-05-04,Credit Card,185483.58
2133,3573,2022-03-23,UPI,313554.73
4097,2437,2025-02-28,CREDIT CARD,5617.08
11668,1851,2025-03-09,Credit Card,94461.95
12056,3850,2025-08-15,Cash on Delivery,207508.28
7960,1169,2025-08-21,Debit Card,181427.89
8414,2846,2022-01-26,Debit Card,246018.47
18947,23,2023-08-05,Debit Card,302825.13
3053,1602,2023-11-03,Cash on Delivery,80007.73
17717,3416,2023-03-15,Credit Card,155712.59
2145,2491,2023-10-27,Credit Card,370168.53
6300,120,2024-02-10,UPI,170706.69
16797,1663,2023-01-18,Net Banking,47556.55
17117,3980,2024-11-23,Debit Card,130999.46
11288,2182,2022-07-12,,199197.19
6416,1499,2025-03-28,Debit Card,59169.57
1286,4110,2024-06-12,Cash on Delivery,122986.9
16481,4660,2025-04-08,Cash on Delivery,152828.18
2657,905,2024-05-29,,292371.46
13210,2509,2024-04-20,UPI,40659.0
19656,4152,2025-08-02,Cash on Delivery,14883.9
3654,3623,2025-03-11,Net Banking,127537.47
7756,1772,2022-08-02,Debit Card,119624.52
7144,46,2024-08-07,Credit Card,260395.77
10196,1926,2023-12-15,Net Banking,214181.33
16512,2008,2023-12-11,Credit Card,308772.38
2854,1272,2023-11-07,Net Banking,30648.9
7075,1565,2023-01-21,Debit Card,347141.35
4770,849,2024-02-07,Credit Card,184685.6
14670,4142,2023-09-04,Net Banking,412954.99
12523,152,2024-01-12,,34212.24
17075,31,2024-11-22,Net Banking,79435.9
6525,3258,2020-04-03,Credit Card,10338.31
6202,2386,2022-11-03,Credit Card,234175.67
8298,4881,2025-11-12,Net Banking,94913.86
13905,46,2022-10-11,Credit Card,276813.22
3403,3025,2024-09-05,Net Banking,128179.57
11870,4369,2024-10-18,Cash on Delivery,237364.2
12904,1136,2025-03-23,Debit Card,390410.35
16144,607,2024-02-29,UPI,44383.28
2797,376,2019-01-24,Debit Card,6145.2
15359,794,2020-11-03,UPI,32368.65
2870,4144,2024-01-16,,247972.03
16225,2276,2024-05-25,debit card,335081.98
19520,3833,2024-09-04,credit card,49320.99
9409,2453,2022-12-20,Debit Card,251192.29
13975,2853,2025-03-13,Credit Card,122368.99
13468,783,2021-02-08,Net Banking,243213.72
12152,4213,2024-09-24,UPI,373986.28
16240,4558,2024-04-30,Debit Card,176121.88
9204,1224,2023-09-01,UPI,269549.64
7932,3353,2022-07-08,Net Banking,198832.5
5757,3142,2021-01-06,,140200.52
3351,1099,2024-10-08,Debit Card,210712.95
2073,1670,2021-12-17,Credit Card,91823.4
5386,2202,2025-11-28,UPI,21841.6
17409,626,2023-09-16,Credit Card,349180.9
9170,883,2024-08-30,Cash on Delivery,153258.64
13731,2290,2023-05-07,cash on delivery,422486.72
1371,377,2023-11-22,Cash on Delivery,61517.46
19416,4213,2024-11-23,Cash on Delivery,76577.88
2495,4358,2024-12-07,UPI,4568.45
10893,3211,2021-12-15, Net Banking ,219623.12
19216,2791,2024-05-01,Cash on Delivery,337538.66
7523,1468,2024-05-03,UPI,107625.5
19736,3642,2024-11-24,Cash on Delivery,
9352,1433,2024-12-10,Credit Card,334494.0
270,4152,2024-04-12, Debit Card ,19574.01
16345,1646,2025-09-19,,125062.6
8608,823,2024-09-11,Debit Card,217442.16
17710,2178,2020-09-14,Debit Card,266971.51
13795,731,2025-05-29,Credit Card,154236.85
10333,3279,2023-10-19,Cash on Delivery,138817.96
9777,662,2023-11-23,Credit Card,53473.24
18563,4828,2025-09-18,Debit Card,174542.71
8026,3698,2025-11-23,Credit Card,154055.15
1687,1303,2023-06-04,,77298.99
5851,1082,2022-11-03,UPI,97070.07
17327,4558,2022-05-05,UPI,138254.44
4475,3698,2024-08-23,Credit Card,141343.07
14051,3197,2024-02-29,Cash on Delivery,52994.27
3401,804,2024-01-09,Debit Card,307682.5
5759,1684,2022-08-23,Cash on Delivery,269720.85
12997,603,2023-06-30,Cash on Delivery,13901.91
5494,1520,2025-05-08,Cash on Delivery,76182.75
10758,113,2024-04-01,NET BANKING,195880.81
1784,4119,2022-12-01,UPI,358558.11
5378,1106,2021-05-20,Net Banking,340939.68
18561,2035,2021-11-15,Credit Card,521931.68
10195,2034,2025-11-11,Cash on Delivery,11114.59
14140,4486,2025-09-30,Net Banking,28136.93
19046,2950,2021-03-03,Cash On Delivery ,214417.59
19929,3840,2024-01-24,Net Banking,221638.89
18737,3084,2023-02-03,Credit Card,113004.34
4258,4221,2024-11-15,Cash on Delivery,302336.32
19823,3306,2025-08-23,UPI,182908.27
3760,3004,2021-04-15,Cash on Delivery,290128.52
6676,4425,2022-12-27,Cash on Delivery,76034.38
16984,3959,2025-08-05,CREDIT CARD,88785.55
8423,3673,2023-08-14,Net Banking,118134.3
13418,2316,2025-10-23,UPI,118290.96
15009,2239,2025-07-12,Debit Card,22412.62
1661,2190,2019-07-26,Cash on Delivery,6856.9
15228,2269,2022-09-25,UPI,131161.42
19495,454,2025-01-01,UPI,78825.61
5953,475,2023-08-03,Debit Card,156039.99
15559,4601,2023-02-13,Cash on Delivery,275416.83
11447,3104,2025-08-09,UPI,160392.71
12121,3981,2024-12-15,UPI,
6976,3920,2020-06-28,DEBIT CARD,82488.51
18344,2075,2021-08-02,Net Banking,212354.08
14679,4083,2024-12-27,Credit Card,289302.28
6393,438,2025-08-28,Net Banking,78432.38
9662,4309,2025-10-05,Net Banking,249615.13
13127,1401,2025-11-28,Cash on Delivery,109143.33
17783,3807,2022-08-31,Cash on Delivery,156577.45
55,4486,2023-02-11, Credit Card ,201324.98
2711,3540,2023-01-28,Credit Card,134180.91
3274,4156,2024-02-03,Credit Card,33926.0
17095,4885,2021-05-10,,46068.92
7580,1831,2024-11-07,Credit Card,434066.72
13119,2517,2024-02-19,UPI,242644.56
3378,4774,2024-04-14,Net Banking,248958.9
18632,388,2025-05-22,Cash on Delivery,
8228,4033,2024-07-14,Debit Card,25655.28
17392,1981,2025-12-19,Debit Card,89442.45
15845,417,2025-12-03,net banking,26739.79
8702,2384,2024-06-18,Debit Card,317882.35
13931,3054,2024-07-11,UPI,152793.92
19795,1961,2023-10-11,Credit Card,306422.35
7126,2640,2024-03-17,Net Banking,155858.46
11939,408,2023-04-14,Cash on Delivery,78895.29
11490,3301,2023-09-17,Cash on Delivery,254223.73
16131,4620,2023-11-25,Credit Card,355172.2
19578,4267,2022-11-14,Net Banking,97758.81
14762,4035,2020-07-03,Net Banking,172148.4
11043,4250,2025-04-07,Net Banking,106746.4
1325,397,2022-11-01,Debit Card,323716.73
6236,3924,2025-06-26,Cash on Delivery,256506.54
18670,267,2022-10-12,Net Banking,107320.18
12788,3761,2024-06-23,Credit Card,357404.66
2403,228,2024-08-28,UPI,322521.77
6924,3029,2023-03-23,cash on delivery,8418.06
18675,4359,2024-11-24,Cash on Delivery,399161.51
6223,3700,2023-09-27,UPI,134771.12
15886,1691,2025-04-19,Credit Card,164173.44
9430,2338,2023-04-07,Credit Card,187754.78
13675,319,2025-10-06,Credit Card,502135.04
19126,526,2020-03-30,Net Banking,49380.64
15737,1240,2024-03-09,Credit Card,126604.65
17305,2764,2024-05-30,Cash on Delivery,189678.63
12706,381,2024-12-16,Cash on Delivery,43170.1
2234,598,2022-06-08,Net Banking,95241.93
12267,2170,2024-05-17,Credit Card,304390.97
2605,40,2020-07-03,Net Banking,51914.66
19786,4369,2025-06-27,Debit Card,66402.5
15641,2320,2020-10-15,Cash on Delivery,
4925,2635,2024-06-15,Debit Card,256562.42
16089,2002,2025-09-03,Net Banking,38675.81
15170,4350,2023-04-17,Credit Card,305895.79
10104,4961,2025-08-30,Net Banking,76437.77
13460,449,2024-08-11,UPI,17273.04
17536,1792,2025-04-12,Debit Card,159273.44
12777,4638,2025-02-09,Cash On Delivery ,358091.05
15349,297,2023-10-21,UPI,226580.81
5900,84,2023-09-01,Upi ,142557.35
12510,1823,2021-12-08,Credit Card,182341.8
5810,1361,2025-08-08,UPI,460449.21
930,3328,2024-04-08,NET BANKING,287459.81
7476,4535,2024-09-10,,202161.8
13125,3600,2023-03-16,Net Banking,31344.12
13826,1720,2025-04-12,Cash on Delivery,362813.54
19984,699,2025-05-14,Debit Card,184757.49
1989,3131,2025-02-11,UPI,466866.71
19111,2061,2023-11-07,Debit Card,37876.78
14384,2134,2024-05-04,Cash on Delivery,24152.06
10557,3454,2020-12-04,UPI,
16589,891,2025-03-27, Net Banking ,
11132,2916,2022-09-24,Debit Card,18809.7
3859,825,2023-11-04,Cash on Delivery,381797.78
788,1908,2025-07-08,Cash on Delivery,34262.56
4455,2798,2023-12-03,UPI,116204.76
17977,4925,2024-06-03,UPI,262213.62
19209,3248,2020-06-12, Net Banking ,292879.28
16487,3121,2024-05-15,Debit Card,36025.86
17731,4028,2024-11-17,upi,176937.94
19526,1774,2025-10-14,Debit Card,115775.0
18118,1147,2021-01-28,Net Banking,101960.45
15996,4198,2022-02-02,Debit Card,45677.66
14805,4096,2020-12-23,Cash on Delivery,190228.79
917,4865,2022-10-15,Cash on Delivery,18621.86
15323,3249,2024-04-26,Debit Card ,50894.04
11936,170,2022-04-30,Credit Card,53146.8
1259,363,2024-08-10,Net Banking,285458.12
2934,4713,2022-10-30,upi,426359.46
12968,4352,2020-12-04,Debit Card,186645.73
12638,2093,2025-05-22,Debit Card,376144.98
4854,276,2023-09-27,Debit Card,326968.59
18339,517,2023-08-08,credit card,187223.76
3702,2907,2024-06-16,CREDIT CARD,111287.5
4242,3186,2024-11-22,Debit Card,158980.72
7926,1722,2021-10-18,Net Banking,265948.01
6450,3778,2023-06-28,Net Banking,112566.12
2224,4061,2024-10-02,Debit Card,66442.12
210,1607,2025-01-26,Debit Card,295044.14
19343,4184,2022-11-19,Credit Card,208866.88
3926,2748,2023-02-11,Credit Card,84642.44
14061,1193,2025-09-26,Credit Card,265160.94
12982,842,2020-12-17, UPI ,504111.21
6152,3385,2024-04-23,Net Banking,14565.24
4446,3213,2023-08-09,Credit Card,360133.29
3858,1726,2025-12-12,Net Banking,208895.98
4553,518,2022-07-11,Credit Card,269553.62
17028,1074,2023-01-03,Debit Card,296739.11
11725,3588,2021-09-22,Net Banking,158797.04
2568,2124,2023-10-23,Credit Card,20473.35
606,10,2025-08-16,Net Banking,249996.84
13102,2589,2024-08-18,Debit Card,187681.59
5571,3762,2025-07-17,Cash on Delivery,98258.78
14065,1004,2024-12-24,Debit Card,44612.15
9457,422,2023-11-20,Credit Card,133198.6
17698,461,2023-04-16,Cash on Delivery,79770.48
3067,2014,2023-01-05,UPI,90542.36
1273,95,2024-09-18,UPI,301538.27
12632,3020,2024-06-10,Credit Card,155831.46
19723,2181,2022-02-12,Net Banking,566983.8
15248,1982,2024-05-19,Net Banking,71180.12
6527,476,2024-06-12,Upi ,167998.17
17285,3934,2025-03-16,,363667.42
11008,556,2023-06-06,Cash on Delivery,105490.05
20,4539,2021-10-14,Debit Card,256278.56
2583,1935,2024-05-29,Net Banking,72507.22
11743,4146,2022-05-02,Net Banking,309043.31
13629,2623,2021-05-10,Cash on Delivery,226366.17
18326,3343,2023-11-13,Cash on Delivery,107120.1
17432,3186,2022-06-22,UPI,110823.23
16130,4263,2024-01-07,UPI,79735.84
11622,3389,2023-10-29,Cash on Delivery,88604.36
11234,3887,2025-01-11,UPI,211760.9
3822,3642,2025-09-01,Net Banking,108737.8
773,4348,2023-06-28,Net Banking,208670.8
8696,4505,2022-09-20,Credit Card,402073.22
4700,4113,2025-07-07,Debit Card,43414.93
18047,1026,2022-12-13,Credit Card,126644.16
5558,2907,2024-12-31,Credit Card,193889.53
10082,1830,2023-09-11,Credit Card,266348.9
8184,4075,2023-01-29,Upi ,225384.15
15770,3926,2024-01-11,UPI,171121.28
14951,1053,2023-10-09,Net Banking,135673.14
16570,3175,2024-05-16,Net Banking,52234.0
3301,2537,2025-07-20,UPI,321607.21
17535,136,2025-07-20,UPI,346520.2
2500,4018,2025-11-12,Debit Card,115219.98
18338,3936,2023-12-12,Cash on Delivery,28182.2
11041,2868,2025-02-10,Debit Card,209069.45
17018,168,2024-02-05,Debit Card,112341.39
1155,1624,2025-05-27,Net Banking,237187.27
10969,4680,2025-02-27,UPI,194601.31
3253,1575,2025-06-14,Credit Card,87836.63
2513,3135,2025-10-28,Debit Card,43686.68
5701,35,2021-06-10,UPI,240528.47
16190,1333,2022-04-17,Credit Card,258302.03
16612,2005,2023-12-13,DEBIT CARD,88100.64
18622,3215,2023-06-20,Cash on Delivery,61132.65
9526,1401,2025-03-27,Cash on Delivery,234648.87
17813,504,2020-09-30,Net Banking,183714.55
5666,3907,2024-10-09,Credit Card,222054.82
2449,4071,2024-12-28,,251985.58
3715,2581,2023-08-02,Net Banking,138414.78
3603,1841,2022-03-04,credit card,124971.78
12564,2515,2025-04-21,Credit Card,222837.82
13711,1770,2022-08-27, Net Banking ,57015.38
11266,4664,2024-12-07,Cash on Delivery,104546.37
3126,1565,2022-12-20,Cash on Delivery,46426.33
2728,33,2022-06-02,,95686.5
11468,4262,2024-12-15,Credit Card,72643.58
17720,890,2023-10-08,Debit Card,100114.3
8847,3629,2022-10-22,Debit Card,111116.61
3434,1161,2024-05-12,Net Banking,149426.86
18800,1831,2025-05-16,UPI,225425.03
17722,753,2025-02-28,Cash on Delivery,
6500,4664,2022-09-21,Credit Card,230880.24
3646,853,2024-11-19,UPI,285294.16
7411,4705,2023-08-31,Net Banking,63330.66
16962,2578,2024-12-27,Net Banking,187021.08
17574,1323,2021-02-11,Credit Card,157343.78
3425,2159,2025-09-12,Debit Card,129984.04
5109,868,2024-12-12,Credit Card,156076.89
2710,3256,2025-04-30, Net Banking ,92430.35
12951,27,2025-07-20,Cash on Delivery,230718.43
14545,675,2025-03-26,UPI,32849.44
14487,4718,2023-03-28,Credit Card,78789.26
6011,1762,2025-05-27,Credit Card,239748.62
17831,393,2020-09-22,Cash On Delivery ,200317.12
5124,4414,2023-06-25,Debit Card,162663.81
9369,4376,2024-11-18,Net Banking,231129.24
15191,4308,2025-08-31,Debit Card,106858.14
18327,1484,2025-07-22,Net Banking,147442.21
17882,1679,2024-06-13,Credit Card,184288.72
14567,4312,2025-11-01,NET BANKING,258471.36
12279,4821,2024-12-22,Credit Card ,261701.66
18257,1399,2024-07-03,,28135.07
4265,490,2024-08-16,Net Banking,329183.01
18685,3179,2020-05-29,Net Banking,214333.45
12925,207,2019-06-22,UPI,316221.09
3303,4058,2023-12-07,Debit Card,61206.65
16125,1774,2023-09-01,UPI,296947.2
9555,1142,2021-06-30,UPI,193514.78
3512,3854,2025-09-11,Credit Card,121820.64
1710,3663,2024-01-18,NET BANKING,172336.26
868,1756,2025-02-23,Credit Card,174388.34
7847,232,2023-10-05,Debit Card,263550.92
13782,1750,2023-11-25,Net Banking,269975.8
3559,3017,2021-09-23,Cash on Delivery,199972.65
2023,4348,2025-11-16,Net Banking ,381022.38
8805,3004,2022-11-22,Credit Card,147794.52
6107,3658,2023-06-07,Net Banking,82611.62
1788,2631,2021-10-08,upi,4756.47
11484,1853,2025-07-10,Cash on Delivery,29206.96
3015,2881,2025-12-19,Cash on Delivery,253817.91
9097,388,2024-12-14,Cash on Delivery,123486.42
8300,1719,2022-06-13,Debit Card,216629.7
15319,4056,2025-10-26,Credit Card,189361.61
1238,1964,2022-09-08,Net Banking,123981.46
5707,1287,2024-06-21,Cash on Delivery,39553.27
15952,3037,2023-08-30,Debit Card,71081.19
4363,135,2025-11-30,Debit Card,32220.64
17782,4287,2023-03-10, Cash on Delivery ,50454.36
2863,210,2024-11-18,Cash on Delivery,110066.61
11099,2376,2025-11-28,Debit Card,116010.39
8852,435,2024-08-02,Net Banking,257495.75
18894,4212,2025-02-17,Cash on Delivery,58559.96
8868,2492,2024-11-20,Net Banking,201039.63
19482,703,2024-02-27,Debit Card,59873.58
16492,761,2025-12-30,Debit Card,170579.02
2250,1167,2021-01-14,Credit Card,120458.63
16025,3400,2025-11-29,Net Banking,159660.44
3853,841,2025-04-21,Cash on Delivery,317595.09
13768,1441,2024-02-07,Credit Card,279123.0
17238,4751,2024-07-10,Credit Card,438610.8
928,2046,2023-09-11,credit card,329130.63
2170,2558,2022-02-23,Net Banking,413150.64
13922,3040,2024-08-03,Cash on Delivery,23803.13
1981,1736,2025-11-19, Cash on Delivery ,49976.67
4290,4760,2025-07-10,Net Banking,217720.5
281,4651,2024-07-16,credit card,127842.68
16461,1150,2025-10-28,Net Banking,83107.32
11388,3592,2025-11-22,,87958.48
5002,3541,2023-11-12,Debit Card,108396.9
17390,2688,2020-01-30,Debit Card ,395152.84
554,1490,2023-10-09, UPI ,59621.29
3338,2556,2025-08-10,Cash on Delivery,199122.64
11178,2557,2025-05-10,Debit Card,386778.31
2579,618,2023-06-20,UPI,223790.58
2586,3873,2020-08-07,UPI,144664.67
19978,671,2024-12-21, Credit Card ,86464.18
8147,789,2020-12-02, Debit Card ,173291.82
12021,4525,2025-03-07,UPI,109348.96
8983,3608,2025-08-25,cash on delivery,173216.49
8677,3944,2024-11-20,UPI,446752.72
9826,2288,2025-09-28,Net Banking,341202.16
11198,4414,2024-04-27,Net Banking,20460.47
10319,1690,2020-12-09,,179625.97
10968,1803,2021-11-18,Credit Card,
14542,3999,2021-06-23,Net Banking,329843.41
13203,846,2023-05-25,,413188.07
15969,970,2024-05-23,Credit Card,248591.97
6375,4134,2025-06-11,Debit Card,85244.92
13058,4482,2022-11-30,Debit Card,62617.34
2144,488,2025-01-08,Credit Card,225119.0
16677,465,2025-08-07,Debit Card,285981.48
12952,1960,2023-07-20,Credit Card,139620.16
6157,265,2023-08-24,Cash on Delivery,38675.1
17274,2870,2022-07-01,Cash on Delivery,179761.14
1231,4422,2023-05-27,Credit Card,
10148,1793,2024-10-10,Upi ,286468.37
19830,511,2022-02-01,Credit Card,106788.84
3508,298,2023-11-23,,276845.05
16745,4692,2022-06-23,Net Banking,63528.98
11848,2963,2025-07-16,Net Banking ,104681.49
19615,757,2024-07-28,Credit Card,148862.62
17961,4127,2024-09-22,UPI,46896.72
13035,3835,2025-11-07,Debit Card,211853.3
12084,2453,2023-02-25,Credit Card,96143.99
9924,4700,2023-08-29,Cash on Delivery,121997.98
7323,1476,2024-05-08,Cash on Delivery,71485.06
2408,618,2024-09-19,Debit Card,234856.93
18235,2427,2025-12-26,Cash on Delivery,148168.86
19299,3700,2024-10-10,Cash on Delivery,178126.96
13603,957,2021-03-14,,79099.08
12709,4200,2025-09-24,Net Banking,60452.34
8368,1426,2024-05-08,UPI,170460.8
18546,4432,2024-09-22,Cash on Delivery,186105.29
946,4595,2025-01-12,Net Banking,451049.06
3536,106,2022-03-08,Cash on Delivery,89445.29
10125,2292,2025-04-19,Credit Card,96820.28
5556,4708,2025-08-07,Credit Card,428256.98
6531,2636,2024-09-11,NET BANKING,204958.38
10709,2426,2022-12-17,,465407.49
604,162,2025-03-15,Cash on Delivery,355877.28
13356,3857,2024-02-11,Net Banking,42814.29
14332,2588,2021-10-26,Net Banking ,49212.65
18865,3151,2022-10-03,Cash on Delivery,240880.94
15864,4378,2025-10-31,Net Banking,322190.87
13771,2874,2024-01-28,Debit Card,131959.67
17120,2247,2024-01-29,UPI,162380.72
8235,944,2023-02-26,Cash on Delivery,52564.97
18796,4619,2025-05-15, Debit Card ,328855.48
40,373,2025-03-11,Net Banking,47818.91
12576,3585,2021-06-21,UPI,42793.58
17303,2848,2025-04-16,Debit Card,242287.01
6820,357,2023-06-26,Debit Card,106090.7
9034,3854,2025-05-18,Net Banking,262828.98
15137,358,2024-01-07,Net Banking,396081.97
19886,367,2025-07-26,Credit Card,326300.94
17671,3027,2024-04-10,Credit Card,187330.62
15151,3095,2024-01-01,Debit Card,88257.51
7678,1178,2024-11-09,Credit Card,301162.84
6709,2519,2024-03-02,UPI,187314.9
5134,3131,2025-12-06,Net Banking,341972.2
1670,60,2024-06-30,Debit Card,115698.49
4887,3016,2023-10-04,,82129.56
9224,3486,2025-04-25,UPI,402893.27
6237,1901,2023-05-21,Debit Card,435261.13
4020,3840,2020-03-07,Cash on Delivery,
1691,2935,2024-11-11,Debit Card,89940.72
209,4150,2024-02-10,Credit Card,190124.52
11429,2097,2022-05-28,Credit Card,182798.01
17033,2477,2021-12-31,,141110.23
1165,1950,2024-12-03,upi,102633.26
3130,4433,2023-09-01,Net Banking,133537.16
4051,4121,2025-05-31,Net Banking,38437.29
11166,4219,2025-04-12,Upi ,357570.55
16070,4469,2023-12-29,Net Banking,162150.6
11228,3802,2025-09-27, Cash on Delivery ,54858.5
7774,914,2024-03-20,Cash on Delivery,138092.99
8174,2566,2024-04-21,Net Banking,264908.05
19542,1647,2021-09-26,Cash on Delivery,57952.74
10343,1299,2024-09-09,Debit Card,130302.0
6279,4646,2025-03-08, Cash on Delivery ,176005.98
14441,3509,2025-01-24,Cash on Delivery,111638.72
7480,2494,2025-04-18,upi,16921.26
11728,4034,2023-09-22,Net Banking,200191.76
2045,4658,2024-06-16,Net Banking,177813.55
12001,4014,2024-01-02,Cash on Delivery,333765.47
6159,1488,2024-09-14,UPI,171657.51
10328,4511,2022-10-23,Net Banking,16670.16
6099,4719,2025-01-20,Cash on Delivery,280745.41
5194,2198,2021-03-23,Net Banking,35091.72
7647,2628,2023-11-14,Cash on Delivery,30512.34
12487,4991,2020-05-20,,195790.07
3290,4312,2022-09-06,Cash on Delivery,188432.67
11808,491,2022-05-13,UPI,212265.43
3,4915,2020-09-28,Cash on Delivery,177222.1
9948,4081,2024-10-13,Debit Card,57452.56
15119,3218,2021-10-14,UPI,10332.52
8136,4916,2023-04-10,Credit Card,164184.08
8581,2546,2024-04-17,UPI,137786.44
9372,4594,2024-09-29,Cash on Delivery,340501.13
18162,1397,2024-11-01,,71022.52
5207,3145,2023-05-06,Net Banking,
10984,331,2023-10-05,Net Banking,103362.82
2998,3724,2024-08-02,Net Banking,346297.26
11551,27,2024-10-20, UPI ,158789.55
5945,3468,2025-05-28,Cash on Delivery,75244.6
17974,607,2024-04-13,credit card,56331.54
13692,2379,2024-09-05,NAN,108736.73
2891,3259,2024-06-24,UPI,216331.51
3930,2210,2025-07-06,UPI,39032.24
1157,2971,2025-11-08,Credit Card,
12132,3754,2025-07-02,Credit Card,274305.56
9152,3329,2021-05-23, Net Banking ,4022.55
12773,3562,2020-09-03,Net Banking,290937.96
16429,206,2021-10-12,UPI,126232.21
9263,1916,2023-09-22,Credit Card,246889.16
960,1382,2025-06-10,,117689.59
107,1186,2024-07-05,Debit Card,182096.02
19709,518,2023-07-07,Credit Card,246106.18
2477,2901,2024-05-07,Net Banking,89928.66
18147,3035,2024-04-12,Debit Card,204285.59
15408,1334,2024-12-19,Credit Card,39793.44
14484,1932,2025-09-23,Debit Card,487316.89
1529,193,2025-03-05,Net Banking,35462.26
7232,3505,2025-03-29,Cash on Delivery,58530.53
17467,648,2024-12-03,Cash on Delivery,35309.72
804,4548,2025-09-11,Debit Card,123764.96
3645,4710,2023-06-20,UPI,72531.85
15306,3898,2025-12-08,Debit Card,34286.4
3906,2605,2025-10-17,Cash On Delivery ,13129.08
10261,3365,2025-07-25,Credit Card,244007.94
19957,976,2025-05-15,upi,195491.2
4285,2665,2024-07-24,,159841.62
11417,547,2024-05-25,Net Banking,180118.1
19098,1859,2025-01-22,Net Banking,61945.87
6804,4299,2021-01-23,UPI,87034.02
11135,2967,2023-12-24,Debit Card,424125.16
14899,1444,2024-06-21,Credit Card,57795.52
429,4159,2025-07-24,Net Banking,49800.12
2979,1617,2024-05-28,Net Banking,167226.53
6138,510,2021-11-20, UPI ,56514.82
623,2368,2024-11-05,Cash on Delivery,276851.37
15960,4721,2025-07-28,Credit Card,72501.18
18917,2336,2024-03-05,UPI,229777.64
18567,489,2024-11-14,Net Banking,60241.74
12938,638,2025-02-08,Net Banking,30309.36
8920,2520,2025-06-06,UPI,67250.64
13912,3351,2022-07-25,Credit Card,25108.27
4684,1747,2024-06-04,UPI,
16371,3729,2024-02-10,Net Banking,208021.35
18262,3240,2022-02-06,Cash on Delivery,66927.73
4877,2311,2024-11-26,Debit Card,211934.4
16644,4057,2022-05-06,Net Banking,35245.02
8051,14,2024-08-16,Debit Card,382977.21
8276,1879,2019-06-22,Debit Card,186096.42
17666,3954,2023-07-14,Cash on Delivery,21688.34
4799,3602,2024-07-10,UPI,20082.03
1611,1448,2025-11-07,Debit Card,390991.17
10898,1040,2024-12-02,Net Banking,372018.51
14883,822,2024-11-26,Debit Card,288035.25
6276,4225,2022-12-30,Debit Card,179298.5
963,4206,2022-04-09,UPI,112604.66
2065,1811,2023-06-12,Cash on Delivery,95367.34
1933,749,2024-01-22,,23248.15
50,151,2025-01-02,Credit Card,220123.18
14779,613,2023-11-05,Debit Card,63647.5
14510,4909,2023-03-18,Cash on Delivery,38976.57
11015,3338,2022-03-17,Debit Card,421279.75
17651,4770,2024-12-04,Cash on Delivery,43786.9
17407,325,2025-01-02,Credit Card,109599.39
17572,173,2025-11-18,Debit Card,124232.37
19731,3510,2025-09-05,Credit Card,33048.35
2742,299,2025-04-28,,194458.12
12687,4847,2022-07-15,Credit Card,12110.36
11895,4394,2025-10-05,UPI,263934.31
2436,1078,2024-01-06,Credit Card,104920.85
4085,2637,2024-07-13,Debit Card,167731.7
14408,870,2024-06-18,UPI,177840.95
9567,3585,2025-11-05,Credit Card,26735.44
1358,3201,2023-12-10,Cash on Delivery,113494.75
17264,4284,2025-03-26,cash on delivery,120595.52
3005,2095,2023-08-25,Cash on Delivery,195564.16
16102,2247,2024-10-19, Debit Card ,62477.96
12990,2244,2025-03-24,Debit Card,268487.32
14626,1180,2025-08-10,Net Banking,112051.09
11917,4625,2023-12-11,Credit Card,113135.6
9864,4142,2025-03-18,nan,30545.15
12696,2899,2024-12-21, Debit Card ,322893.5
4120,3764,2022-06-05,Credit Card,175512.45
13558,853,2024-04-09, Net Banking ,186732.59
12931,3035,2025-10-19,Net Banking,407892.9
14555,3791,2022-06-19,Net Banking,225630.0
196,3065,2024-02-04,Credit Card,131887.95
11651,4676,2022-02-26,UPI,224613.25
3439,252,2023-04-11,Cash on Delivery,343607.48
6027,3248,2024-11-06,Net Banking,243833.24
12668,4645,2021-09-17,Debit Card,87389.07
8798,641,2022-10-30,Debit Card,138405.75
856,1350,2024-09-24,,164495.85
18826,4500,2020-09-14,Net Banking,368237.65
17237,1122,2022-01-08,Debit Card,119080.39
11538,3129,2023-04-28,Net Banking,186208.84
2940,1792,2025-11-22,Cash on Delivery,276751.05
18784,126,2023-08-29,UPI,6365.6
13519,1887,2025-09-13, Credit Card ,297173.57
2548,2319,2020-02-16,Cash on Delivery,28321.0
10208,4211,2024-10-16,Net Banking,176798.71
6849,2491,2024-03-25,Cash on Delivery,282241.53
9347,4097,2023-05-17,UPI,317582.66
9529,4940,2024-05-30,Net Banking,189592.06
1516,4094,2025-01-31,CREDIT CARD,345330.82
762,3958,2023-08-28,Net Banking,107666.56
8229,1718,2021-12-28,UPI,55017.99
3826,2705,2023-07-11,Credit Card,42950.46
9166,1088,2024-03-21,Net Banking,178471.33
9588,619,2025-10-26,Cash on Delivery,409293.72
7784,2535,2022-11-01,Cash on Delivery,275768.58
7903,4522,2025-08-11,Debit Card,47184.14
14801,3897,2022-11-12,Cash on Delivery,44338.41
10693,4099,2024-12-25,NET BANKING,278732.94
110,1568,2024-11-25,UPI,88378.22
15653,3079,2024-06-20,Debit Card,163060.88
11510,798,2023-02-22,Debit Card,296072.66
10274,3932,2024-06-07,Net Banking,59835.0
2653,2372,2024-01-21,Net Banking,130197.48
13301,344,2025-08-23,Net Banking,66453.76
8012,3137,2020-07-22,Cash on Delivery,28306.45
16274,1131,2025-04-01,Net Banking,66263.58
163,718,2024-10-14,UPI,224636.34
7604,3765,2024-11-18,,248780.7
15568,3027,2025-11-09,DEBIT CARD,61913.34
16851,2772,2024-06-30,Debit Card,85579.65
19151,4369,2025-01-06,Credit Card,81622.95
3332,1079,2022-06-09,Debit Card,367046.04
14931,1138,2023-02-22,Credit Card,359621.82
10656,625,2024-04-24,UPI,89731.88
1750,4808,2024-05-07,Cash on Delivery,57488.0
2911,4798,2022-03-27,Credit Card,115639.85
15891,484,2024-06-16,UPI,254527.12
9535,4778,2023-01-26,Credit Card,26569.74
18626,3940,2022-07-12,Net Banking,169678.24
937,1165,2023-09-14,Debit Card,55003.49
17841,42,2021-09-01,Credit Card,352353.38
8138,2636,2022-09-13,,54704.12
18680,435,2025-02-28,Cash On Delivery ,268526.22
19631,149,2023-11-18,,162467.6
1735,337,2023-12-20,DEBIT CARD,175430.44
19149,2826,2023-11-27,Cash on Delivery,60785.24
4623,2762,2025-01-10,Credit Card,238197.02
16882,3720,2022-08-22,Net Banking,384240.78
10077,392,2024-11-16,UPI,148867.37
17797,765,2023-08-25,,190680.81
1191,3568,2024-01-10,Credit Card ,89387.49
13793,903,2025-01-29,Credit Card,414999.53
13324,3771,2025-04-19,UPI,194142.78
5001,2455,2023-10-30,Credit Card,201011.68
693,3472,2023-07-31,Cash on Delivery,14309.26
11735,3388,2025-06-28,Credit Card,240015.7
16415,4156,2025-07-07,Debit Card,158596.18
11642,2768,2024-02-19,Debit Card,9267.87
15586,3403,2024-01-26,Net Banking,52752.06
17591,796,2024-01-16,Net Banking,313861.23
3850,3935,2022-08-13,Cash on Delivery,179650.91
18509,1113,2025-01-22,Debit Card,157333.71
16471,4333,2025-11-19,Credit Card,245288.69
10339,1132,2023-01-10,CREDIT CARD,324006.18
4467,1409,2024-03-09,Cash on Delivery,63277.22
9594,1400,2024-07-10,UPI,184227.2
3456,4746,2024-04-12,UPI,164516.33
19917,10,2025-08-15,UPI,34396.56
15382,3135,2024-01-11,Debit Card,219041.27
15510,4059,2023-05-26,UPI,103392.92
15216,1361,2025-08-26,Credit Card,26281.21
136,3645,2020-05-18,Debit Card,29186.52
17425,4683,2025-01-25, Net Banking ,83728.67
10739,1548,2019-10-13,UPI,203307.6
5493,1067,2022-08-01,Credit Card,33533.93
5031,2931,2021-02-08,Debit Card,96848.65
15135,554,2025-02-07,Cash on Delivery,256194.94
19025,4009,2024-08-16,Cash on Delivery,225370.67
2639,2380,2025-08-10,,
2999,3627,2024-03-12,Credit Card,48173.45
11491,4636,2023-02-18,Credit Card,111518.61
19819,2595,2024-10-16,Cash On Delivery ,234096.1
15626,3835,2022-08-10,Credit Card,
15775,3352,2024-10-09,Debit Card,64582.03
12630,4482,2021-12-09,Cash on Delivery,211207.95
811,1834,2023-11-03,Debit Card,35314.18
6856,2647,2024-03-06,Cash on Delivery,300548.73
19425,2959,2023-10-26,UPI,321486.73
17897,2365,2021-07-04,Debit Card,202072.15
2735,2883,2025-10-28,Cash on Delivery,249448.57
1626,438,2021-09-12,UPI,59578.23
5022,1303,2025-03-27,Net Banking,213428.65
8602,4636,2023-03-28,Credit Card,22326.2
3896,903,2025-05-27,UPI,164304.6
689,644,2025-07-10,Credit Card,29477.32
59,2761,2022-09-10,UPI,102071.9
12025,3549,2020-06-13,Cash on Delivery,6841.26
6917,229,2023-10-11,,153122.16
13830,2600,2023-10-30,Cash on Delivery,222678.49
350,1719,2024-08-08,Upi ,80785.52
5647,4200,2025-07-27,upi,19276.36
649,3203,2024-10-10,Net Banking,225990.41
5158,962,2022-06-17,,59328.5
18603,78,2024-01-25,Credit Card,24159.09
8435,1906,2023-05-23,Net Banking,196528.15
16174,1458,2022-11-11,UPI,96678.48
8970,4024,2022-04-11,,55625.62
17547,2467,2024-10-04,Net Banking,110555.5
10324,2234,2025-03-25,UPI,334894.8
14371,1337,2025-02-04,Cash on Delivery,156135.02
222,3914,2024-05-20,DEBIT CARD,165083.05
15158,2240,2025-07-07,UPI,71344.7
3706,1566,2021-09-19,UPI,59068.63
14546,1488,2025-02-09,,123890.67
15624,1908,2024-04-23,Debit Card,146414.46
6557,58,2022-07-09,UPI,600559.78
8922,2491,2025-09-07,Cash on Delivery,86506.6
18765,2445,2023-12-20,UPI,69411.84
10639,2936,2023-03-11,cash on delivery,109258.65
8594,990,2023-06-25,UPI,54819.84
734,4184,2023-03-31,Net Banking,332235.81
15611,2965,2025-05-28,Debit Card,112342.94
16714,4085,2023-01-19,Debit Card,231465.3
1178,730,2022-07-04,Credit Card,441048.19
14425,3033,2025-07-18,Cash on Delivery,202904.08
64,4064,2024-04-10,Cash on Delivery,26067.66
18580,2961,2024-04-23,Cash on Delivery,153639.5
5272,884,2024-06-04,Cash on Delivery,274687.11
10711,2144,2022-09-15,Debit Card,76305.88
6881,1320,2022-05-29,Credit Card,454021.18
2670,1145,2025-08-12,Cash on Delivery,12187.78
6368,2471,2024-10-18,Cash on Delivery,42279.74
7271,1825,2024-12-02,Cash on Delivery,23922.44
18526,1024,2025-02-23,Cash on Delivery,
19238,10,2024-11-22,Credit Card,131577.92
14279,3037,2025-05-28,Credit Card,270286.53
5350,2258,2025-03-30,Debit Card,108746.72
5497,3712,2024-01-16,UPI,160849.77
1917,1649,2023-07-25,UPI,122639.49
4688,4388,2024-05-22,Net Banking,152591.38
10810,2294,2023-08-01,Cash on Delivery,198450.84
7391,4118,2025-06-14,Credit Card,92086.0
1335,313,2025-12-03,Net Banking,121893.2
4554,3784,2021-10-10,Net Banking,110024.61
16765,3605,2025-04-07,Debit Card,241081.94
18456,3180,2022-10-10,Net Banking,156330.63
5619,4417,2025-10-14,Net Banking,63523.89
9642,4200,2025-09-10,Cash on Delivery,72741.99
4573,4458,2022-06-03,Net Banking,33975.27
10807,3114,2024-12-08,Cash on Delivery,77360.48
6569,239,2022-11-29,UPI,74559.1
14419,1421,2022-10-04,Cash on Delivery,243200.79
16573,324,2023-03-11,UPI,181128.07
668,626,2023-12-08,Debit Card,436392.78
8935,148,2025-12-27,Net Banking,315593.06
10100,1909,2023-03-10,UPI,598423.47
12100,211,2024-12-28,Net Banking,204837.88
19834,2109,2023-10-19,Credit Card,48811.13
3260,1136,2025-07-31,UPI,118808.36
13785,1918,2020-10-10,Credit Card,37700.46
12496,201,2025-04-04,Cash on Delivery,90249.81
3736,4574,2021-07-16,,208147.59
12869,3301,2025-08-31,Cash on Delivery,44760.64
6449,1846,2022-08-24,cash on delivery,28741.62
16757,3707,2024-03-20,Credit Card,225620.25
17481,3972,2019-12-03,Cash on Delivery,44884.92
13891,1439,2025-09-14,debit card,402365.01
2826,4329,2024-12-07,UPI,127157.48
146,1026,2023-01-31,Cash on Delivery,60772.31
19889,2773,2023-03-12,Net Banking,205519.09
5943,3327,2024-08-20,UPI,85554.9
1352,3532,2021-07-20,Debit Card,
14847,2341,2023-12-20,Net Banking,27367.47
8187,1127,2023-12-29,Net Banking,338776.94
9349,4961,2022-04-12,Credit Card,97255.93
1486,1267,2021-01-26,,106567.24
11292,1774,2025-05-05,Cash on Delivery,161606.8
14722,703,2025-02-09,Net Banking,150229.28
11390,649,2025-05-12,Credit Card,280560.98
11435,2212,2022-03-19,Cash on Delivery,205898.22
9870,3320,2022-06-29,Debit Card,483146.2
14126,2468,2025-07-05,UPI,38644.48
4232,3414,2023-11-05,Net Banking,124945.13
16686,4894,2024-05-18,Credit Card,157167.5
8555,1197,2021-12-19,cash on delivery,354883.89
1953,4971,2023-03-30,Credit Card,238880.57
11740,202,2025-05-01,Debit Card,257594.12
12006,3710,2024-01-04,Debit Card,116217.61
14052,1824,2023-12-22,UPI,204039.83
8854,249,2024-06-25,Debit Card,925.36
15972,4868,2024-07-14,cash on delivery,30777.24
18283,4743,2025-05-31,Credit Card,66098.55
718,2590,2022-05-16,UPI,259903.02
10684,1752,2023-12-24,Cash on Delivery,96252.05
2943,2495,2025-07-09,Net Banking,206546.7
1605,4923,2023-01-16,Debit Card,98082.33
15962,1010,2022-03-29,UPI,80017.22
18939,1041,2022-10-09,,213374.89
12180,2213,2023-09-23,Credit Card,10598.58
955,3929,2022-07-13,UPI,33389.37
16508,772,2025-10-22,UPI,409049.21
2080,411,2025-05-06,Debit Card,76493.62
3106,1611,2021-06-26,UPI,172174.72
7089,3204,2025-09-01,Credit Card,356325.9
2723,2327,2022-10-02,Cash on Delivery,128228.88
7119,767,2021-08-24,Cash on Delivery,11719.02
18610,2906,2025-03-07,Credit Card,32387.88
14587,3830,2022-02-02,Credit Card,168476.2
18585,2615,2023-05-16,Credit Card,40008.45
14381,3778,2024-07-20,Credit Card,82788.62
15334,3322,2024-06-04,Credit Card,22520.51
12871,3159,2024-10-17,Net Banking ,99477.27
12948,4351,2024-08-04,Cash on Delivery,247122.16
14962,3157,2022-08-06,Debit Card,139334.94
19017,839,2023-05-18,Credit Card,306375.48
19981,4523,2024-07-25,Credit Card,20322.22
6161,3673,2023-07-27,Debit Card,3196.19
3983,3386,2023-08-29,Credit Card,159568.75
6395,284,2025-02-19,Debit Card,102175.35
8161,4483,2024-01-03,,156449.6
16580,4477,2025-07-03,Cash on Delivery,177314.94
16393,3551,2025-05-20,Cash on Delivery,174377.32
7601,2304,2025-02-24,Net Banking,257250.65
6645,4773,2025-10-30,Cash on Delivery,226099.23
3694,4922,2022-07-28,Credit Card,262827.7
16886,493,2023-07-08,Debit Card,165564.82
15237,38,2025-11-18,,
14182,4514,2021-11-15,Cash on Delivery,83149.8
9711,4643,2022-12-02,Debit Card,57522.87
13028,403,2025-11-24,Net Banking,212888.72
4074,3106,2025-01-14,Debit Card,229063.56
15232,1654,2024-10-21,UPI,108390.66
13652,757,2024-01-07,UPI,639.57
12230,2744,2023-12-04,Debit Card,154311.81
5268,4522,2023-09-25,Debit Card,163843.74
8789,2290,2020-08-11,Debit Card,160504.4
7675,4406,2025-10-02,Cash On Delivery ,77914.29
19189,1781,2024-09-08,Debit Card,70443.56
16849,3955,2024-11-01,Net Banking,110312.92
7230,4873,2024-09-24,UPI,255943.5
15127,134,2025-04-17,NET BANKING,110394.22
521,3999,2022-10-23,Credit Card,274163.45
2167,1021,2024-02-17,Cash on Delivery,171804.86
15037,2976,2024-10-07,Cash on Delivery,269560.85
8358,3014,2023-11-18,UPI,124151.07
11331,4315,2023-06-25,Debit Card,110069.61
6362,1966,2025-09-17,Debit Card,62967.32
11570,2932,2024-08-05,Credit Card,69233.44
14838,1955,2024-12-13,UPI,157358.6
1937,1896,2024-01-12,debit card,78674.79
9895,3794,2020-11-29,UPI,359544.14
15992,3179,2022-01-30,Debit Card,287162.28
19065,4178,2021-05-19,Debit Card,6530.64
16158,4701,2020-10-18,Cash on Delivery,304395.08
11358,557,2025-11-22,Cash on Delivery,
17946,4709,2024-06-28,Credit Card,77683.52
2727,4626,2023-03-16,UPI,389045.88
6400,2128,2025-02-03,Debit Card,29058.52
14946,1055,2025-10-07, Debit Card ,256976.38
2596,560,2025-09-30,Cash on Delivery,79566.5
8715,3796,2025-01-07,CASH ON DELIVERY,209234.94
15650,3296,2023-11-02,Credit Card,88545.6
12294,890,2023-02-27,Credit Card,129962.9
7333,4398,2023-04-01,Credit Card,33015.1
7237,3216,2024-08-17,Credit Card,304685.68
10959,80,2025-09-21,Credit Card ,258566.68
16465,238,2025-03-10,Cash on Delivery,200430.1
17,1443,2024-09-07,UPI,51558.73
18716,542,2024-10-24,Cash on Delivery,236278.08
13267,1244,2021-03-31,Credit Card,279858.05
5405,2443,2025-10-07,Credit Card,104855.67
3949,3540,2020-09-22,Credit Card,364567.51
9476,1739,2021-04-15,Net Banking,270849.21
12561,4206,2020-08-03,Net Banking,299583.97
3146,4742,2024-10-26,Nan ,11312.28
3374,3385,2024-04-01,UPI,128539.54
7090,3376,2019-11-11,Net Banking,257999.77
8439,2143,2024-06-07,UPI,177380.18
1013,3889,2025-05-30,Credit Card,198062.75
10460,983,2024-09-03,,121582.94
12211,1182,2025-11-15,Cash on Delivery,52701.38
12583,650,2024-09-07,Credit Card,146519.2
17501,1138,2025-07-25,Debit Card,332278.89
9041,1270,2019-07-02,Cash on Delivery,142836.13
16662,86,2024-03-29,Net Banking,310052.96
16314,618,2025-05-11,Net Banking,123971.67
7605,553,2024-08-18, Net Banking ,6193.34
18949,829,2025-07-18,Credit Card,105645.12
17351,2949,2024-04-27,Cash on Delivery,58436.07
17877,3235,2020-10-25,UPI,58417.08
4590,1427,2025-01-19,UPI,72413.75
17888,1996,2023-09-23,UPI,114216.3
8040,735,2020-03-13,Cash on Delivery,219428.43
13012,2664,2025-05-03,Credit Card,121217.35
17779,3546,2025-04-28,Debit Card,235930.94
10570,1049,2022-01-16,Credit Card,172026.11
2358,2545,2024-12-20,Cash on Delivery,117338.5
13913,4689,2024-06-10,Net Banking,178966.06
8656,4565,2022-12-29,Cash on Delivery,91708.23
5387,4584,2023-03-25,Credit Card ,27827.34
12214,2037,2022-04-27,Debit Card,173737.52
15859,1977,2022-10-10,Credit Card,171377.55
11767,819,2023-03-31,Credit Card,491271.4
17721,1409,2025-01-13,Debit Card,225717.88
1880,4452,2021-01-13,Debit Card,281336.77
9722,3532,2024-04-25,Net Banking,196572.87
4424,4621,2025-07-19,Net Banking,205583.46
15088,2017,2025-06-09,Net Banking,128298.26
6,4866,2021-05-17,UPI,53518.1
1301,4278,2024-11-15,,54059.67
9212,50,2022-11-10,CASH ON DELIVERY,171941.92
19467,548,2024-09-11,UPI,221349.1
17493,2087,2022-09-29,Debit Card,57821.33
7514,2162,2025-03-08,Net Banking,186531.79
927,4583,2024-07-21,Credit Card,145777.8
12913,3315,2022-01-09,Credit Card,22165.6
16020,1245,2025-12-15,Credit Card,41780.04
15091,81,2025-12-04,Cash on Delivery,96669.92
6104,862,2022-10-12,UPI,134525.98
15502,3859,2024-06-19,UPI,
11516,2136,2024-01-01,Cash on Delivery,77573.38
3085,4354,2023-09-17,Credit Card,59652.36
9859,634,2022-09-29,Credit Card ,217465.67
16603,894,2019-12-23,UPI,265009.37
16502,1477,2025-05-22,Cash on Delivery,237869.66
19453,1812,2021-06-25,UPI,474020.01
17890,25,2023-05-24,Cash on Delivery,7123.66
13239,2196,2020-06-21,Net Banking,207342.5
9336,1565,2023-05-16,Net Banking,85559.43
19290,4523,2024-07-19,Net Banking,219893.7
7830,1506,2022-04-14,Credit Card,206543.53
7096,2902,2024-09-16,Net Banking,15175.6
18747,2266,2025-11-09,Cash on Delivery,68601.87
7507,3197,2025-07-08,Credit Card,
19852,3070,2023-07-30,UPI,75182.19
10750,2133,2025-09-30,Debit Card,215918.62
11012,3598,2024-06-25,Cash on Delivery,380716.73
13227,294,2023-11-05,UPI,28361.43
19737,1447,2023-03-21,UPI,18454.1
7151,3266,2024-04-18,Net Banking,61171.58
3306,1816,2024-11-12,UPI,329338.82
4755,1833,2023-08-27,Debit Card ,128528.85
15386,905,2023-05-22,,243763.36
1805,4813,2024-05-14,Credit Card,433825.88
15681,1906,2023-08-06,UPI,272775.29
10273,3565,2025-04-10,Cash on Delivery,59892.92
4718,631,2022-12-06,UPI,85153.36
15604,1668,2025-11-18,Debit Card,43149.6
10546,2922,2024-12-17,Credit Card,76540.26
16532,1827,2019-12-03,Cash on Delivery,372903.07
5325,365,2023-02-11,Net Banking,216744.76
13152,4794,2024-07-06,Debit Card,248539.34
18245,2030,2024-05-02,Debit Card,194987.96
12784,2928,2021-05-04,Cash on Delivery,165677.4
7723,2159,2024-11-22,UPI,156377.61
13777,4374,2025-01-03,Cash on Delivery,267472.34
9557,1614,2019-10-23,Credit Card,31781.46
15169,3219,2024-08-27,Credit Card,387341.86
1930,23,2023-04-12,Cash on Delivery,11752.6
8512,2678,2020-04-16,Credit Card,110775.8
6635,2855,2025-11-22,UPI,155326.5
9012,222,2024-11-09,Net Banking,75230.82
17258,4613,2024-08-20,UPI,233636.89
1224,467,2025-04-26,Credit Card,44512.56
15786,4293,2023-07-03,UPI,100030.62
12757,665,2022-08-07,Credit Card,98334.1
8498,4245,2025-12-06,UPI,405161.05
2314,4701,2022-06-04, Net Banking ,376687.13
10601,4463,2024-07-11,Credit Card,223135.7
5690,3306,2022-06-20,Credit Card,200986.8
13988,3197,2025-10-29,Debit Card,325166.25
19715,4471,2023-03-16,UPI,155817.81
2907,832,2025-07-08,,25535.88
9328,381,2025-12-28,UPI,
3948,1814,2024-10-25,Net Banking,178243.09
10021,4718,2023-04-16,Cash on Delivery,55227.16
7517,112,2024-11-28,Net Banking,85425.05
2149,4127,2022-01-23,Debit Card,243529.16
5983,2273,2019-06-08,Cash on Delivery,214692.79
9332,1718,2023-10-24,Debit Card,366146.02
16494,1014,2023-01-26,Credit Card,283664.36
18995,4431,2022-02-21,Debit Card,93047.16
14818,359,2024-10-17,Net Banking,324494.8
7342,537,2023-07-14,Debit Card,254366.98
4466,4183,2024-12-01,Net Banking,83960.24
12291,3894,2024-06-06,UPI,326120.75
10505,698,2025-02-12,Cash on Delivery,217949.17
10725,4095,2023-12-15, Cash on Delivery ,353900.0
15916,4169,2024-07-29,Debit Card,315356.7
7060,3552,2024-10-20,Net Banking,86281.89
2649,4294,2023-06-01,UPI,203166.32
17691,2458,2023-09-28,Debit Card,130043.98
17279,3366,2024-07-03,,187191.63
4134,2438,2025-05-27,Cash on Delivery,137403.18
3970,4023,2025-10-29,Net Banking,69800.72
18167,4671,2023-11-20,UPI,374078.92
4982,3918,2024-05-12,Cash on Delivery,4008.28
13880,1459,2021-12-30,Debit Card,134187.88
18974,3684,2025-02-13,Credit Card,
8382,2283,2025-08-29,Cash on Delivery,121128.24
10255,721,2024-09-04,Cash on Delivery,27728.92
19869,4897,2025-01-23,NET BANKING,224683.0
17623,658,2024-11-17,Cash on Delivery,210588.58
1924,3320,2024-11-05,Cash on Delivery,78166.75
9815,3067,2024-02-08,Credit Card,209452.66
19206,1806,2024-05-31,Cash on Delivery,165060.21
735,3288,2024-09-23,credit card,95592.93
16509,4990,2023-11-20,Cash on Delivery,220140.81
10880,71,2024-12-15,Cash on Delivery,103096.89
10413,4435,2024-08-11,UPI,15196.0
11523,4207,2024-12-21, Debit Card ,145286.91
14089,3915,2022-11-16,UPI,29225.45
18786,1067,2020-07-27,,148664.29
3364,3208,2024-10-14, Debit Card ,455342.61
482,2581,2023-10-21,Credit Card,272077.24
6885,1326,2024-03-20,Debit Card,194869.03
17464,182,2024-06-08,UPI,120311.96
19645,3229,2024-11-29,Credit Card,219437.96
2787,4940,2025-04-24,UPI,
2798,2060,2022-06-26,nan,382617.87
33,3175,2024-07-17,Debit Card,153459.92
4683,2360,2022-07-27,UPI,171528.24
1424,2063,2025-01-29,Debit Card,245823.22
18491,1862,2023-12-23,credit card,169306.1
11645,1719,2024-04-17,Credit Card,158002.28
17253,2358,2023-03-13,Net Banking,226460.12
9727,4426,2024-08-15,Credit Card,263106.06
892,567,2024-05-23,UPI,113982.46
18816,235,2022-06-18,Cash on Delivery,303967.02
6824,3856,2020-09-21,Credit Card,25289.66
743,2233,2024-01-20,Net Banking,11024.39
772,2709,2024-12-14,Debit Card,382045.43
7340,2207,2022-04-12,,46078.48
8888,2192,2023-08-05,Credit Card,311395.12
14251,2081,2021-10-16,UPI,246248.83
244,3402,2022-04-11,Net Banking ,105366.9
19262,4972,2025-02-12,UPI,24806.26
17382,1624,2022-10-26,Debit Card,170232.76
16428,2471,2023-11-06,Cash on Delivery,44496.83
10523,2971,2024-05-23,Net Banking,80475.69
527,3475,2025-06-01,UPI,58937.46
14822,3210,2024-09-10,cash on delivery,113617.38
12575,4408,2019-12-06,UPI,83149.32
17920,401,2024-03-14,Credit Card,31965.55
1986,2908,2025-09-30,Credit Card,209520.6
12811,4486,2023-03-08,Credit Card,240001.38
14898,296,2024-05-18,Net Banking,234025.68
13439,708,2025-10-03,Net Banking,205402.93
6919,4759,2025-11-21,Debit Card,204079.94
5524,3137,2021-01-29,NET BANKING,185580.18
11306,2966,2024-03-27,Credit Card,351625.96
10945,3656,2023-08-24,Debit Card,149939.38
3933,4385,2024-04-04,UPI,144396.94
8369,4391,2021-11-27,Credit Card,290355.04
18367,697,2024-09-02,Net Banking,199485.15
16821,320,2025-11-18,Credit Card,82930.65
19128,481,2025-12-06, Debit Card ,73257.72
9302,2844,2024-05-15,UPI,85198.96
5472,1208,2024-07-13,Debit Card,237037.36
14368,3904,2025-09-12,Net Banking,165374.43
3328,2569,2023-06-22,Cash on Delivery,374537.14
19770,1370,2023-08-19,Cash on Delivery,186956.54
11627,1860,2024-11-09,UPI,429401.03
17578,1983,2023-02-28,Credit Card,199394.9
8773,4383,2020-03-27,CREDIT CARD,219129.2
8572,3403,2023-06-01,Cash on Delivery,6637.91
18206,105,2023-05-30,UPI,82542.29
11219,3392,2022-12-24,UPI,12269.04
9721,3423,2021-07-22,Net Banking,71465.72
16387,2843,2025-08-16,Debit Card,181445.63
8084,2871,2024-04-05,Credit Card,128359.8
14106,1833,2023-09-26,Cash on Delivery,165387.8
2926,1376,2024-08-15,UPI,166467.68
8749,263,2024-11-06,Cash on Delivery,76039.24
593,609,2025-03-30,Cash on Delivery,242586.09
13572,4059,2021-10-04,Credit Card,33523.6
16749,2573,2024-11-27,Cash on Delivery,240380.16
18531,4205,2025-06-06,Debit Card,330395.99
10145,769,2021-10-17,UPI,97111.7
5136,362,2024-02-19,Net Banking,86923.74
18460,2107,2022-07-08,Debit Card,212763.2
13422,442,2023-10-22, Cash on Delivery ,287080.9
8468,3768,2024-11-02,Net Banking,32624.57
15723,3012,2022-12-27,Net Banking,
396,1488,2024-12-30,Cash on Delivery,143827.96
5806,2142,2023-03-20,UPI,40003.96
5924,2435,2023-02-28,UPI,6941.29
4963,2225,2022-08-06,UPI,132478.29
10241,973,2024-09-20,UPI,176821.43
1907,4815,2024-12-01,Debit Card,146373.84
19159,1748,2025-07-26,Credit Card,
17943,4813,2024-11-19,Credit Card,382431.94
18034,3551,2025-12-07,Net Banking,140767.87
5652,2306,2025-01-22,Debit Card,148876.4
7822,2701,2023-11-27,UPI,64961.51
16666,2744,2023-11-10,Net Banking,87458.59
17912,3430,2024-12-12,Net Banking,131485.95
8103,546,2021-12-28,Debit Card,163402.42
5784,4772,2020-02-20,Net Banking,246340.32
3784,260,2025-04-10,Credit Card,470855.23
9515,2143,2023-10-06,DEBIT CARD,141538.9
14911,2892,2024-03-24,Cash on Delivery,99261.43
16514,3275,2024-07-09,Debit Card,151537.68
3741,4798,2025-05-11,Debit Card,331870.37
7133,1667,2025-12-25,Debit Card,366264.83
18152,1947,2025-02-10,Credit Card,505802.24
12319,4775,2024-09-09,UPI,74646.2
6773,552,2025-02-16,Net Banking,498122.01
1052,495,2025-07-28,Cash on Delivery,259126.81
12098,4363,2024-08-02,Cash on Delivery,39567.81
12149,619,2023-02-23,Credit Card,422523.86
1827,2234,2024-12-04,Net Banking,401385.26
11033,2050,2021-04-13,Net Banking,71196.15
12872,4154,2023-09-20,Credit Card,151523.36
637,2861,2022-06-08,,453992.12
17856,4892,2023-11-20,CASH ON DELIVERY,141028.05
12839,2261,2022-03-09,Net Banking,
5306,4703,2022-08-28,,278363.16
10746,3561,2025-02-20,Debit Card,64347.18
5582,2465,2022-01-21,UPI,129479.11
4743,2070,2023-07-09,UPI,90485.17
19906,3387,2025-06-27,Credit Card,336732.37
15182,3306,2023-01-29,Cash on Delivery,43773.43
12731,4221,2025-01-27,Debit Card,333138.15
14360,4264,2024-10-15,Net Banking,311241.8
11067,837,2023-10-29,,210473.52
14748,2375,2024-03-05,Cash on Delivery,251329.73
12979,2345,2024-02-24,Cash on Delivery,52546.36
5668,17,2025-06-04,Cash on Delivery,42491.53
13175,470,2022-03-12,Net Banking,156454.55
18340,3930,2022-12-18,,24451.55
15029,2759,2024-02-07,Cash on Delivery,78895.41
10129,4332,2023-04-16,UPI,43533.48
11765,4158,2024-07-29,UPI,280272.52
11615,3374,2022-03-09,Debit Card,
5358,4267,2022-01-25,Cash on Delivery,245040.75
18785,1866,2025-12-28,Debit Card ,216248.36
14969,30,2023-10-22,Cash on Delivery,57696.71
10813,3096,2023-04-02,Credit Card,330092.33
19082,4050,2024-09-10,Credit Card,173415.9
6464,2864,2024-06-02, Debit Card ,28821.61
7942,4891,2023-05-08,Debit Card,169450.59
6111,3930,2023-03-20,Credit Card,206567.22
11828,4023,2025-02-26,Cash on Delivery,94689.3
11881,3637,2023-08-30,UPI,455965.61
10741,2069,2024-09-23,Credit Card,479852.07
5448,3723,2022-03-10,,92087.67
10186,3087,2022-07-05,cash on delivery,213819.88
11556,4081,2020-05-13,Net Banking,347360.62
3046,3757,2024-09-20,Net Banking,116464.93
12758,3062,2022-01-07,Debit Card,346348.01
19546,2365,2024-04-22,UPI,63459.7
16241,89,2023-10-23,Cash on Delivery,226564.15
34,4623,2023-11-24,Cash on Delivery,269603.74
13939,1410,2021-10-16,,120309.34
9593,2313,2023-01-12,Credit Card,240255.77
11914,2896,2025-07-27,Cash on Delivery,42749.32
11110,3891,2022-07-19,Debit Card,17388.95
3109,1955,2024-10-07,Net Banking,290863.58
4694,4002,2024-09-07,Cash on Delivery,9659.24
15682,1971,2025-11-11,Net Banking,174180.07
9839,3582,2025-11-16,debit card,111448.66
18791,328,2023-01-16,Debit Card,190907.2
8466,278,2025-11-24,Credit Card,267802.4
4463,1159,2025-10-30,Debit Card,173650.36
1763,1383,2024-12-08,Cash on Delivery,4788.41
7239,2205,2023-08-04,Debit Card,50044.86
15890,1152,2023-07-29,Cash on Delivery,208466.7
7028,1427,2025-07-18,UPI,349075.58
6993,301,2023-12-24,CREDIT CARD,193831.67
8494,4474,2021-04-28,Cash on Delivery,91647.84
17713,2388,2025-06-28,Debit Card,29828.22
14100,3516,2020-07-14,Credit Card,41051.14
3886,1366,2025-06-13,Cash on Delivery,88984.02
9054,3664,2022-08-29,Net Banking ,365807.68
2055,1407,2023-08-01,Credit Card,248937.36
2090,2234,2023-12-18,UPI,292742.16
19639,4389,2021-03-06,Cash on Delivery,252384.2
17381,231,2023-11-01,Net Banking,64102.82
16935,1899,2024-06-20,Net Banking,34269.52
16808,3338,2024-11-10,Cash on Delivery,75748.93
3543,3317,2022-05-24,Net Banking,154358.68
10934,1383,2025-01-03,Net Banking,54337.22
1227,2825,2024-06-03,Net Banking,6962.74
19084,1045,2023-09-07,Credit Card,329998.98
16572,2327,2024-04-09,Net Banking,165164.61
1054,2474,2025-05-08,Cash on Delivery,204609.7
19437,1621,2025-09-22,Cash on Delivery,40214.46
18265,3355,2025-08-27,Debit Card,159414.5
12995,3022,2024-06-19,Net Banking,402141.59
12714,3330,2023-01-10,Credit Card,332104.39
9460,1476,2025-08-19,Debit Card,191783.06
16037,462,2025-07-01,Cash on Delivery,144618.85
1232,3646,2023-11-02,Credit Card,191361.26
18999,4037,2025-04-03,Cash on Delivery,223978.4
6192,4240,2024-03-07,UPI,173980.82
1756,2544,2024-08-31,Cash on Delivery,69984.69
8078,1428,2022-08-21,Credit Card,323901.46
15691,296,2025-05-30,Debit Card,269461.75
3026,3295,2024-02-14,Cash on Delivery,19708.66
574,3845,2024-12-19,Net Banking,57245.32
3186,2970,2024-05-09,cash on delivery,33824.94
14293,3708,2025-06-06,Debit Card,148623.8
12003,3160,2022-02-17,Debit Card,
14199,3679,2021-05-07,,68213.7
15674,854,2024-03-04,credit card,61070.76
11506,892,2024-06-27,Cash on Delivery,100716.8
18496,428,2021-11-06,Net Banking,41808.27
9223,1867,2022-01-24,Cash on Delivery,466488.03
17063,3380,2023-08-02,,160591.96
8809,3610,2025-07-04,Cash on Delivery,102573.16
2777,1469,2024-09-25, UPI ,21185.3
12110,4210,2024-04-16,UPI,458230.54
16121,804,2024-11-22,Cash on Delivery,209526.47
6911,1358,2024-02-16,,502110.89
19002,3565,2024-02-29,Credit Card,452070.39
4100,3808,2021-11-15,Debit Card,187780.31
555,2586,2024-03-17,Net Banking,120487.78
13579,1386,2025-11-06,Net Banking,238602.05
2285,2307,2025-08-26,Net Banking,174549.24
14235,4327,2025-05-04,Credit Card,264397.56
6680,659,2025-04-22,Debit Card,492461.95
3592,2299,2022-11-14,,234409.74
9321,3112,2023-01-01,,337139.91
6731,2790,2024-11-10,Credit Card,301137.15
10386,943,2020-03-29,Net Banking,253364.41
1158,2156,2024-07-24,Credit Card,53694.16
5993,1857,2024-10-24,Cash on Delivery,86305.48
10313,4695,2025-04-08,UPI,201870.21
19716,620,2024-12-10,Net Banking,97319.04
12567,485,2025-07-28,Credit Card,121632.5
13471,2408,2025-09-12,Debit Card,226499.7
2776,1045,2023-12-14,Debit Card,62330.48
8081,1754,2024-09-13,debit card,272063.06
14105,1162,2023-09-06,Cash on Delivery,151135.28
19265,1392,2024-07-01,Net Banking,
8844,408,2024-01-25,Credit Card,105130.97
15394,1092,2025-05-02,Net Banking,375752.16
11772,2584,2024-08-14,Debit Card,169033.89
1458,4914,2024-12-28,Cash on Delivery,441694.35
14788,4058,2023-01-19,UPI,208713.25
3798,4533,2024-11-09,Net Banking,100191.47
406,1076,2023-10-14,Net Banking,352607.52
2096,12,2023-09-12,Net Banking,241310.5
19493,4426,2024-09-28,Net Banking,69935.72
13032,4510,2021-07-06,UPI,57484.95
6746,2289,2021-09-30,Credit Card,196194.45
11971,3739,2023-03-30,Cash on Delivery,13453.76
10206,1109,2021-05-11,Credit Card,114072.52
6702,1990,2022-12-19,Net Banking,31712.41
9021,2352,2022-08-23,,285545.12
12541,4952,2025-01-16,Credit Card,11340.17
7504,1797,2024-05-17,UPI,190114.8
4469,1240,2024-08-04,Credit Card,142827.29
4803,2162,2024-11-15,UPI,165627.39
16028,1808,2024-05-19,Credit Card,303686.31
13486,3865,2024-02-20,Net Banking,10978.63
2440,4633,2024-01-31,Debit Card,290941.13
18103,4983,2024-12-24,UPI,111186.51
9035,1993,2025-12-02,UPI,35759.73
19428,123,2024-05-05,UPI,108700.34
14894,1126,2025-05-11,,320411.79
6610,270,2024-10-22,Net Banking,285625.07
2997,1339,2024-07-18,Credit Card,48300.26
850,2341,2020-08-04,Credit Card,3590.12
6127,4298,2022-06-25,Net Banking,165707.04
4378,3913,2023-08-23,Cash on Delivery,73622.12
10884,1208,2024-04-28,Credit Card,177699.1
14406,2983,2025-10-03,UPI,421167.13
13996,4500,2021-01-01,DEBIT CARD,294616.2
8999,4962,2024-09-15,Net Banking,433862.13
3020,207,2022-07-31,Debit Card,188424.65
3037,2868,2024-12-17,Debit Card,256256.4
14541,3442,2025-07-11,Cash on Delivery,254594.11
9495,1813,2024-12-02,Credit Card,255290.48
9366,1764,2022-04-19,Cash on Delivery,462057.99
540,1341,2022-09-25,Cash on Delivery,
16817,1935,2020-12-06,Net Banking,91744.99
6972,2218,2025-09-14,Credit Card,36958.91
2287,1718,2024-04-10,Credit Card,92280.06
14923,1828,2022-07-09,Credit Card,26948.08
17966,2079,2024-04-14,UPI,46722.99
16123,175,2023-12-24, Cash on Delivery ,294261.16
6897,441,2024-06-17,Credit Card,126512.28
5391,2996,2020-03-23,Cash on Delivery,25695.26
15912,3299,2022-12-05,UPI,367831.11
14045,2849,2024-10-08,Credit Card,56963.66
12920,2819,2024-12-30,Credit Card,122001.3
12415,2805,2024-07-10,Cash on Delivery,63364.59
14735,1500,2025-10-17,Net Banking,215921.36
13858,4839,2025-07-26,Net Banking,330012.88
11750,3167,2021-11-05,Credit Card,176474.14
2461,3608,2023-11-22,Cash on Delivery,1082.18
9501,2650,2022-04-24,UPI,208616.59
8583,885,2024-05-16,Credit Card,146880.1
784,852,2024-10-22,Cash on Delivery,429159.68
2182,670,2022-01-18,Credit Card,71451.0
7221,4324,2021-03-20,net banking,190685.57
8624,4569,2024-09-14,Cash on Delivery,256082.98
4605,3384,2024-06-22,Credit Card,251251.09
18181,182,2024-06-19,Cash on Delivery,197668.38
5888,4948,2022-01-25,,91075.76
9986,1070,2024-10-25,Credit Card,58113.15
9784,4366,2022-11-16,Credit Card,374037.64
11522,2855,2022-07-21,Credit Card,
5044,4411,2024-09-18,Net Banking,146376.62
6439,966,2023-05-24,UPI,199393.0
17693,3900,2022-03-12,Net Banking,145333.7
14949,117,2022-09-21,Credit Card,284310.33
6504,4411,2025-10-31,Net Banking,97911.15
14985,171,2025-08-02,Credit Card,119113.3
5842,3302,2024-01-22,cash on delivery,12692.76
6631,1394,2021-10-14,Credit Card,3121.6
1459,2985,2025-05-07,Debit Card,175294.28
12792,2434,2025-12-06,UPI,106059.6
19582,3143,2025-12-03,Credit Card,235947.65
6784,3406,2025-01-14,UPI,62940.01
13751,2066,2024-06-16,Debit Card,28759.18
2931,2849,2025-06-22,UPI,104395.62
18462,2449,2025-01-19,Net Banking,32087.0
5644,3844,2025-10-27,UPI,124813.3
4007,1100,2025-12-22,Net Banking,81362.86
15368,1712,2024-04-20, Cash on Delivery ,52130.75
6063,846,2024-04-28,,576942.13
15154,1548,2021-03-12,Cash on Delivery,244164.36
10272,3777,2024-05-17,Cash on Delivery,133896.62
3402,389,2023-02-03,UPI,76800.86
19802,2172,2024-03-13,UPI,376135.16
1170,3246,2023-02-28,Cash on Delivery,154526.36
9824,237,2024-04-01,,367618.08
15678,4058,2022-10-19,Cash On Delivery ,31819.53
15623,2787,2023-07-21,UPI,153532.38
9666,2983,2023-08-01,Upi ,285084.85
19364,1832,2023-09-07,Net Banking,65208.74
8962,4520,2025-03-17,Net Banking,97683.2
3181,3060,2024-01-23,Debit Card,182895.44
4408,2409,2024-02-25,Net Banking,149824.56
13174,4858,2020-01-21,Cash on Delivery,293693.75
1844,1991,2024-06-09,Credit Card,128562.75
6017,4601,2022-02-02,Cash on Delivery,61174.44
16230,115,2025-03-30,Net Banking,70515.62
17107,2306,2023-05-25,Credit Card,224467.29
6403,2441,2022-09-01,Debit Card,139728.44
13300,3927,2025-09-25,Credit Card,14797.17
1547,4939,2025-09-02,UPI,7007.19
19360,4442,2025-12-14,Net Banking,318607.24
10378,4502,2024-05-18, UPI ,32144.1
5275,380,2021-08-26,Credit Card,260445.1
3194,2660,2025-08-20,Credit Card,20626.96
13553,323,2020-04-25,Cash on Delivery,118027.85
14070,2788,2025-02-26,Cash on Delivery,264364.2
4729,1718,2021-11-25,UPI,298976.88
13033,1650,2025-12-10,Debit Card,150147.14
14857,196,2022-02-09,Debit Card,41595.66
4669,1875,2024-04-10,Cash on Delivery,230337.8
3877,3861,2023-04-10,UPI,3272.16
12837,2969,2022-08-01,Debit Card,338345.82
14219,1307,2025-01-22,Net Banking,173036.57
15760,830,2024-04-27,Cash on Delivery,333946.42
16243,1680,2020-09-28,Debit Card,111552.79
6975,481,2025-06-11,Credit Card,73255.6
4508,4330,2023-07-27,Credit Card ,77761.65
3808,2279,2023-04-02,Cash on Delivery,22090.55
8832,550,2025-02-16,Net Banking,88902.0
12993,3330,2023-09-03,Debit Card,182756.06
14618,3698,2024-12-17,Cash on Delivery,321607.7
2936,4767,2025-05-04,UPI,177953.4
19005,3034,2023-06-06,Cash on Delivery,214945.54
18256,3088,2025-01-05, Net Banking ,13148.63
5464,1475,2022-04-11,Net Banking,177571.12
14719,3358,2023-08-30,UPI,43113.66
12213,1176,2025-05-04,Credit Card,105253.04
18077,2233,2021-05-08,Credit Card,164346.35
3254,1545,2024-11-13,UPI,401908.83
15716,4688,2025-01-31,UPI,261887.79
11951,3205,2024-02-11,Cash on Delivery,308911.58
19173,3938,2022-04-07,Cash on Delivery,212671.12
11605,1141,2023-12-31,Debit Card,106381.85
764,656,2025-03-02,UPI,239157.87
15636,3555,2025-07-14,Credit Card,194771.71
5720,101,2024-09-19,Debit Card,220479.19
9732,79,2024-04-21,UPI,22208.61
10400,2054,2021-07-08, Credit Card ,48662.27
1374,2420,2024-08-28,Credit Card,
782,1827,2024-10-09,Cash on Delivery,251813.55
13866,4047,2025-12-02,Net Banking,290557.79
15439,1049,2019-11-03,Cash on Delivery,69263.9
17235,1584,2025-01-09,UPI,42182.38
17985,854,2025-09-22,Net Banking,218600.74
5688,4908,2025-01-01,UPI,244715.71
605,23,2021-01-10,cash on delivery,89732.42
12830,3367,2024-06-24,Net Banking,198695.52
15417,3536,2024-12-07,Net Banking,242838.89
18085,4849,2023-05-19,Net Banking,37123.94
14240,216,2024-10-11,Credit Card,342052.17
1345,4476,2025-11-01,Debit Card,182917.86
15139,3413,2023-04-29,Credit Card,234632.89
11916,3688,2025-08-13,Debit Card,169067.81
17099,2913,2022-12-06,UPI,229212.39
3653,4843,2022-10-13,UPI,202729.54
15753,2241,2025-10-04,Debit Card,94520.78
624,1340,2024-11-24,Credit Card,25176.39
8811,275,2022-12-16,Credit Card,62463.14
11790,3302,2025-07-03,Debit Card,228931.28
14515,4570,2023-11-30,debit card,70355.5
661,4843,2023-04-18,UPI,38515.26
19560,3893,2025-10-24,UPI,280199.26
13339,2423,2024-10-06,Net Banking,73340.0
4730,1519,2022-06-16,Cash on Delivery,26062.04
16737,3790,2025-03-13,Net Banking,159344.89
5694,2682,2025-08-20,Debit Card,259953.29
17003,200,2024-06-11,credit card,120824.43
5823,4367,2022-09-16,Net Banking,322951.18
8308,500,2024-01-30,Net Banking,304435.13
10925,767,2025-01-21,Debit Card,68111.78
4532,4624,2025-04-29,Cash on Delivery,107836.48
14259,4389,2020-08-06,Cash on Delivery,141529.08
17740,673,2023-09-18,Cash on Delivery,150019.19
18931,1270,2021-07-04,Net Banking,160106.37
4245,4293,2023-12-31,Debit Card,164134.25
309,1603,2024-12-17,Cash on Delivery,258514.41
19871,4850,2024-07-12,Cash on Delivery,268282.9
12875,4448,2021-10-15,Credit Card,243952.94
15045,4396,2025-07-27,Net Banking,323503.67
4861,4927,2022-09-16,UPI,55472.79
2015,231,2024-12-07,CASH ON DELIVERY,195419.34
10734,2406,2025-07-20,Cash on Delivery,375974.37
10954,3266,2025-06-05,Cash on Delivery,313850.53
19469,910,2024-10-15,Net Banking,
1761,2703,2024-04-11,Net Banking,36016.9
9892,2599,2023-09-12,Cash on Delivery,91609.59
5233,2700,2023-12-24,DEBIT CARD,327077.94
8672,676,2022-01-14,UPI,538122.6
15109,4331,2024-08-28,UPI,211523.48
9394,3319,2022-10-29,UPI,160276.17
18602,2853,2021-11-25,Credit Card,48265.07
17638,886,2024-12-27,Debit Card,23950.41
16571,4855,2020-12-19,Credit Card,23804.55
2914,4515,2021-12-24,upi,168665.18
16970,406,2021-12-05,Cash on Delivery,291229.39
16282,4779,2025-08-23, Cash on Delivery ,219785.27
3308,1045,2025-01-16,UPI,44100.9
3373,1044,2024-04-30,Debit Card,24632.49
465,4524,2021-11-03,Cash on Delivery,428251.04
7771,1273,2024-10-24, UPI ,488402.44
3245,477,2022-06-16,Debit Card,350817.42
16466,4746,2021-09-07, Credit Card ,61465.71
10798,3261,2025-10-11,Net Banking,59401.08
6596,812,2021-07-11,Cash on Delivery,27863.16
11612,3062,2025-10-24,Debit Card,
3061,3320,2022-04-02,,159796.8
5452,842,2023-10-21,UPI,18455.76
17645,1729,2023-07-11,Credit Card,125219.65
4321,3039,2021-03-28,Cash on Delivery,76575.2
4643,439,2025-06-08,Debit Card,288262.64
2611,3119,2022-01-12,UPI,54600.78
13992,2146,2024-10-18,UPI,126139.37
8815,1785,2025-04-21,UPI,167803.51
3522,2853,2023-08-11,Net Banking,108367.05
19603,4432,2025-11-07,UPI,296041.94
12873,1608,2024-02-19,Cash on Delivery,269930.51
6509,2042,2025-09-26,UPI,191781.59
16261,2666,2024-08-21,Debit Card,41394.47
10630,2012,2024-06-26,UPI,29219.28
17833,487,2025-07-18,Cash on Delivery,181047.03
10225,3998,2021-02-18,UPI,86159.18
18288,3422,2025-06-09,Credit Card,14157.43
6390,3666,2023-07-19,Net Banking,49514.0
19566,375,2025-01-14,Debit Card,393435.27
10678,1207,2025-05-17,Net Banking ,117998.43
4689,2632,2024-11-21,Cash on Delivery,94047.69
16327,1496,2021-11-22,Credit Card,534224.95
7116,4997,2023-05-12,Credit Card,236759.96
17937,245,2021-02-25,UPI,1401.12
19007,4938,2021-09-24,Net Banking,63256.69
10439,386,2021-11-06,Debit Card,63911.17
11692,4584,2025-07-15,UPI,171445.18
16208,951,2025-08-17,Credit Card,35001.8
6573,3437,2024-02-18,Net Banking,67643.22
1179,4324,2023-04-20,,159674.01
15606,1017,2024-04-21,UPI,47237.04
12,2894,2024-10-21,Net Banking,350786.65
9325,3853,2020-12-08,Debit Card ,230503.41
583,3268,2025-04-29,UPI,135374.62
13871,4191,2024-01-06,Credit Card,249432.62
13919,4854,2024-11-21,Credit Card,261007.29
5729,3702,2019-05-06,Cash on Delivery,130728.6
14842,4605,2025-03-06,UPI,64559.89
11301,2492,2024-05-12,Cash on Delivery,40780.6
1161,4942,2025-07-19,Net Banking,114636.04
4474,3332,2025-08-02,Credit Card,215170.9
10338,1331,2022-06-09,Credit Card,120351.4
13363,904,2025-10-27,Credit Card,151159.71
18076,4707,2024-10-15,Credit Card,338938.11
3129,1353,2024-12-23,Net Banking,349534.53
7898,3492,2023-11-29,CREDIT CARD,190646.2
16003,807,2024-10-29,Credit Card,
19567,1821,2024-05-03,Net Banking,369459.88
6396,1040,2024-09-26,Debit Card,286285.73
17173,39,2024-07-02,UPI,210499.04
3237,396,2021-04-20,UPI,307933.89
5042,1358,2025-01-09, Cash on Delivery ,54146.52
7497,310,2024-10-04,Cash On Delivery ,219991.35
2178,2375,2023-11-23,Net Banking,93778.95
11814,2945,2022-10-25,Credit Card,242735.48
19536,3322,2025-12-05,Net Banking,167761.19
14643,881,2025-04-01,Credit Card,48598.02
7953,2452,2025-12-09,Credit Card ,251501.25
15121,460,2021-04-29,UPI,25165.64
724,3391,2025-07-03,Credit Card,125579.56
8525,1592,2020-12-14,,233478.8
15300,795,2020-04-20,,227701.72
15268,4723,2022-09-04, Net Banking ,22173.47
3435,2987,2025-05-03,Net Banking,32890.04
8202,4998,2023-07-09,Credit Card,159186.24
1617,2387,2024-10-25,Cash on Delivery,28877.93
9095,2755,2022-11-08,Cash on Delivery,202828.4
6809,1487,2025-08-17,Cash on Delivery,37958.91
9845,1984,2023-03-27,Cash on Delivery,253796.55
11191,4574,2024-01-04,Debit Card,97762.98
19505,2242,2022-06-01,Credit Card,59546.68
4624,1053,2024-12-22,Net Banking,190238.28
13581,1394,2023-01-30, Net Banking ,251193.37
13605,176,2023-03-26,Net Banking,156742.24
16656,1865,2025-10-11,Debit Card,112108.23
14477,1339,2021-05-17,Cash on Delivery,229732.52
1902,3926,2025-11-13,Debit Card,218896.64
16302,4062,2022-10-08,UPI,248728.97
13085,1670,2021-07-27,Cash on Delivery,336309.8
3244,2448,2023-12-02,Net Banking,184350.06
4065,2668,2024-08-30,Debit Card,194831.39
11578,243,2024-11-14,Net Banking,79035.92
10912,1355,2023-08-31,Debit Card,469806.62
9462,4034,2022-06-11,UPI,203576.45
4681,4756,2023-01-29,UPI,326775.37
13788,2253,2024-03-14,Cash on Delivery,231621.13
13317,1321,2024-10-13,Credit Card,160040.91
11632,3592,2024-10-26,Debit Card,78903.04
15911,4921,2021-07-06,Debit Card,390929.25
7364,3861,2022-03-29,Credit Card,145762.62
5267,2294,2023-03-10,Cash on Delivery,258104.75
15032,2390,2025-08-09,Credit Card,331615.64
6408,1482,2022-11-30,Credit Card,211756.4
19813,1053,2021-04-14,Debit Card,73476.96
2064,1045,2021-04-26,Net Banking,255305.12
2566,1852,2024-11-15,Net Banking,157734.36
13505,479,2025-08-19,Cash on Delivery,145150.09
5964,1521,2024-08-18,Debit Card ,65202.17
16395,4556,2023-10-22,Net Banking,267195.69
5584,4257,2023-02-21,Net Banking,335786.91
2851,471,2021-02-25,Net Banking,48318.28
1884,1526,2024-07-19,Net Banking,198311.22
18843,3666,2024-11-21,,236108.23
11256,264,2023-06-18,Net Banking,193207.85
19987,3668,2025-11-07,Cash on Delivery,169900.12
2269,3539,2023-10-23,Net Banking,330252.65
16847,4266,2021-11-05,Cash on Delivery,36891.81
14171,2889,2025-07-04,Net Banking,131061.44
1302,3157,2021-10-26,Cash on Delivery,239887.75
5914,4774,2024-05-26,Debit Card,204189.22
18055,3764,2023-10-09,UPI,172527.6
4644,3897,2022-01-04,Credit Card,195029.69
2330,3206,2024-08-07,UPI,33548.4
19386,4573,2025-12-28,,105210.45
636,3314,2024-05-14,UPI,72338.5
8296,404,2022-09-01,Cash on Delivery,235280.44
617,2684,2023-08-16,UPI,169837.96
5038,4827,2024-03-10,Net Banking,207105.68
15532,2448,2024-10-10,Net Banking,66535.15
3778,2811,2025-08-07,Credit Card,154105.76
9342,2617,2021-06-03,Cash on Delivery,431066.14
19728,450,2023-04-19,Cash on Delivery,98010.31
5466,2805,2024-07-31,Debit Card,32702.83
13818,2099,2021-04-07,net banking,345190.86
7602,4071,2023-09-09,UPI,423579.68
6209,3975,2022-08-07,Credit Card,207419.89
7154,4909,2022-12-04,Debit Card,36360.61
13741,4542,2025-10-30,UPI,141269.92
700,35,2021-06-03,Net Banking,29115.35
16424,2373,2023-07-27,Credit Card,158322.06
18830,2512,2025-06-22,Cash on Delivery,37084.86
13357,791,2021-08-07,Net Banking,88360.89
11649,1500,2021-05-14,UPI,135491.52
8472,3898,2021-07-18,UPI,99039.53
16890,2584,2022-05-23,Cash on Delivery,134270.67
8176,3969,2023-08-23,UPI,184914.06
19162,517,2022-12-17,UPI,127112.37
5247,1262,2024-11-19,Cash on Delivery,5721.61
18669,4463,2024-04-06,Debit Card,75509.28
13808,2305,2024-02-06,Credit Card,53259.45
11705,2717,2025-08-01,Debit Card,10433.4
15571,530,2019-12-22,Debit Card,135653.58
16086,3394,2024-09-20,nan,207040.69
13587,632,2021-09-27,Credit Card,106671.96
9021,2352,2022-08-23,,285545.12
6417,3444,2024-08-14,Credit Card,312009.4
11683,4138,2023-09-23,UPI,60625.67
5804,3842,2025-02-14,Cash on Delivery,78335.7
15414,738,2025-11-14,Net Banking,196397.39
14466,2919,2025-10-08,Credit Card,250149.77
3352,3321,2020-01-17,,320983.15
112,3785,2023-11-28,Debit Card ,265882.02
3506,4443,2024-05-16,Cash on Delivery,158361.02
14700,2611,2024-12-03,Cash on Delivery,55473.15
3279,4937,2021-11-03,Net Banking,
8111,3256,2025-04-13,UPI,300287.27
19245,3430,2025-04-01,Credit Card,261654.11
11869,4544,2024-02-02, Net Banking ,232065.39
10512,3842,2025-06-12, Net Banking ,152660.05
2696,2154,2025-08-05,UPI,4275.93
16228,2931,2023-05-31,Credit Card,177751.07
750,4427,2023-12-31,Cash on Delivery,112345.98
19456,1397,2022-02-22,Net Banking ,31471.51
1405,4636,2025-10-16,UPI,316445.43
14772,1762,2025-04-16,Debit Card,114977.02
13135,696,2024-09-02,Debit Card,238506.77
9913,1691,2023-02-03,Net Banking,370319.16
12410,3210,2025-10-02,,290263.11
18393,4935,2025-04-18,Debit Card,82367.22
2478,951,2024-01-16,Cash on Delivery,67255.38
12062,2816,2023-04-05,Credit Card,300944.7
17836,1246,2023-12-07,,59928.07
14571,3403,2023-04-02,Credit Card,225395.28
15745,3194,2022-11-28,Debit Card,293275.93
14584,931,2021-08-04,Net Banking,106377.67
16527,2381,2024-06-16,Net Banking,74967.99
10522,3796,2024-01-16,UPI,255224.3
10352,2820,2024-01-21,Net Banking,333465.26
16737,3790,2025-03-13,Net Banking,159344.89
2755,1740,2023-07-18,Credit Card,226521.32
3326,2056,2024-05-10,UPI,154301.4
17930,4578,2025-08-06,Net Banking,30710.27
13332,4236,2023-02-27,Credit Card,333005.29
15432,3891,2022-09-28,Debit Card,446846.99
14157,50,2024-04-01,Cash on Delivery,202794.48
6024,2299,2024-03-06,Debit Card,69134.3
19810,2337,2025-02-05,Net Banking,270589.97
4054,2003,2022-02-10,Net Banking,59911.47
16598,4417,2022-12-23,Debit Card,204388.21
15450,4616,2025-03-01,Net Banking,253244.68
15865,4236,2019-10-19,Cash on Delivery,75880.68
5172,1058,2020-03-20,Net Banking,181706.85
10582,3775,2023-02-20,,23896.32
4239,4757,2021-12-06,Net Banking,176371.4
13315,4980,2025-09-28,Credit Card,476540.61
4679,2661,2023-02-07,Credit Card,251241.9
6718,2949,2025-12-05,Debit Card,16428.6
18609,1932,2024-02-03,UPI,66155.02
12759,2880,2025-11-22,Debit Card,70148.01
2662,2541,2023-05-04,Cash on Delivery,148738.54
10119,4848,2025-03-12,Net Banking,98373.17
17213,3158,2025-11-17, UPI ,84764.98
13585,4960,2025-09-25,Credit Card,17103.38
1332,2090,2025-08-29,Cash on Delivery,17432.73
16904,3568,2023-12-24, Cash on Delivery ,171024.25
10242,60,2024-05-13,Debit Card,86880.69
14897,2145,2025-01-31,Net Banking,
1452,1991,2025-09-07,Debit Card,31190.46
15793,1721,2021-10-20,UPI,203526.5
3786,4148,2025-01-19,Cash on Delivery,98946.97
5096,3948,2025-05-18,Net Banking,153984.23
9964,1426,2021-06-19,Net Banking,71436.47
13668,799,2025-11-27,Net Banking,166063.72
8191,2138,2024-01-30,Debit Card,252946.66
15759,1527,2020-07-03,Cash on Delivery,248072.62
8928,1696,2024-01-30,Debit Card,239680.67
3867,3953,2022-12-07,Debit Card ,108733.35
6601,37,2020-09-27,Cash on Delivery,86188.02
13051,2353,2023-02-20,CASH ON DELIVERY,21642.8
11910,1383,2024-03-19,Debit Card,52669.54
12174,3201,2024-12-25,Net Banking,41361.05
18253,2058,2025-11-03,Debit Card,193047.12
3042,1496,2025-02-15,Debit Card,10454.43
11964,3749,2025-04-24,Debit Card,415418.45
19037,3515,2023-07-11,Cash on Delivery,222043.44
13983,4706,2023-10-16,UPI,291565.4
11182,2636,2024-08-23,Debit Card,26451.42
12238,4553,2025-06-30,,316848.5
6315,4380,2024-04-07,UPI,143346.67
18329,4698,2023-11-25, Cash on Delivery ,110485.2
19650,2279,2025-07-30,UPI,260902.32
10876,2041,2025-03-04,Net Banking,215902.06
14827,4975,2020-09-04,Debit Card,249564.59
3572,1134,2022-09-21,Debit Card,160562.15
12621,4287,2025-03-28,Debit Card,18999.7
19323,4756,2021-05-08,cash on delivery,288612.25
11383,1005,2025-10-23,Net Banking,200783.73
4920,4589,2021-01-21,Cash on Delivery,37917.6
11337,3001,2024-05-30,Cash on Delivery,286850.52
16647,580,2025-03-13,UPI,182295.82
4593,3165,2024-02-17,Credit Card,197274.4
18331,3255,2023-07-12,Cash on Delivery,245548.39
16201,4325,2023-12-25,Net Banking,83455.97
8517,3823,2023-10-24,Net Banking,30381.91
10200,4608,2024-11-28,Cash on Delivery,95395.13
8320,810,2025-09-29,Cash on Delivery,218257.08
17489,1141,2020-07-27,Net Banking,118743.47
748,1263,2020-10-03,Credit Card,277943.63
1807,4452,2025-01-27,Net Banking,176579.99
4946,381,2025-12-25,,102690.32
14445,4266,2024-05-03,Net Banking,310374.63
15590,4886,2023-07-19,Debit Card,48127.64
17789,4324,2025-02-13,Net Banking,280085.22
7223,713,2025-04-19,Credit Card,130504.44
765,3332,2023-12-21,,92793.38
14874,1411,2025-10-28, Credit Card ,248308.29
9324,1243,2025-12-16,Debit Card,314175.98
10655,2144,2024-03-01,UPI,161745.39
204,915,2025-12-03,Net Banking,142619.92
3661,1810,2022-07-12,UPI,
2115,4667,2022-07-21,UPI,348764.32
9876,4271,2021-04-21,Net Banking,206793.03
1284,1824,2025-08-03,Cash on Delivery,95810.25
13259,4044,2024-04-15,Cash on Delivery,87666.48
6178,749,2025-06-26,UPI,134998.27
14117,230,2025-10-10,Credit Card,182872.3
5880,4186,2025-09-11,Debit Card,345332.08
327,3821,2024-03-13,,230987.12
812,3476,2025-04-19,Net Banking,195555.34
6163,4272,2024-12-06,Credit Card,204892.13
11001,1838,2023-01-27,Credit Card,179627.1
2522,2961,2020-02-18,,26158.53
10033,4118,2024-02-29,Cash on Delivery,180242.65
16688,1269,2023-10-02,Net Banking,73209.38
3507,3836,2024-02-27,Cash on Delivery,81577.71
825,4053,2023-03-29,Net Banking,351148.21
4225,3973,2025-03-25,Credit Card,305844.7
3489,1726,2021-05-30,Net Banking,232527.69
15152,2645,2024-01-27,Net Banking,346965.43
17480,2525,2025-09-23,Debit Card,236194.24
12010,4101,2025-06-01,UPI,203493.07
1500,2168,2023-09-10,Debit Card,122505.06
11661,1064,2024-10-09,UPI,127855.27
18802,4532,2022-07-20,cash on delivery,57382.58
4468,1281,2025-07-22,UPI,89025.67
5926,50,2024-12-13,Debit Card,106725.69
6253,2069,2023-01-11,UPI,109995.29
17169,1856,2024-07-06,UPI,53239.43
12192,4740,2025-02-04,Debit Card,236371.87
19442,2879,2025-06-13,Debit Card,117903.36
9055,4913,2023-12-15,Credit Card,41270.02
12552,2765,2025-11-23,upi,62184.14
3769,3795,2023-09-22,Debit Card,141517.28
14297,2266,2025-07-27,Credit Card,156222.43
11367,4807,2022-01-11,Debit Card ,258813.16
3314,4601,2025-07-09,Cash on Delivery,325291.92
6239,2651,2025-08-05,UPI,66238.13
12877,4018,2023-12-14,,102622.41
12521,1839,2025-04-15,NET BANKING,42829.57
9774,925,2025-04-19,Credit Card,26367.66
6689,912,2020-12-08,Credit Card,198282.3
9030,1942,2020-04-09,UPI,88247.32
5060,4335,2023-08-30,Debit Card,255275.67
16884,4325,2022-08-07,debit card,75621.78
15463,1871,2024-03-15,Cash on Delivery,71878.8
10784,2852,2025-10-24,Net Banking,356283.58
17978,2124,2024-11-02,CREDIT CARD,266435.2
9171,793,2023-07-27,Cash on Delivery,408168.53
12682,2182,2024-10-23,Cash on Delivery,288729.53
2977,1710,2024-04-10,UPI,147486.23
6939,2961,2025-12-13,Debit Card,198600.23
7547,2384,2023-08-20,Cash on Delivery,145002.59
12940,3874,2024-06-09,Net Banking,94630.29
19899,2775,2025-04-18,Cash on Delivery,84144.66
5015,1889,2025-03-27,UPI,98125.57
13221,2896,2024-11-04,Net Banking,127795.83
879,416,2023-11-03,Net Banking,247557.52
2079,1153,2025-05-15,Credit Card,339382.53
1725,4712,2025-02-11,Net Banking,237458.82
17270,2770,2025-12-09,UPI,287574.55
1260,3319,2024-10-03,Debit Card ,329781.04
17458,3118,2023-08-09,Net Banking,320281.41
5798,4062,2025-01-19,credit card,235947.4
9932,673,2023-05-03,Net Banking,17572.64
117,998,2025-12-06,Debit Card,73059.27
8949,1247,2025-07-20,UPI,87040.59
19684,465,2025-05-19,Cash on Delivery,137296.94
12189,2507,2022-11-10,,277568.77
16325,3962,2025-01-29,Net Banking,136698.72
5244,2252,2024-05-05,UPI,89901.47
8249,4711,2024-11-20,Upi ,114560.41
7691,1175,2025-04-22,Cash on Delivery,261476.27
10537,2168,2022-09-11, Net Banking ,257810.31
19564,4852,2024-06-25,Net Banking,208818.64
15295,249,2024-11-07,NET BANKING,185684.55
13067,22,2025-03-28,Cash on Delivery,215684.0
5614,3443,2024-05-15,Credit Card,262899.66
17085,4860,2023-03-24,Net Banking,381923.56
4939,3566,2025-10-10,Net Banking,71132.42
4514,2602,2020-11-22,UPI,341555.6
2557,2776,2025-04-18,UPI,58041.56
11335,3604,2023-09-05,Net Banking,257199.62
7496,1919,2020-11-04,Debit Card,111005.37
15132,4784,2023-08-25,Debit Card,
13231,1031,2025-05-09,Credit Card,423534.17
503,764,2025-02-03,Credit Card,99971.93
6219,2223,2025-11-16,Cash on Delivery,266379.58
14845,2033,2023-05-15,UPI,228539.65
16748,820,2020-05-24,Debit Card,184793.95
5362,1138,2023-09-01,Net Banking ,287396.25
11780,2812,2022-09-05,Cash on Delivery,16579.77
8735,64,2025-06-25,,
17174,1286,2024-01-18,,261342.0
10919,3279,2022-09-25,Net Banking ,35527.47
1186,4888,2025-10-22,Debit Card,347810.73
12832,2901,2024-01-05,Net Banking,411442.91
16278,2885,2024-10-27,UPI,414540.2
14729,4700,2023-02-02,Net Banking,13074.21
1793,296,2025-10-09,Net Banking,246656.62
13313,1488,2023-12-07,Debit Card,79113.82
18915,454,2024-05-31,Debit Card,196976.95
11602,1674,2025-12-22,UPI,4289.58
12385,3558,2025-08-20,,58048.44
1631,2450,2025-05-02,Debit Card,44546.89
10827,2195,2024-09-28,Debit Card,220310.24
16754,204,2023-08-12,Cash on Delivery,21279.85
14938,3938,2019-09-16,,181032.0
19120,1963,2025-02-18,Credit Card,56646.6
19861,3432,2023-11-08,,251702.82
18260,781,2021-07-05,Net Banking ,256665.18
2511,1587,2022-01-05,Net Banking,324762.48
14901,4372,2023-05-28,UPI,148558.1
6035,3883,2024-12-10,UPI,573458.05
6277,224,2025-03-23,Cash on Delivery,370946.0
9009,3810,2021-07-29,Net Banking,309670.42
6806,3178,2024-12-27,Debit Card,205037.85
6469,661,2020-10-26,Cash on Delivery,252304.39
17938,1688,2023-12-31,Credit Card,208031.01
4746,3028,2025-08-05,,155900.43
2434,3696,2023-10-01,Debit Card,36125.84
8365,2208,2025-03-14,Net Banking,71504.68
14349,3184,2025-09-23,Cash on Delivery,131685.8
1280,950,2022-09-14,Cash on Delivery,223264.12
4991,296,2024-07-31,Cash on Delivery,147415.91
12307,3870,2025-10-03, Cash on Delivery ,20211.97
15347,1328,2024-10-02,Credit Card,456818.04
3145,3467,2023-07-17,Debit Card,131607.87
19208,3645,2025-08-03,UPI,244778.99
674,3430,2025-04-22,CREDIT CARD,92522.55
32,3781,2022-05-21,Debit Card,148200.58
13201,2094,2025-12-11,UPI,75792.96
16428,2471,2023-11-06,Cash on Delivery,44496.83
16780,2685,2022-05-30,Debit Card,130740.83
1399,3815,2025-02-11,Net Banking,38931.59
8724,3357,2024-06-02,Debit Card,263596.51
1642,1503,2025-02-16,UPI,22387.6
17500,999,2023-07-29,UPI,18183.26
19696,1054,2025-01-09, Cash on Delivery ,116273.06
2118,2263,2023-12-27,Cash on Delivery,180527.71
5182,1010,2023-04-17,,135101.01
6880,3667,2024-02-24,Net Banking,64846.94
341,3241,2023-05-19,UPI,11344.12
5607,3845,2024-10-27,Net Banking,127904.72
9154,906,2025-01-27,,42810.23
7366,2953,2025-04-26,Net Banking,39018.09
10941,949,2025-10-17,,294595.76
1030,336,2023-04-23,Net Banking ,34016.48
19939,514,2024-02-15,Net Banking,133465.81
19354,110,2024-01-05,Debit Card,483557.9
19443,2758,2023-11-07,UPI,267185.19
10388,1602,2024-04-04,Debit Card,191492.92
2297,1921,2023-01-14,Debit Card,128852.88
4405,3261,2024-02-12,Net Banking,153266.45
13384,3642,2025-04-01,Debit Card,99778.8
10545,3198,2025-03-29,Cash on Delivery,105563.21
16940,2401,2024-10-16,Cash on Delivery,494245.73
7193,3098,2025-10-26,Cash on Delivery,243540.97
758,2769,2022-01-30,Cash on Delivery,324255.64
1718,1078,2023-12-25,UPI,228534.16
10093,3677,2024-03-08,Credit Card,292202.71
19297,4029,2024-02-01, Net Banking ,187582.92
14223,2807,2020-09-01,Credit Card,285586.09
19295,2296,2021-12-16,UPI,91298.26
6980,2746,2025-12-04,Cash on Delivery,41233.71
1813,3312,2024-07-16,Debit Card,156357.42
11271,577,2021-03-11,Credit Card,86136.9
2944,945,2023-03-09,Cash on Delivery,134093.07
13408,1198,2023-12-18,UPI,405515.78
4200,1237,2025-11-09,Credit Card,239309.52
4281,3244,2023-01-08,Net Banking,200044.65
13061,509,2024-03-09,Credit Card,110843.85
19973,202,2021-05-19,Credit Card,252951.23
8314,1927,2024-06-09,Credit Card,68863.03
708,223,2023-01-26,Credit Card,29678.24
10838,2110,2025-05-28,Net Banking,192576.82
19901,507,2022-12-17,Debit Card,210603.55
6041,1513,2024-12-14,Net Banking,115055.1
11039,1319,2025-04-09,Debit Card,142345.54
11500,4887,2024-09-08,Cash on Delivery,147275.98
17147,4486,2023-04-26,Debit Card,208706.55
19277,1169,2022-08-10,Cash on Delivery,49824.59
7733,2410,2025-03-01,UPI,362305.38
9646,3635,2023-05-30,Debit Card,
19045,3261,2020-04-25,UPI,184036.26
9075,1922,2019-07-13,CREDIT CARD,164403.22
18883,1416,2024-08-05,Credit Card,434956.23
18246,157,2025-07-23,Net Banking,338598.66
755,2401,2023-02-04,Cash on Delivery,263643.01
6995,76,2024-06-15,Cash on Delivery,80352.66
629,3775,2023-01-28,Credit Card,386558.71
2503,1778,2025-01-22,Cash on Delivery,33141.87
14307,673,2024-07-18,Debit Card,215551.92
1777,3565,2022-11-19,UPI,27551.17
4558,3716,2021-02-06,Debit Card,357939.27
15990,3445,2021-02-15,Net Banking,136580.62
4792,3586,2025-11-01,Credit Card,226018.22
18673,347,2025-10-05,Credit Card,435705.68
7390,4744,2024-11-30,Credit Card,401041.15
17745,86,2025-08-31,Debit Card,282980.89
15019,3941,2022-08-21,Net Banking,84880.76
8585,1994,2024-09-05,Debit Card,110609.14
6824,3856,2020-09-21,Credit Card,25289.66
12998,2894,2023-11-09,UPI,218229.57
18299,1087,2023-11-10,Cash on Delivery,9731.6
774,3849,2023-10-07,UPI,101978.25
13915,323,2025-01-05,Net Banking,59586.28
8213,414,2024-10-09,,61559.33
18592,1433,2025-12-14,Credit Card,252490.5
17618,3741,2024-06-05,Debit Card,261749.19
9469,1933,2022-10-15,UPI,31451.32
15085,146,2025-01-02,UPI,176569.11
3998,3035,2025-06-26,Credit Card,16405.77
7491,1563,2021-02-14,UPI,45931.73
2990,406,2024-11-24,UPI,251109.91
6406,3964,2021-01-20,Net Banking,366378.04
14076,2300,2025-06-11,Cash on Delivery,170074.31
11706,3896,2025-02-03,UPI,72582.69
14230,4305,2025-05-07,Credit Card,49614.7
14684,4317,2024-09-28,DEBIT CARD,384669.37
9748,1581,2025-02-25,Cash on Delivery,55451.16
7566,638,2021-06-26,Credit Card,411856.85
8972,2949,2022-08-05,,5407.27
563,435,2024-09-15,debit card,295074.08
214,4534,2025-05-28,UPI,194303.65
5220,2686,2024-07-22,Debit Card,240954.93
19944,3970,2025-06-08,,23175.78
8692,815,2024-10-07,UPI,233014.01
5933,1528,2024-02-20,Net Banking,131910.72
18337,4009,2024-05-27,DEBIT CARD,350918.57
18520,847,2025-05-19,UPI,351085.7
2631,676,2024-08-02,Credit Card,57282.52
16708,3427,2021-10-06,Cash on Delivery,369345.1
8545,4878,2024-03-10,Debit Card ,88715.34
1291,4576,2024-02-26,UPI,38300.09
9685,4676,2024-09-01,Credit Card,136336.51
1066,1360,2024-12-09,Cash on Delivery,293007.83
247,4213,2021-01-21,Credit Card,357935.24
2518,36,2025-11-26,Net Banking,
11009,1916,2025-10-21,Credit Card,107821.34
13335,3212,2023-07-28,Cash on Delivery,139635.82
3466,4504,2025-06-19,Cash on Delivery,112404.62
17167,2280,2024-12-09,UPI,151598.65
17577,2474,2022-04-05,Credit Card,184612.05
5449,3223,2024-06-08,Net Banking,241285.69
19010,4024,2024-03-08,Cash on Delivery,151334.22
15958,3065,2025-10-09,Debit Card,5386.58
16284,2763,2021-05-19,Credit Card,10730.76
14799,2995,2024-10-18,Net Banking,309600.87
11586,585,2019-04-09,Net Banking,150527.82
2938,1742,2022-12-04,Debit Card,440915.6
8571,1086,2025-11-22,Net Banking,119254.1
4559,2097,2022-01-13,UPI,83990.79
15103,3288,2024-05-28,Debit Card,493775.37
6985,4805,2025-09-22,Debit Card,204192.06
13733,1636,2023-07-26,Net Banking,119067.25
18131,309,2022-12-19,Cash on Delivery,163938.49
7614,4414,2025-05-14,Cash on Delivery,387461.16
16903,2595,2022-06-30,Net Banking,345552.87
16360,1019,2024-01-21,Cash on Delivery,30593.82
15998,1191,2021-01-10, Cash on Delivery ,119603.88
16287,3855,2023-06-12,Cash on Delivery,158230.64
1992,4408,2022-09-19,Cash on Delivery,169964.65
2325,329,2024-03-25,UPI,276642.2
10596,1278,2025-12-04,UPI,306872.48
14318,3431,2020-01-05,CREDIT CARD,274846.79
16858,2629,2023-03-26,UPI,58569.96
17225,1968,2023-01-07,Debit Card,73589.1
8336,4422,2025-11-13, Net Banking ,85918.72
5151,2971,2025-05-28,Cash on Delivery,34787.82
8615,1809,2023-11-09,Cash on Delivery,204817.49
1067,4684,2024-04-11,UPI,282050.79
13577,3163,2024-11-27,Credit Card,244449.36
9032,1113,2023-12-04,debit card,114193.78
17041,2443,2024-04-16,Credit Card,375657.81
15077,545,2024-08-12,UPI,27249.28
13361,4560,2021-09-20,Credit Card,292792.5
18416,2950,2023-08-31,UPI,123211.04
11911,2844,2023-08-30,Credit Card,231125.28
16938,4510,2021-09-02,credit card,392135.53
2497,2774,2023-11-28,Debit Card,145833.62
3259,2052,2023-10-11,Cash on Delivery,237893.15
17767,4279,2021-10-08,Debit Card,189375.75
17626,2949,2024-05-15,Debit Card,452653.29
4664,1414,2022-08-17,UPI,167217.32
13431,3655,2022-02-07,Cash on Delivery,76202.55
12956,1393,2024-06-15,Net Banking,67713.69
3031,4656,2024-11-03,UPI,149187.36
15491,2641,2019-12-20,Debit Card,
1543,21,2025-12-25,net banking,5356.56
10454,4894,2025-09-08,UPI,189655.94
14995,276,2025-03-27,Cash on Delivery,44818.94
15970,4682,2024-08-03,Cash on Delivery,274043.44
14364,2431,2023-12-10,Cash on Delivery,182425.4
17624,2318,2022-02-15,Debit Card,402976.3
9260,1701,2022-05-17,Cash on Delivery,259278.94
18705,1326,2022-08-31,Net Banking,140677.31
2263,3467,2024-07-13,Cash on Delivery,211769.06
12033,1439,2024-04-10,Net Banking,308641.11
19743,3246,2025-03-30,,389139.06
11293,4698,2021-11-05,,189092.36
11027,4891,2019-08-22,Net Banking,200266.5
19242,1144,2021-08-26,Net Banking,404263.47
10398,4675,2025-11-17,Net Banking,219421.71
1219,2868,2025-09-10,Credit Card,511978.2
13854,2131,2025-01-01,Debit Card,94252.56
12353,1131,2023-12-07,UPI,129969.71
13997,3882,2023-07-30,Debit Card,214151.59
19348,497,2025-06-10,UPI,134196.2
3155,4922,2024-07-06,Net Banking,318865.44
8775,2735,2022-10-18,Credit Card,82421.81
11878,4375,2023-08-20,cash on delivery,185261.7
5432,2813,2023-05-01,Net Banking,202034.14
1697,1339,2019-11-18,UPI,235782.85
11827,105,2025-06-21, Net Banking ,
11395,398,2023-08-17,UPI,9882.0
834,2564,2021-12-07,Debit Card,164807.44
17474,4043,2025-03-13,Net Banking,107059.2
6732,2341,2023-01-12,Net Banking,22980.38
2878,135,2025-03-05,Debit Card,130617.94
16096,4350,2025-09-27,Debit Card,22281.5
12096,2080,2025-07-12,Net Banking,212486.13
4221,3929,2021-03-17,Credit Card,58801.98
7426,3154,2025-04-02,Credit Card,272546.24
5039,4314,2025-06-20, Debit Card ,37409.85
2593,23,2022-12-25,UPI,255812.35
18128,1834,2023-07-26,Cash on Delivery,240359.37
14599,346,2024-01-18,Net Banking,49670.0
19882,2086,2022-07-12,Cash on Delivery,196506.68
1541,4092,2021-01-17,UPI,34248.17
5316,2339,2023-05-24,Net Banking,108307.38
13118,1780,2024-03-09,Debit Card,139168.5
3950,866,2023-08-05,UPI,34175.73
1527,4880,2024-03-30,,51920.9
13900,3813,2022-07-16,upi,383015.86
9711,4643,2022-12-02,Debit Card,57522.87
1053,2976,2024-05-01,Credit Card,105189.04
16796,2195,2024-09-16,Credit Card,26588.26
19660,204,2022-03-30,Debit Card,146867.14
16495,1200,2020-08-20,Debit Card,68323.12
6546,4782,2023-05-14,UPI,77946.0
14359,2483,2025-11-19,UPI,222774.63
8973,4750,2025-06-24,Net Banking,377267.69
5032,2888,2023-06-22,,191418.3
2001,4830,2023-03-29,Net Banking,157238.95
7451,218,2023-10-24,Credit Card,127089.06
9135,3415,2023-10-06,Cash on Delivery,67164.5
15219,650,2025-08-06,Debit Card,64703.32
15096,2334,2024-02-26,Net Banking,393520.27
10772,846,2022-08-15,UPI,235854.92
16753,4609,2024-03-26,Credit Card,74025.94
10463,761,2024-09-28,UPI,351839.43
13198,3429,2022-12-14,Cash on Delivery,204848.2
12969,4792,2024-11-28,Net Banking,56238.9
5861,2535,2023-03-12,Credit Card,271018.21
73,2564,2022-01-30,Net Banking,305593.53
12639,3453,2024-11-30,Credit Card,328912.18
13026,3982,2024-03-24,Cash on Delivery,266910.21
10216,4903,2025-08-21,,21896.91
17055,1742,2024-08-23,DEBIT CARD,
3810,4339,2024-02-07,Debit Card,131148.9
7200,341,2024-11-21,Debit Card,16925.91
13292,3167,2022-08-25,Net Banking,202858.93
18710,569,2025-04-11,Cash On Delivery ,197823.15
2399,1684,2020-11-17,UPI,186265.9
8362,1960,2025-08-25,Cash on Delivery,215572.9
18633,4660,2025-02-18,UPI,138653.03
9799,623,2024-06-13,Net Banking,367673.25
3617,2394,2025-12-02,Credit Card,30545.72
13853,3701,2023-08-25,Debit Card,246671.83
18226,310,2023-07-31,Debit Card,208982.91
14162,3767,2022-07-11,Credit Card,
17927,1710,2024-08-15,Debit Card,347999.42
19876,1499,2022-02-27,UPI,321490.47
5413,376,2024-01-15,UPI,177448.32
19095,2949,2024-05-20,,19723.44
15041,1018,2025-09-04,,274873.07
17541,4667,2021-07-14,Net Banking,206524.5
7536,4520,2024-09-07,Credit Card,234511.53
2357,2290,2021-03-24,UPI,311552.61
5502,4237,2025-06-10,Cash on Delivery,144354.54
2959,2957,2023-09-09,UPI,24969.56
11631,915,2025-04-28,Debit Card,242477.93
8932,2657,2023-11-04,UPI,572686.7
5675,3967,2021-10-25,Debit Card,52856.7
9673,4412,2024-09-21,Upi ,109360.35
16326,183,2024-11-24,Net Banking,143697.52
6927,284,2022-10-29,Cash on Delivery,
18594,3173,2022-09-16,Net Banking,2738.28
8610,3759,2023-03-09,Credit Card,26242.98
5370,1328,2023-12-07,Cash on Delivery,288597.86
19211,4382,2019-10-07,UPI,167524.75
4524,1200,2024-11-06,UPI,232818.87
672,2253,2025-05-31,UPI,269138.74
2126,1556,2023-10-20,Credit Card,100717.24
566,1126,2022-08-23,Cash on Delivery,41198.67
13456,1562,2023-07-31,UPI,
19324,3007,2022-08-06,UPI,79032.83
14622,2336,2023-03-12,UPI,350366.23
1143,3604,2022-01-20,Net Banking,158242.92
7615,957,2021-02-15, Net Banking ,179901.69
6402,1375,2023-11-24,Credit Card,257157.99
8430,2676,2023-11-12,Net Banking,269596.75
19085,1767,2025-10-19,UPI,26570.86
659,2118,2024-06-28,Credit Card,299506.89
15224,641,2022-03-21,UPI,127287.57
17561,1601,2024-05-13,Net Banking,230880.34
1320,2793,2025-06-21,Cash on Delivery,110898.32
10555,1916,2024-08-11,Credit Card,145072.13
18195,1241,2022-04-16,Net Banking,2812.83
11433,3956,2024-01-08,,304302.47
11167,3315,2022-09-28,UPI,200755.51
1757,3784,2022-03-10,UPI,356697.1
14227,73,2022-07-03,Credit Card,27074.5
7110,4885,2025-09-05,Net Banking,
15833,4438,2025-06-30,NET BANKING,289614.05
16334,1365,2024-08-28,Cash on Delivery,27076.61
4021,3458,2025-10-03,Debit Card,289074.07
11250,3112,2022-03-20,Net Banking,161594.99
11154,274,2025-05-09,Debit Card,376057.32
4191,1930,2024-06-09,Credit Card,49523.88
10005,4663,2025-11-27,Cash on Delivery,220609.48
5764,4580,2025-07-18,Cash on Delivery,39639.68
9573,2095,2025-06-29,Debit Card,30815.64
1804,3551,2022-09-17,Cash on Delivery,361333.97
9889,3065,2024-07-30,Credit Card,78567.04
13496,4832,2024-02-20,Debit Card,128621.29
10815,774,2025-12-14,Cash on Delivery,290793.6
10262,193,2025-12-22,Credit Card,292789.01
14083,4903,2022-04-20,Cash on Delivery,68355.44
12292,2456,2023-05-17,UPI,27176.51
2625,814,2025-09-26,Debit Card,43196.38
7628,2746,2023-09-09,Debit Card,226318.94
11691,344,2023-11-08,UPI,6089.93
13990,2616,2025-03-04,credit card,14771.93
12766,3118,2020-11-07,Net Banking,5721.6
12859,1819,2021-07-16,UPI,341755.65
19081,4033,2020-10-25,Net Banking,219549.12
13427,4520,2025-04-02,Debit Card,194859.99
384,1333,2021-09-02,Net Banking,40636.89
7095,3508,2021-04-05,Debit Card,152168.76
9487,2664,2025-02-11,Credit Card,133226.0
18982,2817,2022-09-09,Debit Card,57293.06
18384,4598,2022-08-28,DEBIT CARD,196145.86
15659,212,2025-01-22,Debit Card,136080.44
14732,478,2025-09-19,Credit Card,374203.26
18699,1203,2025-01-23,Credit Card,416484.46
19504,1070,2024-06-09,Credit Card,260305.5
10147,1430,2020-05-08,Cash on Delivery,204769.75
11505,4304,2025-12-19,Cash on Delivery,212453.2
16165,915,2024-05-26, UPI ,338983.3
7402,313,2024-08-14,UPI,159299.28
12005,3302,2023-12-28,UPI,
4147,1646,2023-06-05,Credit Card,80813.98
375,4225,2020-08-27,Net Banking,22828.89
13276,630,2025-01-27,Cash on Delivery,125184.69
16687,2211,2025-05-05,Credit Card,96728.72
17774,4559,2023-04-20,Cash on Delivery,277181.0
16770,751,2020-11-22, Cash on Delivery ,250857.27
6898,1946,2023-11-28,UPI,375951.61
5783,4482,2024-03-28,,156826.34
19447,1478,2025-04-11,Debit Card,72863.85
18189,3422,2024-08-30,NET BANKING,141519.19
18721,1875,2024-07-18,UPI,93511.87
6627,1313,2024-11-11,UPI,255555.53
242,911,2023-04-07,UPI,254436.1
3610,822,2024-07-01,,142693.88
9560,4722,2025-06-17,Net Banking,104809.65
1290,1672,2024-12-27,Credit Card,1798.6
46,1104,2024-07-25,Net Banking,158484.74
2570,2137,2024-10-31,Credit Card,272647.57
15630,3441,2025-05-30,Net Banking,91014.95
4149,633,2023-06-22,,44438.1
6666,2157,2024-03-20,UPI,136859.3
14814,2222,2024-12-28,UPI,99197.01
1577,1594,2025-05-02,Debit Card ,156459.33
18623,4390,2024-11-27,,196389.91
11920,4362,2025-11-15,,216821.35
730,1524,2023-12-06, Cash on Delivery ,52649.85
15338,2735,2025-10-03,Cash on Delivery,15949.38
14707,223,2024-11-22,Net Banking,92304.16
8386,439,2021-08-30,Cash on Delivery,85657.06
14288,4927,2022-11-13,Cash on Delivery,156296.57
15275,1022,2022-11-30,Net Banking,251948.41
13260,119,2021-12-25,UPI,
14243,2381,2024-05-30, Debit Card ,119820.04
14610,2917,2025-09-14, Cash on Delivery ,241216.34
4157,1337,2025-08-29,Net Banking,21648.72
13599,451,2024-09-13,UPI,68250.94
9730,1795,2024-07-23,Net Banking,185981.64
12009,1604,2025-01-14,Credit Card,119038.32
8792,2543,2024-01-25,Debit Card,255523.65
16073,2815,2025-02-16,Debit Card,130881.46
16489,3102,2024-11-20, Debit Card ,186850.33
7360,3696,2024-05-25,Net Banking,362307.49
14932,1084,2019-11-12,UPI,1818.56
10864,4564,2024-04-12,Debit Card ,218226.85
12874,2626,2019-10-10,Net Banking,259656.96
13961,2150,2024-12-27,Cash on Delivery,176167.5
7382,3089,2020-06-27,Debit Card,2285.15
6268,550,2024-10-08,Cash on Delivery,195481.34
14591,4829,2021-03-08,,150684.68
9142,2684,2024-10-01,Debit Card,405492.62
2539,1922,2021-10-18,UPI,241132.46
5119,383,2022-06-02,Debit Card,193989.11
3270,440,2024-05-15,Net Banking,244707.8
6870,1184,2023-12-28,Credit Card ,126023.25
2992,195,2025-08-17,Cash on Delivery,
19187,4307,2025-12-26,Debit Card,138164.04
17556,4509,2024-05-02,Credit Card,163108.51
7241,2919,2025-11-02,UPI,167301.28
4329,1501,2024-11-20,Net Banking,236561.9
6572,357,2024-09-21,,158196.58
14031,1077,2024-12-01,Net Banking,31361.36
3571,2463,2025-10-01,Debit Card,32588.02
7036,1639,2023-10-27,UPI,203294.85
18850,2501,2022-04-11,Net Banking,170317.58
9290,3009,2025-11-26,Net Banking,327456.45
9421,489,2025-02-16,Debit Card,139008.28
13042,4016,2025-04-12,Cash on Delivery,361973.98
2026,868,2024-06-03,Cash on Delivery,16866.15
3472,1443,2024-02-12,Cash on Delivery,169061.12
10964,1591,2023-01-18,Credit Card,76615.74
14324,2586,2025-08-20, UPI ,179162.15
1340,2724,2025-08-22,NET BANKING,222704.53
6252,2013,2024-12-09,UPI,121164.93
5173,1771,2025-01-14,UPI,170735.91
18037,2109,2023-12-16,Debit Card,168381.16
485,2333,2024-07-13,Credit Card,210582.18
10182,4754,2022-01-27,Cash on Delivery,
7798,1906,2023-10-28,Cash on Delivery,82608.42
16891,4735,2023-03-21,Debit Card,126618.17
17600,215,2025-11-28,UPI,78266.46
19205,1425,2022-01-24,Cash on Delivery,139377.96
613,4744,2022-11-13,Cash on Delivery,187620.31
16454,847,2025-04-05,Credit Card,19061.97
4451,2214,2022-06-03,credit card,249355.66
19389,4038,2025-02-11,Net Banking,
13266,1629,2024-12-20,UPI,158535.27
11210,1243,2025-05-13,UPI,299529.11
5103,68,2022-06-10,Credit Card,9518.28
19533,3840,2025-05-15,Net Banking,29718.65
5646,514,2023-08-16,UPI,234756.75
11952,4911,2025-02-14,Debit Card,195682.31
9828,3814,2025-06-27,Cash on Delivery,39583.28
1215,191,2024-10-17,Credit Card,171489.98
13287,3512,2025-12-23,Net Banking,170271.44
6371,1880,2022-12-23,Net Banking,219647.26
1095,736,2024-10-26,Net Banking,49763.5
4715,3200,2024-08-31,NET BANKING,41675.76
13146,2223,2025-02-18,Credit Card,286296.21
5552,4625,2024-08-13,Debit Card,96880.1
10542,2862,2025-01-01,Net Banking,402821.7
7054,2748,2023-03-19, Net Banking ,88376.52
12257,273,2020-10-18,Debit Card,401188.56
12739,2232,2023-10-20,UPI,61694.96
12508,3159,2020-12-22,Net Banking,74649.6
17941,2125,2024-02-06,Net Banking,52419.2
2208,4517,2023-11-04,Net Banking,150519.23
18891,825,2023-09-21,credit card,158568.21
3120,303,2024-08-26,Debit Card,209010.98
4214,3659,2024-12-12,Net Banking,105785.77
16818,2559,2024-03-20,Net Banking,291271.68
11669,4412,2024-09-20,Credit Card,181948.39
10107,3553,2025-02-05,UPI,148974.92
13817,3592,2025-10-05,Cash on Delivery,167724.3
18204,2060,2025-12-23,Credit Card,258495.83
5832,569,2025-03-10, Net Banking ,170911.27
6593,4727,2024-11-07,Credit Card,7397.04
15011,682,2024-01-29,Debit Card,234094.85
1023,4214,2025-12-03,Cash on Delivery,97358.36
12983,1758,2025-12-12,Credit Card,107381.16
16735,2966,2023-01-26,Net Banking,82131.72
15238,4792,2023-11-08,UPI,120421.74
3510,582,2024-05-23,Debit Card,240957.77
14612,288,2024-03-09,Debit Card,141725.64
7875,820,2021-03-25,Cash on Delivery,223340.17
7982,4794,2025-06-10,Debit Card,211966.83
9568,2015,2025-04-21,UPI,229318.37
6822,3183,2024-09-17,Credit Card,89279.56
3422,2686,2025-06-26,Debit Card,262164.51
12154,2448,2022-05-20,,323510.14
8015,3082,2024-01-03,Net Banking,154533.11
8208,3975,2025-03-28,Cash on Delivery,214408.17
7403,51,2023-04-16,DEBIT CARD,266573.42
2034,3063,2023-07-08,Net Banking,197451.54
677,2719,2024-03-28,Net Banking,167006.55
19158,811,2025-12-29,Net Banking,22469.02
13840,1188,2025-04-16,UPI,17302.05
17025,97,2022-07-14,Debit Card,145948.98
14247,2315,2022-12-30,Debit Card,184174.27
11626,1765,2024-02-16,UPI,
17256,3866,2022-11-15,Cash on Delivery,212830.85
5907,1169,2025-03-08,UPI,313793.04
518,4094,2024-08-29,Cash on Delivery,168784.1
15680,3039,2023-02-03,UPI,31548.52
8529,868,2024-12-24,Cash on Delivery,53025.01
11207,1701,2023-01-02,CASH ON DELIVERY,283554.2
4374,369,2023-05-13,UPI,111849.78
18707,1266,2023-07-20,UPI,185074.02
4165,4989,2025-11-06,upi,311261.26
11552,4358,2024-09-21,UPI,44981.85
17606,63,2024-08-05,Debit Card,192767.07
8121,4759,2025-10-06,,204613.31
3222,3677,2023-08-04,Net Banking,13522.84
6825,2102,2023-04-21,Debit Card,289009.55
8271,559,2023-06-25,Debit Card,196389.59
5099,3581,2025-09-26,UPI,15146.76
17143,992,2023-05-09,,231075.44
1692,2169,2022-04-07,credit card,306133.38
7976,513,2025-05-04,UPI,439691.29
11168,860,2025-12-08,Net Banking,158353.52
12866,214,2024-05-20,Cash on Delivery,87979.95
11101,2066,2022-11-08,UPI,28652.82
3492,4290,2023-12-18,Credit Card,134667.27
13211,109,2024-08-21,Debit Card,37787.3
1790,1897,2022-02-26,Cash on Delivery,132791.86
1620,306,2024-11-24,Credit Card,298512.78
19106,606,2024-01-13,Debit Card,198467.23
7406,2247,2024-04-05,,461552.47
18525,928,2024-05-18,UPI,39415.26
14988,1036,2025-08-02,UPI,78262.57
3924,3086,2021-10-29,Debit Card,192979.26
3800,4606,2025-05-30, Net Banking ,39417.74
2334,3671,2021-04-25,Net Banking,65182.32
9471,3397,2025-06-29,Credit Card,177547.6
12166,3435,2024-01-08,Cash on Delivery,320509.99
9514,608,2023-06-21,Cash on Delivery,289468.84
8901,2593,2025-10-20,Net Banking,224659.38
12735,2656,2022-02-03,Cash on Delivery,263346.13
11157,4847,2023-08-17, UPI ,107160.07
10571,1087,2024-03-22,UPI,377070.4
92,4232,2025-09-28,Credit Card,174706.74
437,3228,2020-10-31,Credit Card,273356.76
9486,1112,2022-10-26,Credit Card,181023.91
356,3743,2023-08-01,,166141.84
15577,2625,2023-08-19,Cash on Delivery,93690.75
8918,328,2024-09-13,Debit Card,36459.48
14866,1831,2024-08-04,Cash on Delivery,44654.47
10174,4942,2024-10-14,Net Banking,87898.05
16233,1723,2020-01-19,Net Banking,152617.98
4909,2228,2025-10-23,Debit Card,31081.24
8668,1427,2024-10-04,NAN,184105.56
6855,319,2025-05-05,Cash on Delivery,
15147,4769,2025-07-13,UPI,72441.44
1173,2439,2025-06-19,Cash on Delivery,76909.7
13381,1518,2022-05-16,Credit Card,36953.6
13049,2380,2020-04-12,Credit Card,229965.85
11806,46,2024-04-21,Cash On Delivery ,359599.11
19926,4452,2023-10-15,Credit Card,66843.39
5970,124,2024-03-31,Cash on Delivery,195943.44
14097,4541,2024-08-05,CASH ON DELIVERY,157134.15
17619,3313,2024-08-02,Net Banking,38128.21
15097,442,2024-08-29,Cash On Delivery ,136925.91
12082,814,2022-09-06,Credit Card,173681.88
17519,4553,2024-11-06,Credit Card,16065.13
8322,414,2025-06-02,Credit Card,29152.74
14992,4016,2025-03-02,Debit Card,183130.16
7242,3560,2025-06-12,Credit Card,194701.04
6418,205,2022-09-30,UPI,28384.75
9354,3396,2025-09-14,upi,23918.9
14645,2289,2023-04-30,UPI,262129.84
9756,3368,2025-11-24,,176985.84
18453,524,2025-04-25,Debit Card,241785.45
9424,1324,2024-10-16,,169274.02
2843,2672,2023-05-20,Debit Card,100362.12
3714,2741,2025-12-30,UPI,216712.36
952,3597,2023-07-05,Net Banking,346700.66
14383,3473,2023-04-13,Debit Card,290118.45
12081,1251,2021-02-25,,125737.92
10667,968,2023-06-13,Cash on Delivery,96694.3
7629,2815,2024-07-11,Cash on Delivery,
19670,4338,2022-12-03,Cash on Delivery,92672.79
9220,784,2022-03-02,CASH ON DELIVERY,187186.73
19621,2337,2025-09-12,Credit Card,41657.79
17956,1867,2024-06-14,Cash on Delivery,35346.94
4094,3964,2025-05-30,Debit Card,181306.48
17036,1787,2023-07-18,UPI,108897.15
11432,3683,2024-10-26,Debit Card,124098.78
13217,619,2023-07-13,Cash on Delivery,164688.62
8177,3353,2024-05-26,Net Banking,66704.7
17851,2356,2022-02-17,Cash on Delivery,356198.45
12020,2138,2020-12-08,Credit Card,297911.58
18695,3348,2025-08-12,UPI,69489.0
18824,4796,2025-08-15,Debit Card,148188.24
4353,321,2022-02-17,Debit Card,204708.38
15800,2993,2024-12-20,Net Banking,192439.95
16483,2970,2024-09-10,Net Banking,125932.86
11084,1389,2022-06-24,UPI,93562.62
14468,2261,2023-09-17,Debit Card,23104.78
4056,448,2022-10-17,,285721.61
13814,1859,2023-06-23,UPI,237223.65
17733,3085,2025-10-04,,84032.34
16755,2018,2022-07-03,cash on delivery,90175.36
13055,1802,2025-07-23,Net Banking,364006.92
565,4123,2025-09-09,,161941.62
7203,4705,2024-05-31,Credit Card,253419.11
8159,3335,2024-03-17,Debit Card,171194.16
796,2706,2025-03-27,Net Banking,
6295,3493,2025-07-07,Cash on Delivery,184452.65
14151,3256,2024-09-13,Debit Card ,489781.1
18562,765,2023-11-21,Debit Card,60800.34
7354,2425,2021-05-20,Debit Card,373148.28
2823,3451,2021-06-20,Credit Card,197978.33
16991,4310,2024-04-04,Debit Card,53195.84
12424,4091,2023-10-16,Net Banking,336997.18
1957,54,2023-06-01,Cash on Delivery,66923.56
13714,383,2024-04-26,UPI,66958.84
17727,4239,2025-08-19,UPI,89098.16
13719,3335,2025-02-24,Net Banking,399749.16
17982,3289,2023-12-03,Debit Card,156641.56
3783,2277,2025-12-14,Credit Card,91677.96
12327,2181,2025-04-16,UPI,47960.92
8198,4080,2025-05-22,UPI,79722.16
3595,2856,2022-05-26,Net Banking,384088.62
1117,4863,2020-05-25,UPI,61873.72
2328,1579,2024-09-22,UPI,279416.85
17365,538,2025-06-28,CASH ON DELIVERY,96049.12
8387,2772,2022-08-30,Debit Card,225837.51
6451,2290,2025-08-25,Net Banking,170883.97
10211,1282,2024-12-31,Debit Card,107306.52
10991,2233,2022-10-02,Net Banking,179184.19
18137,1859,2025-07-17,Credit Card,132150.17
2881,3906,2024-12-24,,29450.55
5654,532,2025-01-15,UPI,48390.27
1865,3825,2023-05-29,Debit Card,13813.32
6037,81,2024-05-05,Net Banking,405804.92
2686,285,2023-10-25, Cash on Delivery ,186076.05
17334,1581,2025-09-02,Net Banking,216681.46
4907,4166,2022-06-05,UPI,234252.82
9018,3828,2025-07-30,Credit Card,440742.11
11272,308,2024-01-26,,170346.4
3166,2913,2025-03-01,Cash on Delivery,410372.39
19671,2005,2023-09-04,Cash on Delivery,187353.89
13574,3734,2021-03-12,Credit Card,280746.3
1628,3574,2020-06-03,Cash on Delivery,152443.1
14810,3101,2023-04-16,Credit Card,115024.97
19874,4196,2024-11-08,Debit Card ,270608.7
18356,2087,2022-12-01,Credit Card,165793.14
6401,3933,2025-10-04,Credit Card,113254.92
3874,269,2025-01-17,Cash on Delivery,230202.98
13258,3108,2021-11-06,UPI,296174.16
6131,4389,2022-06-05,Cash on Delivery,61579.1
11720,3472,2025-10-14,Net Banking,117789.84
13799,2918,2023-03-18,DEBIT CARD,555619.44
13949,2496,2025-06-28,UPI,62302.72
12125,3840,2023-02-25,Cash on Delivery,449781.34
4084,1493,2024-12-12,UPI,138766.29
2331,2964,2025-10-12,Debit Card,178978.9
16323,4549,2022-11-25,Cash on Delivery,237806.31
19221,3788,2022-04-07,Cash on Delivery,276906.24
4560,2431,2024-07-19,,289544.02
19570,2953,2025-11-09,UPI,439630.82
8196,697,2024-12-15,Net Banking,123690.6
17544,4654,2019-12-16,Debit Card,334642.18
15905,1209,2022-04-16,Cash on Delivery,86274.42
15746,2809,2022-04-22,Net Banking,9218.19
19399,1325,2024-09-23,Credit Card,416672.17
11024,4628,2023-04-06,Cash on Delivery,58698.5
15965,564,2021-05-18,Credit Card,55342.1
18105,2990,2022-09-25,Cash on Delivery,68044.4
13009,2381,2020-08-31,Net Banking,91107.72
10768,1475,2025-01-12,Debit Card,33901.44
246,2113,2025-08-21,Debit Card,202049.96
15251,4021,2020-12-11,UPI,62033.86
3323,4585,2023-10-08,Debit Card,126379.75
15283,2753,2022-11-25,Cash on Delivery,230744.3
12161,3143,2025-08-03,Net Banking,195967.26
11987,1802,2024-09-12,,301852.72
15851,2775,2024-07-19,Credit Card,14608.26
3455,8,2025-09-06,UPI,26921.93
5572,79,2021-08-26,Debit Card,339726.31
2016,1658,2023-10-23,Net Banking,176082.24
2354,2418,2024-02-13,,330394.74
17504,830,2023-07-05,Debit Card,150476.15
869,3783,2024-10-08,Net Banking,74626.73
12250,1984,2022-07-28,Credit Card,322186.73
7224,1633,2025-03-06,Net Banking,343950.23
10177,2848,2024-12-01,,11774.52
12992,1588,2020-09-02,UPI,841.04
4325,1489,2024-01-30,Credit Card,132146.2
3629,1248,2024-10-23,UPI,93386.2
1769,515,2023-06-09,Debit Card,107969.6
15475,2584,2024-03-27,Debit Card,209326.8
16506,660,2025-05-02,Net Banking,81487.59
7500,3179,2024-06-11,Net Banking,198072.28
18387,179,2025-04-27,Credit Card,175705.9
18364,1551,2024-04-10,UPI,489713.87
13804,1701,2022-07-03,Credit Card,159969.08
4737,1430,2025-04-28,Cash on Delivery,208694.26
3814,2093,2022-06-10,Net Banking,110641.7
18868,4464,2021-07-03,UPI,244598.36
5077,3941,2025-02-05,UPI,82744.67
9891,4598,2024-05-22,Credit Card,62004.81
9013,4824,2025-06-08,Cash on Delivery,249640.26
9697,4719,2024-12-18,Debit Card,98043.96
2021,3288,2023-12-18,Net Banking,198850.53
17664,1769,2025-12-29,UPI,34962.94
4217,2708,2022-05-14,Credit Card,353138.62
16513,3533,2025-07-11,Credit Card,314191.44
11908,2136,2025-02-20,Credit Card,156936.84
17363,4108,2022-10-22,Cash on Delivery,64896.99
18093,3980,2022-01-18,UPI,76138.56
358,4696,2021-02-12,Net Banking,192993.07
19606,527,2023-10-13,Cash on Delivery,121174.61
18550,4037,2024-10-07,Credit Card,129763.62
19368,3170,2024-10-08,,24056.83
14378,1033,2025-08-30,Credit Card,77069.83
4530,3234,2022-01-21,Net Banking,307811.47
1982,2356,2025-01-23,UPI,200523.23
17030,1613,2024-07-07,Net Banking ,182453.33
16835,3403,2022-11-25,Upi ,92019.08
16922,4250,2023-12-18,Credit Card,220489.59
19562,948,2025-02-06,Cash on Delivery,151987.59
3460,3919,2023-11-03,Debit Card,70385.6
16447,813,2020-10-04,Net Banking,225682.42
9699,418,2023-04-06,Cash on Delivery,281172.32
13903,2603,2025-06-16,Net Banking,187212.4
16106,2401,2024-12-24,UPI,356121.33
4552,4339,2024-12-05,Credit Card,259633.59
10178,4642,2023-03-09,Net Banking,43332.6
8443,582,2025-08-21,Net Banking,149778.56
15974,2329,2024-08-09,Credit Card,115554.77
2273,1995,2025-05-21,Cash on Delivery,31275.76
16931,3635,2025-04-30,Cash on Delivery,167392.38
18049,3299,2020-08-08,Debit Card,158821.36
18643,3812,2025-09-21,Debit Card,249348.84
9435,3716,2022-04-26,Debit Card,439112.11
7924,1315,2024-11-01,Net Banking,117852.4
9751,3347,2025-04-06,Cash On Delivery ,271887.4
10883,1660,2021-04-25,Net Banking,161715.86
3345,4053,2019-12-28,Debit Card,182661.65
15179,3453,2023-05-12,Cash on Delivery,17592.38
6328,2459,2024-05-11,Debit Card,337802.76
6006,274,2024-10-29,,200269.94
3823,3984,2021-11-25,Net Banking,95382.83
9167,838,2024-03-09,Credit Card,202468.97
5533,2668,2022-06-21,Net Banking,
1997,4597,2025-08-09, Net Banking ,195849.49
12900,2832,2020-07-16,Net Banking,153004.65
3910,1533,2024-05-15,Debit Card,78289.42
19949,1699,2022-04-06,UPI,68002.88
9686,3308,2022-04-15,UPI,438407.56
16980,4544,2024-12-08,Net Banking,149264.63
14699,1184,2025-05-24,upi,25508.16
7692,2080,2025-01-05,Net Banking,91067.67
2886,3383,2025-07-18,Net Banking,
13336,1609,2024-11-05,Credit Card,322780.25
9063,918,2025-07-19,UPI,333362.75
2930,921,2024-11-22,Net Banking,236223.68
11190,1225,2020-08-21,UPI,150334.06
8945,1235,2024-12-25,Cash on Delivery,36874.21
14482,790,2025-10-24,Credit Card,53921.48
1634,1657,2024-08-11,Credit Card,199309.66
6851,3728,2025-12-13,Debit Card,59885.72
7004,4670,2022-05-12,UPI,164910.62
8592,186,2024-06-27,Cash on Delivery,47172.98
4935,1555,2024-01-29,Credit Card,168088.72
17065,2191,2025-12-27,Credit Card,129790.18
1386,1866,2024-05-04,Credit Card,
15361,253,2021-04-20,Debit Card,49785.38
17021,82,2021-09-01,Debit Card,543384.8
5944,4450,2023-11-09,Net Banking,239077.26
8892,3456,2022-08-07,UPI,
16942,679,2024-10-30,Net Banking,71134.37
12064,2547,2021-06-20,Credit Card,370711.27
15592,2840,2024-08-04,UPI,175841.84
17507,3361,2020-09-22,UPI,66571.32
11303,4269,2024-06-29,UPI,234407.93
13602,3611,2025-05-03,Credit Card,42827.52
2159,1247,2023-01-09,Net Banking,6184.92
14496,1036,2023-06-22,Cash on Delivery,163126.35
17126,4327,2025-06-29,Cash on Delivery,216338.01
17155,1199,2024-03-30,Debit Card,276332.82
17909,935,2025-08-17,Credit Card,269375.08
18158,3661,2025-03-18,Cash on Delivery,147154.73
10742,3537,2025-08-28,Debit Card,100222.38
17079,3833,2025-07-31,Net Banking,200250.27
3100,2139,2023-04-25,UPI,111515.63
7645,4081,2024-09-14,,367513.61
5740,201,2025-10-31,Credit Card,55952.95
7422,206,2019-12-03,UPI,207090.6
9029,693,2023-10-26,Credit Card,59535.28
3204,483,2025-08-28,Debit Card,71212.71
19558,4629,2025-03-31,Credit Card,232077.73
7696,673,2025-04-06,cash on delivery,283469.35
10464,881,2021-04-08,CASH ON DELIVERY,249029.91
15299,770,2022-11-23,UPI,60629.53
1925,471,2020-09-10,,442452.9
9177,673,2023-08-28,UPI,59040.02
15850,2048,2024-06-20,UPI,347823.02
8584,1736,2021-04-14,Debit Card,8940.43
19517,1420,2022-11-09,Credit Card,123088.94
12517,38,2024-01-31,Cash on Delivery,171170.35
8685,2256,2022-05-08,UPI,367584.0
14099,3702,2023-06-21,debit card,
4981,3542,2023-08-30,Credit Card,175225.24
3843,2372,2023-10-13,upi,278619.56
11784,2261,2020-11-26,Net Banking,235131.74
6951,803,2024-11-23,Net Banking,26104.96
5555,4530,2022-06-03,UPI,94754.6
15945,21,2024-08-22,Credit Card,173724.9
1031,2472,2025-10-26, Debit Card ,251194.88
16265,590,2022-06-30,Net Banking,95360.49
12841,1649,2023-11-09,Net Banking,198037.93
3609,3116,2024-04-09,Cash on Delivery,241648.09
7980,722,2024-09-13,Net Banking,331989.84
14348,1468,2025-07-05,CASH ON DELIVERY,261601.96
19229,2579,2024-05-17,Net Banking,230718.21
4042,2310,2025-06-12,Debit Card,39648.88
1717,3577,2025-12-06,Debit Card,230726.21
4941,2909,2022-10-08,Cash on Delivery,269760.69
584,4905,2023-02-27,Net Banking,90671.19
1220,2228,2024-04-30,Cash on Delivery,192807.88
206,1929,2020-06-15,Cash on Delivery,370562.68
7107,1731,2025-03-02,UPI,146826.93
9484,684,2023-05-10,Debit Card,377721.45
9970,2996,2025-10-20,Net Banking,23415.95
5643,3345,2025-10-27,Credit Card,238706.78
6783,4631,2023-12-01,Credit Card,74781.28
13438,3056,2022-12-08,Cash on Delivery,111027.53
5447,441,2023-12-01,Cash on Delivery,84748.52
10963,150,2021-11-24,Net Banking,49252.4
15835,4802,2025-05-28,Credit Card,97344.69
14241,3866,2022-04-11,Credit Card,163057.5
17339,291,2022-06-14,Credit Card,246613.16
17857,4988,2021-03-08,Credit Card,343502.32
9494,2583,2024-11-01,Credit Card,205481.59
5739,1112,2025-03-11,Cash on Delivery,412127.18
16324,799,2025-10-15,Debit Card ,114368.73
4172,1598,2025-08-29,Debit Card,147576.98
2240,552,2024-08-03,Debit Card,150441.18
1353,1561,2025-04-25,net banking,421756.54
12246,3481,2024-02-18,Cash on Delivery,72188.24
14281,4476,2020-09-28,Net Banking,35977.2
19738,2079,2025-07-15,Net Banking,212969.13
7724,4809,2023-03-30,Debit Card,180758.15
10471,988,2025-07-09,Net Banking,358886.38
5111,949,2024-03-13,Net Banking,142014.28
4774,4291,2025-04-13,Debit Card,150710.24
11384,3289,2025-12-16,Cash on Delivery,69305.93
2543,3650,2025-06-13,Net Banking,350582.86
14671,3729,2023-04-06,Cash on Delivery,101798.75
14850,1397,2023-08-21,UPI,17354.28
11046,3733,2022-08-20,UPI,232403.36
10659,4572,2021-07-08,Credit Card,
738,236,2022-09-23,Net Banking,89401.95
4224,5,2024-08-19,Credit Card,29983.31
16723,550,2024-03-10,Debit Card,159265.94
18079,309,2024-07-16,UPI,362415.95
2457,1623,2025-10-06,Cash on Delivery,241648.88
18564,2404,2022-10-30,Credit Card,187378.75
14935,323,2024-07-17, Net Banking ,64354.35
5178,388,2025-02-07,Credit Card,114080.5
15126,3559,2025-07-18,Cash on Delivery,303155.02
12453,3457,2020-09-11,Debit Card,285659.25
9507,4076,2025-02-01, UPI ,22159.44
6097,1894,2024-04-23,Cash on Delivery,300541.48
9602,2708,2025-11-07,UPI,159777.23
1141,4485,2025-04-30,UPI,54260.95
5285,4220,2025-02-24, Cash on Delivery ,253967.26
12662,2699,2025-12-02,Debit Card,193224.76
6301,2567,2024-09-15,Debit Card,323281.01
11419,133,2025-05-15,UPI,
14875,1289,2023-06-26,Debit Card,153951.24
14490,2130,2021-04-02,UPI,340642.73
208,3503,2020-11-03,Debit Card,22288.63
17632,777,2021-09-29,Net Banking,67217.32
16650,4374,2025-01-12,Net Banking,67060.91
1655,2036,2023-08-31,Cash on Delivery,52145.53
12268,3367,2025-02-02,Net Banking,88899.54
13930,1353,2025-07-02,Net Banking,216782.96
13475,2632,2022-05-04,UPI,222283.69
8315,17,2025-06-09,Debit Card,111210.3
13850,1996,2024-03-27,NET BANKING,79305.1
12276,3223,2023-04-21,NET BANKING,5539.82
4639,610,2025-09-25,Debit Card,237729.87
10065,347,2025-08-27,UPI,439126.96
12499,1591,2024-05-23,Net Banking,115705.95
19801,495,2023-09-17,Net Banking,28073.82
11089,2483,2025-04-22,UPI,124115.01
3573,3704,2021-12-05,Debit Card ,72656.76
14774,3476,2022-06-29,Debit Card,155069.31
11396,791,2024-10-15,Net Banking,253669.18
16384,250,2025-03-24,Net Banking,230318.97
8866,988,2023-12-02,Credit Card ,257054.1
4219,3627,2024-04-16,Net Banking,165581.08
11797,536,2025-02-09,Credit Card,240555.1
14399,2696,2024-11-01,UPI,344815.26
18888,4979,2024-11-23,Debit Card,234660.71
17427,997,2025-04-16,Credit Card,437179.29
5915,3855,2023-05-23,debit card,220261.64
2233,2666,2025-05-17,Debit Card,150360.48
18201,1218,2023-05-06,Cash on Delivery,159805.99
10946,2728,2025-11-01,Cash on Delivery,210682.8
11865,487,2024-10-09,Credit Card,267220.54
16857,3458,2025-11-13,UPI,383749.19
17045,3998,2024-06-11,Cash on Delivery,134347.5
19366,2832,2023-03-25,Cash on Delivery,96502.71
17557,265,2023-10-11, UPI ,36545.74
10434,4874,2024-03-15,Cash on Delivery,83060.68
8953,3511,2024-02-06,UPI,120407.65
8049,2968,2023-10-28,,400932.72
11596,3264,2023-04-16,Net Banking,425138.47
5814,61,2021-10-15,UPI,243379.03
12609,4289,2022-05-16,debit card,45711.12
1948,4699,2021-03-13,Credit Card,288444.71
6779,4355,2025-09-15,Debit Card,75020.52
2819,4519,2025-03-13,UPI,223982.19
16500,1099,2024-03-04,Credit Card,26938.58
9389,3346,2025-01-25,Net Banking,136084.48
12718,4079,2025-09-24,Credit Card,124292.72
17076,1943,2025-02-19,Debit Card,90654.55
1036,1385,2025-10-24,Debit Card,37575.78
11513,3805,2023-07-10,UPI,133965.38
11025,3935,2023-09-11,Cash on Delivery,31385.04
5427,652,2024-03-07,Cash on Delivery,115043.89
12467,1494,2022-04-17,Credit Card,367316.47
17753,272,2022-12-21,Cash on Delivery,176806.1
5670,2805,2025-02-15,Net Banking,178145.69
5838,245,2025-12-17,,205313.4
15369,1204,2020-10-27,Cash on Delivery,292795.75
12057,381,2024-04-10,Credit Card,109007.56
15818,723,2024-04-11,Credit Card,205033.7
7735,257,2025-07-28,Cash on Delivery,46842.66
18045,2620,2023-12-23,Cash on Delivery,423899.84
11010,3424,2025-07-19,Cash on Delivery,49689.91
8528,1068,2020-06-25,Credit Card,345803.67
5500,3943,2025-07-23,Net Banking,288404.72
19849,4955,2023-12-26,,190754.25
1929,342,2025-07-01,Net Banking,190265.25
7185,2339,2023-10-04,Cash on Delivery,82923.5
3278,4348,2025-10-14, Net Banking ,131350.24
11467,2552,2025-02-24,Cash on Delivery,310042.12
18577,1778,2025-11-09,Debit Card,183501.9
2353,558,2021-06-04,Credit Card,20715.74
9416,4196,2024-10-31,Net Banking,168845.24
6124,4155,2024-09-19,Debit Card,334957.55
8289,1668,2022-09-07,Debit Card,179043.1
6065,4749,2023-07-10,Debit Card,169759.25
3022,2019,2024-07-26,Net Banking,207878.65
12812,2351,2022-06-12,UPI,5637.93
5704,817,2025-02-27,UPI,249640.01
15755,4979,2023-10-14,UPI,40313.53
17327,4558,2022-05-05,UPI,138254.44
15403,4042,2024-05-07,UPI,146428.17
15183,569,2023-05-29,Debit Card,223857.94
10334,1067,2023-10-11,Cash on Delivery,163786.67
16076,4577,2022-09-02,UPI,163845.08
7887,1856,2025-02-01,UPI,41560.45
10499,2671,2023-12-17,Credit Card,258019.57
9345,3218,2023-08-29,Net Banking,85965.35
325,1361,2025-09-08,Debit Card,132774.7
3342,3346,2022-06-02,UPI,281442.62
291,2626,2025-09-16,Cash on Delivery,325431.76
6015,615,2022-02-05,Debit Card,10668.06
17667,216,2023-03-01,Debit Card,486653.92
8155,1377,2021-12-26,UPI,321914.57
18683,3333,2023-08-27,Cash on Delivery,306588.95
3521,37,2024-12-14,UPI,233618.63
11872,699,2025-05-19,Net Banking,320738.16
14991,386,2025-04-27,Net Banking,176696.56
13022,181,2025-08-28,Net Banking,182722.03
18411,3912,2023-12-25,UPI,80089.02
3560,4359,2024-01-15,Net Banking,31627.89
10996,2646,2023-11-26,Cash on Delivery,158741.56
17759,1893,2024-08-25,Credit Card,46511.98
17408,2755,2023-12-17,UPI,312022.66
17694,404,2024-06-21,Credit Card,
6722,4429,2022-07-29,UPI,25393.8
10090,1850,2024-11-28,Cash on Delivery,185343.75
4457,3525,2023-06-04,UPI,280123.95
12619,4301,2020-12-13,,158915.4
16697,4114,2025-06-30,UPI,147043.01
15940,204,2022-08-06,UPI,504449.14
9619,1558,2021-07-02,Net Banking,107342.41
9945,2720,2023-11-19,Credit Card,164000.1
11102,386,2025-03-26,Cash on Delivery,234675.94
13667,2334,2023-11-06,Cash on Delivery,161175.83
5657,4586,2025-12-15,UPI,335631.69
13920,324,2024-07-28,Cash on Delivery,129669.84
5699,2098,2024-04-07,,551870.31
4693,2280,2025-09-03,Debit Card,369787.57
16544,1311,2022-07-21, Net Banking ,81364.88
16156,2641,2022-07-09,Credit Card,164643.24
14435,665,2024-04-04,upi,150579.58
2731,74,2023-10-20,Net Banking,152567.28
4711,267,2025-02-26,Debit Card,47683.96
1344,4568,2024-01-09,Net Banking,271350.89
7581,1723,2020-10-12,Debit Card,125106.42
12226,4375,2021-04-04,UPI,228673.0
5388,4020,2023-04-04,DEBIT CARD,1033.26
2134,4332,2023-10-28,Debit Card,191903.66
21,3666,2023-11-09,Credit Card,253129.04
14098,51,2024-05-22,Debit Card ,281720.46
4049,3786,2023-06-05,Net Banking,190885.5
18812,637,2024-01-29,UPI,158561.06
8489,1151,2022-07-02,,169756.0
18140,4893,2025-12-11,Net Banking,289831.73
3388,2489,2025-03-23,Credit Card,22824.96
11630,2031,2025-08-24,Cash on Delivery,297092.0
6864,3845,2025-12-06,UPI,136428.04
9373,4662,2023-07-28,Net Banking,173953.2
2326,2850,2025-12-06,Debit Card,
3618,2442,2024-05-15,Cash on Delivery,14196.82
18166,1514,2024-10-07,Cash on Delivery,187878.01
6474,1845,2021-11-14,UPI,297680.39
2837,1794,2025-02-14,Nan ,115270.41
9304,642,2024-02-08,Credit Card,24381.15
16914,571,2025-08-21,Cash on Delivery,188482.71
10431,4017,2023-07-07,Debit Card,291058.37
13908,689,2022-10-20,,
9357,288,2025-07-25,Debit Card,38719.6
7939,795,2021-02-28,Cash on Delivery,
114,604,2023-01-13,Net Banking,299480.68
3875,530,2022-01-21,Debit Card,151011.45
18545,3626,2024-05-03,credit card,131713.96
11982,1517,2021-07-05,Upi ,86774.06
15555,2745,2022-01-30,Credit Card,225359.22
5568,2276,2023-07-09,Cash on Delivery,37493.46
12815,3492,2022-11-18,UPI,403439.59
1719,4133,2024-09-04,Credit Card,179072.13
8890,3934,2024-02-18,UPI,114966.12
7301,4224,2025-03-03,Cash on Delivery,87288.73
16134,4153,2024-10-04,Cash on Delivery,96554.2
3565,1454,2025-06-25,Debit Card,106215.49
11108,2756,2025-09-27,Credit Card,210210.05
1526,732,2025-01-09,Debit Card,197310.16
4778,98,2025-12-26,Debit Card,74079.73
2260,2623,2025-06-24,Credit Card,38216.0
12275,1133,2023-07-25,UPI,451712.18
1911,2322,2022-01-09, UPI ,34376.1
88,3835,2024-12-13,UPI,23506.2
5988,2013,2023-07-22,,90340.24
3841,2653,2021-08-24,Cash on Delivery,132702.72
1104,1850,2024-10-06,Credit Card,267958.97
16977,2437,2023-03-06,Cash on Delivery,218215.26
14195,1796,2025-12-25,Net Banking,384278.11
15196,4973,2022-08-04,Net Banking,116384.47
2132,341,2024-10-09,Debit Card,13913.13
11830,1118,2024-09-24,Debit Card,
9139,407,2024-12-08, Net Banking ,629.94
2647,1320,2021-09-08,,123945.49
18098,904,2025-07-05,Cash on Delivery,187704.36
19230,4203,2024-12-29,Cash on Delivery,273620.28
7679,792,2023-07-20,UPI,302447.2
2310,1784,2024-12-03,Cash on Delivery,21136.04
10977,4837,2022-06-18,Net Banking,224185.09
8524,3627,2024-11-28,UPI,190361.28
17112,1936,2020-12-22,upi,
7439,2169,2024-07-22,Debit Card,42953.8
8617,2305,2022-11-13,Net Banking,136584.92
15050,4236,2019-10-09,CREDIT CARD,452790.97
352,1972,2024-02-09,UPI,289188.72
18809,1862,2023-07-25,Debit Card,358928.7
14891,4912,2025-07-06,Credit Card,60774.35
5674,3970,2025-09-18,Debit Card,107126.84
2396,2425,2019-11-23,debit card,360129.71
18925,712,2024-03-28,Net Banking,279592.7
2414,2562,2025-03-01,Net Banking,195278.0
14022,2465,2025-07-15,Net Banking,174997.92
5264,2437,2023-06-07,Cash on Delivery,85066.68
479,1065,2025-01-25,Debit Card,
18233,69,2025-03-25,Cash on Delivery,30534.28
4855,455,2025-05-23,Debit Card,23917.78
9866,1432,2023-01-02,Debit Card,114010.83
17737,1514,2025-12-28,Net Banking ,174007.72
12106,2062,2023-12-18,Net Banking,383571.49
13202,1801,2023-03-25,Net Banking,79916.34
16691,890,2022-05-17,Credit Card,293944.69
19283,2493,2023-12-22,Cash on Delivery,423869.8
9764,3643,2025-03-11,Cash on Delivery,261721.94
15904,543,2023-10-23,,55027.86
7303,3698,2025-01-27,Credit Card,14982.9
8404,3262,2024-01-20,Credit Card,122292.95
4459,1007,2025-11-08,Debit Card,88525.05
7410,981,2023-06-15,Debit Card,36800.88
6198,991,2025-05-21,Credit Card,322210.36
18600,3711,2024-01-17,UPI,109872.51
11637,597,2023-09-29,Cash on Delivery,212983.0
232,2955,2025-10-04,UPI,88862.51
8010,1245,2025-08-19,UPI,218084.6
8023,3466,2023-10-15,Debit Card,426654.46
16256,1169,2024-07-08,Credit Card,38263.59
10816,4243,2024-07-01,Net Banking,235075.65
8559,2373,2023-12-28, Debit Card ,61541.77
7768,3970,2024-06-14,UPI,56485.54
13852,1046,2025-11-21,Cash on Delivery,173290.86
16872,816,2025-08-01,Net Banking,184173.49
6220,3928,2024-10-08,Cash on Delivery,90266.3
11545,4254,2022-03-27,UPI,88412.89
742,4785,2022-01-22,Debit Card,
2114,1390,2023-09-14,Credit Card,96453.35
1339,3310,2023-08-03,Net Banking,233341.54
5186,2845,2025-12-18,Cash on Delivery,333213.2
10362,4946,2025-04-11,Cash on Delivery,336002.64
14635,3595,2022-07-02,Net Banking,52240.77
19222,520,2024-09-26,Cash on Delivery,21873.39
5548,2664,2023-10-07,Net Banking,208424.12
17915,2731,2023-04-15,Net Banking,215520.2
9776,3591,2025-11-21,Debit Card,
2839,3238,2025-09-22,Debit Card,189030.52
17093,2711,2025-03-23,UPI,173550.41
1416,1178,2024-09-20,Cash on Delivery,257605.97
13464,505,2025-03-27,UPI,331646.87
7725,1626,2025-10-18,Cash on Delivery,378461.99
16588,4182,2024-04-01,Credit Card,224099.19
12647,1482,2023-12-05,UPI,310396.6
19923,502,2023-02-11,Net Banking,94406.58
10777,434,2024-04-25,,208536.55
8607,3648,2023-12-13,Credit Card,459196.69
8309,4620,2025-11-07,,128129.47
16239,310,2024-07-14,Net Banking,16551.85
5088,2797,2020-10-14,Debit Card,203451.53
2758,201,2024-01-19,Debit Card,96185.53
947,4007,2021-05-21,Cash on Delivery,233966.36
13391,520,2025-10-16,Net Banking,
11583,4710,2024-08-26,credit card,300606.24
10105,3,2023-07-25,UPI,110306.62
7752,1326,2021-09-22,Debit Card,290701.92
16350,2058,2024-01-16,UPI,187558.56
4595,775,2023-05-13,UPI,113143.68
7485,2040,2025-06-02,Cash on Delivery,170051.64
5642,3062,2025-10-04,Net Banking,122636.86
18172,4607,2024-08-09,Net Banking,
10466,1485,2022-11-05,Debit Card,26923.99
11849,4191,2025-09-06,Credit Card,44546.04
14572,780,2021-09-23,UPI,241728.23
4151,3788,2025-10-03,UPI,197758.57
7833,2847,2025-11-14,UPI,202102.7
8225,799,2025-10-30,UPI,249652.27
11894,4132,2022-12-22,Debit Card,285740.35
8679,3603,2021-01-20,,185205.99
11241,79,2023-09-10,Net Banking,217835.51
4911,1288,2025-02-11,Debit Card,238853.4
8640,4477,2024-07-23,Cash on Delivery,29183.28
2496,3907,2025-10-19,nan,132261.84
18007,1495,2023-12-12,UPI,186572.25
13712,3950,2025-11-15,Net Banking,276194.22
18993,3311,2023-08-09,Cash on Delivery,203618.51
2443,434,2023-12-09,Cash on Delivery,77919.44
3613,1211,2025-02-02,Debit Card,92562.72
17153,2806,2025-03-09,Cash on Delivery,223118.2
18244,1584,2024-10-17,Debit Card,114665.95
18334,1833,2024-02-08,Debit Card,3401.75
4526,3407,2023-09-21,UPI,89669.68
80,1595,2024-01-31,UPI,125362.28
6064,2981,2023-07-24,Credit Card,312649.09
17144,123,2023-06-08,Net Banking,225135.02
13747,3209,2023-01-05,Net Banking,173007.76
18126,1730,2025-08-21,Credit Card,79543.67
16124,4748,2025-12-04,Cash on Delivery,47779.72
16567,1819,2023-09-21,DEBIT CARD,144110.57
17568,1976,2025-09-04,Net Banking,37728.6
14895,1867,2021-11-06,UPI,40431.5
18708,4962,2025-05-26,Debit Card,238661.23
1517,856,2021-09-14,Cash on Delivery,176847.47
5216,3486,2025-04-18,Debit Card,338743.13
5811,1872,2023-10-08,UPI,107728.73
18583,2472,2025-01-11,UPI,202816.0
15489,1782,2023-07-21,Cash on Delivery,427194.83
19176,3051,2021-03-15,Credit Card,440375.74
1287,630,2025-08-11,UPI,
18279,2499,2023-12-11,Net Banking,378285.56
12400,917,2025-12-13,Net Banking,190641.45
18252,40,2024-08-13,Cash on Delivery,141679.19
11233,897,2025-11-15,UPI,175573.7
11416,2293,2024-08-15,Credit Card,180071.28
2036,1927,2024-12-05,Cash on Delivery,229395.98
1062,2791,2022-10-07,Credit Card,223098.26
12340,136,2021-12-01,Credit Card,61159.37
6174,3609,2023-09-18,Cash on Delivery,158583.22
4846,4959,2021-08-16,Credit Card,205227.25
6715,1760,2024-12-26,Net Banking,104272.64
9453,3604,2021-10-18,Credit Card,169850.21
13273,642,2024-07-28,Credit Card,113427.19
936,4734,2024-08-18,Credit Card,60438.16
14186,1986,2022-03-22,Credit Card,251455.33
19854,250,2025-08-06,Credit Card,82793.07
13952,3978,2023-12-26,Credit Card,104914.15
8215,2310,2025-05-14,Debit Card,66840.54
14064,832,2025-10-31,Cash on Delivery,229315.8
1528,2835,2022-03-12,Net Banking,351749.27
1904,3508,2021-08-23,UPI,5409.96
15110,221,2021-03-23,net banking,351456.62
13005,4976,2025-12-25,,183592.49
8896,3439,2024-12-15,Debit Card,238893.38
5561,482,2024-10-27,UPI,
18449,4499,2024-03-19,Net Banking,6365.64
7401,4202,2020-04-25,Credit Card,26802.86
13237,2923,2025-09-14,Net Banking,11143.07
15434,2121,2021-06-08,cash on delivery,319167.91
1619,3229,2025-10-24, Cash on Delivery ,290698.26
13272,1650,2024-12-07,Credit Card,71222.0
7832,4687,2025-04-22,Net Banking,164117.74
17811,425,2024-06-16,Debit Card,309547.56
3937,4222,2021-07-31,Cash on Delivery,414538.28
19089,1255,2024-12-24,Net Banking,86848.94
99,2408,2025-10-05, Debit Card ,151667.96
19459,4202,2025-12-04,Net Banking,137942.04
8596,4561,2022-07-28,UPI,154942.44
4152,2462,2025-11-28,Net Banking,284369.66
2589,2179,2024-02-20,Net Banking,151782.25
2201,1498,2025-05-14,Debit Card,291940.28
14172,1397,2023-07-23,Debit Card,164016.7
9880,886,2024-08-28,debit card,7056.78
12591,741,2023-04-03,Net Banking,192395.86
16595,1837,2024-04-26,Credit Card,245588.68
1552,1894,2025-04-01,Cash on Delivery,67233.78
7167,3283,2023-12-14,Net Banking,220216.98
13555,3875,2021-03-27,Credit Card,18565.0
19837,1029,2025-12-05,Debit Card,5771.91
17271,2330,2023-06-06,Cash on Delivery,225535.98
1483,2894,2024-08-07,UPI,504112.55
15301,2674,2025-07-30,UPI,80073.01
10427,3491,2025-09-19,Debit Card,136012.96
2538,3388,2022-07-30,Credit Card ,86213.15
11318,461,2024-09-03,Debit Card,115961.44
3287,49,2024-04-20,Debit Card,195511.51
14044,2756,2025-06-10,Credit Card,276428.6
17601,3086,2021-10-30,,173305.6
16902,4804,2023-07-24,Credit Card,274823.86
19940,3474,2022-03-14,UPI,160537.44
19785,17,2023-12-06,Debit Card,194722.49
1455,756,2023-06-05,UPI,235791.37
5081,1295,2023-05-11,Debit Card,109493.39
19657,3013,2025-05-26,upi,168351.66
7830,1506,2022-04-14,Credit Card,206543.53
9530,771,2025-10-20,net banking,365691.82
2124,422,2024-08-19,Net Banking,311413.23
8752,2509,2025-05-30,UPI,249403.28
18029,4220,2024-12-03,Net Banking,42908.67
17891,1822,2021-12-17,Net Banking,296863.7
17513,1557,2023-01-09,Credit Card,192500.19
13839,3631,2024-12-07,UPI,129480.0
9209,856,2022-08-08,Credit Card,171468.96
10822,2032,2021-12-11,Credit Card,95915.13
15025,49,2024-08-15,Net Banking,
1765,171,2024-04-12,Debit Card,
6603,4669,2022-03-11,UPI,141925.76
3775,3693,2021-08-30,Net Banking,182876.98
2309,3588,2023-10-16,UPI,54823.44
13636,2092,2025-10-13,Debit Card,327612.3
7853,121,2023-09-27,,274329.36
1432,2452,2024-04-12,Net Banking,91078.87
51,815,2024-05-17,Cash on Delivery,270641.92
15010,2126,2024-03-07,Credit Card,11902.02
5925,1236,2022-01-02,Cash on Delivery,89719.57
12787,805,2024-01-12,UPI,306125.44
17674,4598,2024-06-16,Credit Card,279858.19
7149,4381,2024-12-17,Debit Card,13645.5
14500,189,2023-01-26,Debit Card,268625.84
16318,320,2022-10-12,Net Banking,183629.55
19217,1349,2022-10-20,credit card,172771.97
4902,4864,2023-07-04,Debit Card,131232.96
10275,812,2022-05-07,Debit Card,58440.24
2412,2589,2025-05-07,UPI,254002.8
12386,893,2025-04-24,Debit Card,155788.78
9036,2615,2021-09-05,Debit Card,51685.65
4204,403,2025-07-02,Cash on Delivery,117491.37
10478,2102,2024-09-12,Net Banking,321200.67
16661,552,2023-02-02,Cash on Delivery,109386.14
10450,527,2024-05-31,Debit Card,264160.83
4515,3094,2024-10-30,UPI,
2769,2925,2025-06-15,Credit Card,89138.72
10887,3267,2020-03-13,Credit Card,55212.33
17435,3835,2024-01-03, Net Banking ,17745.72
14597,4110,2020-12-12,Cash on Delivery,191809.79
11146,3404,2024-03-04,Net Banking,399782.34
12471,2506,2025-05-17,UPI,91371.74
6696,3221,2024-02-12,Credit Card,328994.43
3541,3097,2023-09-15,DEBIT CARD,138972.04
14755,1795,2023-01-12,Net Banking,380329.63
18725,3118,2023-10-11,Debit Card,143888.3
14485,419,2024-03-25,Net Banking,14993.18
5050,3982,2024-08-28,UPI,334028.35
12779,545,2020-11-21,Credit Card ,154752.63
3133,3204,2023-05-28,Debit Card,147108.57
10420,3622,2024-09-11,Debit Card ,258190.52
16370,4700,2024-05-28,Cash on Delivery,282384.59
1916,355,2023-06-28,Credit Card,54793.21
2374,3467,2025-11-13,,177456.02
14138,472,2024-08-25,Net Banking,167807.93
19249,4447,2023-02-18,credit card,237135.8
6283,4614,2023-08-19,,224264.21
3369,1665,2019-07-02,,76329.99
976,2209,2022-11-02,Debit Card,249156.94
14839,241,2025-12-27,Cash on Delivery,191719.09
4031,1544,2023-01-03,Credit Card,97921.79
7908,3712,2025-01-22,Debit Card,470981.13
5404,3278,2020-08-31, Cash on Delivery ,379960.73
13131,3977,2024-10-17,Credit Card,32982.17
9762,789,2021-11-13,Debit Card,
14205,123,2025-11-14,Net Banking,89972.46
6160,541,2024-04-16,Debit Card,99616.42
1316,2926,2024-12-27,Net Banking,39030.34
13872,4263,2023-06-04,UPI,439666.95
10465,2032,2023-07-13,Credit Card,353507.33
19628,4146,2023-05-20,Net Banking,204383.43
18343,4249,2024-05-04,Cash on Delivery,396400.74
3892,1832,2023-03-15,Cash on Delivery,197641.76
2351,75,2025-10-24,Debit Card,4136.28
2893,4912,2025-03-24,UPI,118215.94
19877,4914,2021-09-16,Debit Card,378126.87
11692,4584,2025-07-15,UPI,171445.18
18293,3142,2019-07-11,UPI,281576.85
19488,848,2024-12-19, Credit Card ,272943.31
5610,2336,2024-07-15,Cash on Delivery,112825.68
10185,220,2025-03-22,Cash on Delivery,352030.09
14353,4236,2020-07-05,,138210.0
16196,2591,2020-11-30,upi,385125.54
8460,1732,2025-04-18,Cash on Delivery,63399.86
18649,736,2025-05-12,UPI,267351.61
11203,4188,2023-08-13,Net Banking,202901.98
13720,969,2024-11-04,UPI,126133.13
12819,2034,2025-11-12,Cash on Delivery,42828.84
18778,1831,2024-12-23,Debit Card,182694.27
7195,3652,2025-04-23,Credit Card,149793.26
18877,4319,2024-08-23,Cash on Delivery,52678.44
13523,622,2022-12-27,UPI,190421.93
16827,2452,2024-06-07,upi,214445.86
3000,4494,2023-02-14, Net Banking ,165387.11
1814,1107,2025-06-22,UPI,192506.56
6325,425,2021-01-04,Net Banking,226698.16
5884,175,2022-11-27,Credit Card,378033.06
16244,753,2024-10-08,UPI,21572.49
12673,2524,2022-07-29,Net Banking,217599.91
302,3239,2022-08-24,Credit Card,237611.52
6091,4232,2025-05-26,Credit Card,59224.35
372,2697,2021-01-04,Cash on Delivery,
4954,2312,2022-06-16,Net Banking,217859.8
2141,3599,2025-10-10,Net Banking ,145845.9
6492,3700,2021-02-10,UPI,67344.12
4967,3852,2021-09-28,Net Banking,75676.82
18573,3321,2025-02-08,Credit Card,485337.88
19525,1691,2022-12-02,UPI,273219.21
16294,1534,2025-10-26,Credit Card,329348.35
15593,466,2024-09-08,Cash on Delivery,401060.05
1026,105,2024-09-26,Net Banking,36228.79
19543,2764,2025-06-23,UPI,61222.1
19101,955,2025-06-13,Debit Card,130748.87
2008,4022,2025-05-23,Cash on Delivery,130673.78
15440,868,2022-10-02,Cash on Delivery,145467.81
948,4609,2025-06-15,Credit Card,221891.5
15738,3875,2023-02-23,Debit Card,91790.64
7050,3701,2025-10-25,UPI,106924.8
13849,2212,2022-03-31,Credit Card,402496.43
10426,2590,2024-06-12,Net Banking,
15866,2830,2024-03-22,Credit Card,
4931,3566,2025-06-14,Cash on Delivery,115110.87
4260,667,2024-06-14,Net Banking,229810.19
3409,4101,2024-03-12,Credit Card,196654.61
52,4565,2024-08-04,,141960.76
5022,1303,2025-03-27,Net Banking,213428.65
3293,567,2024-06-29,Net Banking ,26594.66
12800,3197,2023-04-19,Net Banking,187978.03
9221,895,2024-05-24,Debit Card,198790.4
16543,2040,2023-05-16,UPI,275492.78
2547,3555,2024-02-26,Net Banking,932.21
17885,2458,2025-04-02,Cash on Delivery,298542.1
12448,4765,2025-09-19,UPI,12824.45
5965,4624,2023-12-10,Net Banking,38395.46
17708,2772,2024-06-24,Net Banking,367836.8
19202,3086,2022-09-19,Debit Card,44996.64
8678,2577,2024-03-17,,
17443,1376,2024-03-22,Debit Card,322867.51
10595,26,2022-04-19,Net Banking,
14134,2787,2024-02-02,Credit Card,270683.65
10624,2595,2021-05-02,Net Banking,278210.28
7861,3119,2023-03-19,Credit Card,176048.35
14109,458,2023-06-12,UPI,283741.08
3817,2227,2022-10-23,Cash on Delivery,191035.6
1751,4884,2025-05-07,Net Banking,440532.67
8597,250,2024-06-29,Debit Card,414246.27
1875,760,2025-09-25,Debit Card,107331.09
18693,707,2025-11-16,Net Banking,152373.2
16539,452,2025-09-11,Cash on Delivery,287738.99
6484,819,2021-03-31,Cash on Delivery,339430.4
620,4067,2024-06-07, UPI ,203204.57
10904,1202,2021-08-08,Credit Card,
18320,2064,2025-04-11,Cash on Delivery,173731.61
12770,3038,2022-11-25,UPI,360670.16
9266,4831,2021-08-30,UPI,81514.3
18897,3300,2023-05-17,Cash on Delivery,5295.75
17580,1096,2020-04-26,Debit Card,67071.25
17788,3088,2023-07-25,,255810.59
8346,1725,2021-04-16, UPI ,221754.68
4583,3071,2025-04-23,Net Banking,266206.16
19123,1514,2021-08-20,Net Banking,211249.52
12163,325,2023-04-23,Cash on Delivery,161389.44
16351,3036,2022-09-18,Debit Card,58548.44
18397,4477,2024-07-09,UPI,78258.24
4403,603,2023-12-05, UPI ,298748.17
17493,2087,2022-09-29,Debit Card,57821.33
7551,1800,2019-11-11,UPI,243679.16
184,4324,2020-09-13,UPI,208097.53
4061,4304,2022-08-30,Net Banking,269509.34
8534,4088,2025-11-09,Credit Card,175674.3
16041,2118,2023-12-16, Cash on Delivery ,123383.85
17635,2596,2024-12-15,Credit Card,55655.4
1105,1025,2025-08-21,Debit Card,232552.56
18896,1074,2025-02-03,Credit Card,217035.2
16022,3013,2025-04-20,CASH ON DELIVERY,184134.91
18107,3347,2022-06-21,Net Banking,140294.73
18210,1819,2021-04-27,Credit Card,112755.0
2897,4260,2025-04-09,Net Banking,162474.75
10475,1954,2024-06-05,Net Banking,93264.08
506,3585,2024-05-28,UPI,400772.03
870,3408,2024-05-18,Credit Card,120938.44
5257,2472,2023-05-17,Credit Card,392057.16
16423,4356,2023-06-16,Cash on Delivery,434270.63
7156,614,2024-01-10,Credit Card,256019.36
13991,1360,2024-10-05,Net Banking,214733.19
17403,1315,2023-09-14,UPI,437485.75
12420,1025,2025-03-08,Credit Card,247942.89
3534,2211,2023-12-19,Debit Card,481171.68
12458,644,2024-09-01,Debit Card,157711.79
11268,2376,2024-09-17,Debit Card,315570.81
8195,4194,2023-09-06,Net Banking,299780.21
10449,463,2025-03-07,UPI,251350.8
6147,2491,2024-01-08,Cash on Delivery,100273.3
19855,4875,2024-12-24,Cash on Delivery,62537.81
7022,2178,2020-08-26,Cash on Delivery,
11732,2819,2023-11-04,Credit Card,110293.36
12653,2202,2024-04-11,,192475.78
19672,3645,2025-08-06,Debit Card,38178.75
3719,426,2024-10-09,Debit Card,121446.13
12085,4180,2024-01-31,Debit Card,181911.97
17209,3919,2025-07-05,Net Banking,278783.09
507,1261,2020-11-28,Credit Card,219341.96
4476,1267,2025-04-27,Cash on Delivery,305154.9
6992,650,2024-09-09,UPI,164975.7
5579,3435,2024-05-23,Debit Card,129945.85
6574,3766,2023-06-04,DEBIT CARD,41590.04
16409,4461,2023-01-14, Credit Card ,91778.76
2120,2790,2024-11-20,Cash on Delivery,265293.27
18646,1114,2025-07-04,Debit Card,332348.39
6599,2636,2024-05-31,Net Banking,
3197,3508,2023-01-19,Credit Card,16104.15
19190,157,2025-03-15,Cash on Delivery,364144.83
11291,1760,2025-12-04, Credit Card ,257747.28
4370,705,2024-10-17,Debit Card,575462.02
2305,4283,2025-10-07,Net Banking,499030.47
17587,96,2025-04-24,UPI,243671.7
18234,3201,2025-08-13,UPI,474753.16
16761,2005,2022-10-08,UPI,228206.34
1586,3626,2025-02-09,UPI,242992.43
16368,1243,2023-11-24,Cash on Delivery,75745.17
10158,151,2022-08-22,UPI,130271.42
14501,3969,2024-06-17,Debit Card,208427.43
17816,3331,2024-12-08,UPI,209952.83
10402,1460,2023-09-03,Debit Card,36163.59
10212,2734,2025-04-01,Cash on Delivery,230494.85
10251,287,2022-01-09,Debit Card,159029.86
5398,4894,2022-04-22,Cash on Delivery,26849.96
3589,787,2025-10-27,Credit Card,394931.37
15351,4683,2024-09-20,UPI,164956.25
19270,1551,2025-06-11,Cash on Delivery,356913.34
16822,1739,2023-08-12,Net Banking,188484.6
12771,473,2024-08-14,Net Banking,75966.81
7095,3508,2021-04-05,Debit Card,152168.76
1596,2120,2023-04-09,UPI,36501.82
983,2579,2025-02-17,Debit Card,238978.01
19934,3944,2024-08-22,Credit Card,314434.27
7928,1771,2023-11-06,Credit Card,79670.61
2661,693,2021-04-17,Cash on Delivery,476128.84
13683,1130,2023-12-06,,195085.49
13380,3087,2024-12-03,NET BANKING,
1972,3102,2024-01-31,Cash on Delivery,264341.02
9281,1282,2025-08-12,Debit Card,146481.1
6904,4815,2024-01-19,Nan ,28385.76
7958,4750,2024-11-29,,187701.68
16633,86,2025-07-23,Credit Card,162335.31
3309,3157,2025-11-30,debit card,292977.17
15846,3818,2024-08-17,Cash on Delivery,150165.59
9432,108,2025-09-26,Debit Card,38382.76
16782,3029,2022-04-02,UPI,262323.89
10368,849,2025-07-20,Credit Card,145229.9
17944,602,2022-05-17,Net Banking,181382.39
11751,1355,2025-08-11,Debit Card,
15787,3830,2023-01-17,,393490.98
7840,4076,2024-08-15,Cash on Delivery,24550.57
10939,1310,2023-07-22,Credit Card,213656.95
363,76,2023-10-07,Credit Card,205060.52
8391,3146,2024-11-20,Credit Card,262414.78
16646,2697,2020-05-11,Cash on Delivery,43781.94
14471,3029,2022-05-04,Cash on Delivery,509935.2
103,2674,2021-04-28,Cash on Delivery,272890.46
5213,3850,2024-07-15,Credit Card,32545.51
9550,642,2024-02-25,UPI,193878.65
16005,4975,2024-07-28,Cash on Delivery,99377.43
6614,4548,2025-04-19,Credit Card,395518.74
268,3388,2023-11-01,upi,449220.91
16035,1809,2025-07-16,UPI,
6338,4121,2025-11-06,Debit Card,294704.19
934,1402,2023-04-29,Cash on Delivery,431647.17
8591,4917,2024-12-01, Debit Card ,340425.3
427,1604,2023-09-14,Cash on Delivery,21013.91
13362,722,2025-10-08,Cash on Delivery,293248.68
12454,3840,2019-10-15,upi,199193.89
7077,449,2021-11-22,Credit Card,26723.83
11017,3229,2025-12-19,Debit Card,420998.69
1786,3881,2022-08-03,Debit Card,377383.21
5227,22,2024-11-16,Credit Card,
7703,4339,2023-10-29,Debit Card,191914.97
9078,4117,2023-11-19,UPI,519120.28
11070,2381,2022-02-20,Cash on Delivery,61694.6
19499,4983,2024-09-12,Credit Card,176257.7
15344,2248,2024-02-10,Credit Card,169991.07
7370,2702,2022-11-17,Debit Card,59501.5
16878,2059,2025-07-01,Cash on Delivery,270335.35
12126,1798,2024-10-01,Debit Card,287068.12
10091,2293,2023-10-25, Cash on Delivery ,183669.6
10943,446,2021-10-04,Cash on Delivery,159077.37
7285,4132,2025-11-25,CREDIT CARD,210808.94
19024,1849,2024-09-12,debit card,32693.63
13746,883,2023-08-05,Net Banking,245624.35
17196,1736,2025-05-17,Net Banking,372682.55
11353,1806,2024-08-24,Credit Card,336612.35
9762,789,2021-11-13,Debit Card,
17806,4664,2024-08-06,NET BANKING,92008.83
14886,1794,2022-10-03,Net Banking,6253.08
9483,3431,2022-01-29,Debit Card,102626.07
11171,685,2025-03-01,Cash on Delivery,158741.71
5989,3053,2024-04-16,Cash on Delivery,125878.35
3915,4817,2024-12-16,Credit Card,161251.61
6725,4302,2021-06-29,Cash on Delivery,196986.08
17935,2466,2025-09-13,Net Banking,274503.56
5775,3058,2024-08-23,UPI,171026.64
8409,3114,2023-04-15,CREDIT CARD,156919.27
704,1491,2025-02-03, Debit Card ,99659.81
17963,1205,2023-06-21,Net Banking,71655.42
7651,1261,2019-04-13,Credit Card,169162.6
18665,3597,2024-01-22,Net Banking,196435.72
6841,4619,2024-12-11,Debit Card,172114.12
13279,2255,2025-07-18,Net Banking,155985.46
5947,3136,2024-12-06,Cash on Delivery,153257.41
587,3585,2020-02-29,UPI,43615.64
1035,1655,2021-08-23,Cash on Delivery,246286.96
968,1755,2024-05-06,UPI,439719.34
12247,3594,2023-01-15,Cash on Delivery,197981.54
18930,1771,2022-04-18,,90078.28
4613,4320,2023-10-20,Cash on Delivery,392044.22
11391,3397,2025-07-07,CREDIT CARD,8129.53
2879,2748,2022-05-11,Debit Card,247268.96
19840,562,2022-11-11,UPI,148310.64
9929,4836,2025-04-28,Cash on Delivery,502005.52
15614,3409,2025-05-13,Cash on Delivery,21949.56
9218,1469,2022-04-03,UPI,186582.52
16624,903,2025-08-18,UPI,411773.58
15007,1870,2020-07-22,Cash on Delivery,74148.31
7225,4268,2024-07-09, Debit Card ,87341.8
2636,2663,2024-01-30,Debit Card,32330.76
4768,2132,2024-11-17,,69539.57
19604,4740,2025-12-17,UPI,61696.88
1819,3939,2023-03-04,Credit Card,118578.56
6745,2853,2023-10-19,Net Banking,334390.65
3242,2803,2025-05-04,Cash on Delivery,89236.37
5509,4468,2025-08-30,Credit Card,418540.69
2486,3898,2023-06-20,UPI,242402.51
19918,1114,2024-09-25,Cash on Delivery,67202.94
4756,1493,2025-06-03,Credit Card,514849.23
18663,3636,2024-03-14,Cash On Delivery ,384029.83
3221,4306,2025-12-20,CREDIT CARD,169653.85
17652,1836,2024-03-09,Cash on Delivery,209855.16
681,2310,2024-10-27,Debit Card,
1968,1739,2024-09-15,Net Banking,222907.83
17543,4648,2023-01-30,UPI,58395.55
11051,1792,2025-10-14,Cash on Delivery,203139.68
5428,122,2022-11-21,Net Banking,188931.57
763,1856,2023-01-09,Cash on Delivery,208463.38
4124,1259,2023-11-26,Credit Card,79219.59
7310,3332,2023-08-22,Cash on Delivery,232907.38
9855,2243,2025-02-18,Net Banking,133290.53
4836,2446,2023-10-12,Net Banking,248364.48
2355,3634,2024-06-09,Cash on Delivery,90577.51
907,1246,2023-06-12,UPI,60749.7
10404,3833,2024-08-21,UPI,
17608,3052,2019-12-17,Debit Card ,128958.2
10979,4420,2024-03-30,Credit Card,38500.26
6652,1811,2024-06-14,Cash on Delivery,155538.28
6156,1048,2025-08-11,Debit Card,175660.59
5627,2658,2025-02-14,Cash on Delivery,418888.45
11344,4996,2023-10-23,,177239.96
5967,290,2025-08-19,debit card,160671.13
14426,1286,2021-03-02,Cash on Delivery,183225.91
17389,424,2023-10-08,Credit Card,162855.98
14414,1587,2024-03-05,UPI,413298.13
18962,650,2025-08-04,Debit Card,
4229,4918,2022-04-15,UPI,104232.25
15145,206,2022-03-21,Cash on Delivery,86864.7
11760,2709,2024-06-03,Cash on Delivery,158714.65
2690,2014,2022-05-29,UPI,82860.85
902,228,2025-04-18,UPI,423152.16
14634,2681,2025-06-10,UPI,212613.57
17883,260,2025-03-04,Debit Card,272875.44
15964,4553,2024-08-11,Debit Card,77925.12
10250,3258,2020-01-07,Debit Card,8604.36
1911,2322,2022-01-09, UPI ,34376.1
7656,3081,2024-03-26,credit card,165034.0
11915,908,2025-08-19,UPI,246203.39
63,4511,2023-01-19,Net Banking,485331.19
6208,3286,2024-04-12,Net Banking,120325.33
96,4443,2020-08-22,Credit Card,80539.92
3716,1027,2025-12-20,Credit Card,71188.32
215,2137,2025-01-19,UPI,322572.74
10972,4433,2024-02-18,DEBIT CARD,99639.22
7490,502,2022-06-07,UPI,43893.37
15401,4016,2024-10-24,UPI,378454.07
9144,2209,2021-12-13,Net Banking,243217.68
16517,978,2020-10-27,UPI,28122.82
12876,4362,2022-09-09,Credit Card ,524765.89
3433,3634,2024-11-08,Credit Card,
18342,2963,2024-08-30,Cash on Delivery,293697.26
12971,1601,2024-09-09,Net Banking,38774.6
17725,3112,2025-12-26,Net Banking,73031.16
14183,4679,2023-08-14,Cash on Delivery,455386.25
13987,3305,2021-04-15,CASH ON DELIVERY,316371.24
5805,2699,2023-05-19,,277675.97
1962,2159,2024-09-21,Cash on Delivery,49759.24
13980,4556,2024-11-12,Net Banking,44126.48
2406,1671,2022-02-05,Nan ,270806.15
16061,1862,2022-12-20,Net Banking,376116.51
3390,1298,2024-09-04,Debit Card,191355.2
11619,3318,2020-03-11, UPI ,108215.14
12236,2486,2024-08-06,UPI,168815.62
19271,2373,2023-05-12,Credit Card,167856.25
6757,4258,2022-07-22,Net Banking,238274.28
7890,1041,2025-07-18,DEBIT CARD,167871.2
11493,4160,2024-05-07,Net Banking,114738.72
4995,4175,2022-09-08,Credit Card,29500.52
15049,2141,2024-12-13,Cash on Delivery,167534.92
5672,2295,2025-07-07,UPI,209717.0
19864,87,2022-05-01,Credit Card,236914.83
8595,316,2025-11-04,Net Banking,92278.22
6475,4458,2025-05-09,UPI,54653.13
192,3668,2024-08-29,Credit Card,277761.41
1832,2744,2024-05-10,UPI,312269.92
15949,1389,2022-03-23,CASH ON DELIVERY,149002.98
1415,4115,2025-12-06,Net Banking,299002.66
85,1044,2024-06-11,UPI,38594.86
15843,2635,2024-02-23,Debit Card,50309.48
4738,1546,2024-02-16,Credit Card,
13090,1221,2025-09-06,Debit Card,228209.92
3968,2900,2024-08-11,UPI,105081.5
10120,774,2023-06-24,Cash on Delivery,314871.98
11829,4234,2025-07-01,Debit Card,
18976,818,2025-04-14,Net Banking,88081.62
7042,4995,2023-10-25,,151559.71
3676,1632,2024-06-19,Cash on Delivery,45148.55
1576,4843,2024-04-29,,62734.1
7481,1108,2022-07-16,Debit Card ,199083.06
4435,2141,2024-05-10,,244938.3
10247,4509,2024-04-14,,37021.91
10948,3932,2023-02-06,Debit Card,26830.92
17649,1255,2025-02-20,Debit Card,166823.56
24,3819,2024-12-06,Credit Card,115204.44
8496,4818,2020-07-15,UPI,351523.71
17932,4195,2024-06-09,Nan ,220410.52
8050,1495,2023-04-23,UPI,211779.27
4937,2806,2025-01-16,Net Banking,284804.72
6562,3286,2025-09-21,Debit Card,529632.34
16095,1324,2024-11-08,Net Banking,61495.1
2202,2371,2020-08-04,Cash on Delivery,177824.52
18069,1301,2021-06-19,Credit Card,198154.6
403,4158,2022-05-30,Net Banking,37977.26
12474,21,2022-04-27,Debit Card,91329.81
10060,2700,2023-08-31,UPI,160386.81
12580,757,2025-01-08,Cash on Delivery,100112.65
7568,3560,2025-09-26,Debit Card,328899.34
19441,4292,2023-09-29,UPI,314375.67
3454,2963,2023-11-24,Cash on Delivery,263568.74
12112,1587,2021-01-16, Cash on Delivery ,32086.52
10407,867,2023-12-14,UPI,19133.32
16237,2775,2025-03-25,Debit Card,173226.68
18856,3816,2025-07-16,Net Banking,143761.96
12902,752,2023-02-13,Credit Card,281966.16
12862,610,2024-07-18,Net Banking,451635.94
785,4571,2025-09-12,,159820.9
6231,1930,2024-08-13,Cash on Delivery,270108.76
12785,3527,2021-08-09,,295428.9
13844,4847,2024-03-28,Cash on Delivery,82206.04
11083,1579,2022-01-31,Cash on Delivery,305839.38
15734,2496,2024-11-28,Cash on Delivery,198465.35
710,2414,2024-09-05,Net Banking,152008.22
1842,4406,2024-08-31,Credit Card,254934.03
1039,396,2021-01-29,Cash on Delivery,451763.61
11446,3634,2025-06-06,Cash on Delivery,13733.4
6991,246,2023-10-25,Net Banking,378710.19
18224,1009,2025-09-03,UPI,259845.22
13946,1468,2025-12-14,Net Banking,100575.95
7268,4356,2020-12-05,Cash on Delivery,114692.44
14754,3646,2024-08-02,UPI,279843.09
15525,4886,2024-07-05,Credit Card,151480.8
16245,4260,2025-01-12,DEBIT CARD,61234.68
7690,3748,2024-05-03,Credit Card,246661.24
6869,3260,2023-12-12,Credit Card,338015.87
10995,1364,2024-04-16,Credit Card,175676.83
18503,3702,2019-04-24,Credit Card,72793.3
4531,4289,2020-12-03,UPI,237302.45
2751,1157,2022-09-10,Net Banking ,390848.98
6275,3360,2024-03-16,Debit Card,40590.93
10210,4304,2022-05-13,Credit Card,
17243,4919,2024-09-23,Cash on Delivery,301041.05
4327,3180,2025-01-26,Credit Card,96853.24
6238,1002,2025-12-26,Credit Card,41643.3
13938,1913,2025-03-06,UPI,111434.93
6483,3963,2023-03-30,,204503.49
10503,2899,2024-03-06,Net Banking,182042.35
15327,3506,2025-10-26,,343144.43
7869,4419,2023-10-17,Net Banking,158310.06
12478,2299,2024-10-08,Cash on Delivery,241253.9
10224,2337,2025-03-13,Cash on Delivery,89036.13
9381,1164,2023-04-02,Upi ,170574.91
8946,1453,2021-12-30,Debit Card,306115.44
699,568,2025-03-28,Debit Card,450525.85
3945,2316,2020-08-01,Debit Card,171377.56
17323,2154,2025-02-28,Cash on Delivery,329450.29
6263,1766,2025-12-03,Net Banking,449309.27
4067,941,2025-07-04,cash on delivery,415210.74
15413,1877,2025-07-01, Cash on Delivery ,202986.5
9163,4952,2025-01-08,Debit Card,43519.62
11805,1850,2025-01-25,Upi ,22011.05
6969,1397,2023-07-10,Debit Card,176347.46
16164,1635,2025-12-21,Cash on Delivery,177155.08
18236,1640,2024-09-03,UPI,7280.78
18358,1869,2024-07-02,UPI,173862.14
15001,1102,2025-09-11,Credit Card,195203.15
4375,2555,2025-02-08,Net Banking,126788.67
5131,3367,2024-06-25,Net Banking,383650.78
9206,4894,2023-06-26,Debit Card,90237.95
19286,1780,2024-06-13,Credit Card,202398.81
17477,306,2025-11-20,Credit Card,265231.46
5222,4442,2025-03-21,UPI,122821.41
12941,707,2024-10-04,Cash on Delivery,138349.65
4079,4507,2025-07-08,UPI,230148.57
5250,1853,2025-05-01,Cash on Delivery,172127.74
6227,2276,2022-09-05,Credit Card,247206.39
273,123,2023-06-18,Credit Card,135092.21
8261,3820,2024-03-17,UPI,36091.08
6261,241,2024-02-26,Credit Card,347839.68
9672,2193,2023-09-06,Debit Card,326456.68
3199,4067,2023-03-25,Net Banking,233567.6
9305,585,2021-12-07,Credit Card,307617.55
4388,3970,2022-08-16,Net Banking,462177.74
12326,4270,2024-07-08,Net Banking,193865.07
572,3777,2024-12-05,Cash on Delivery,201223.87
15207,1606,2025-03-02,Credit Card,297152.77
12790,2096,2022-01-09,Credit Card,136419.95
5198,961,2025-10-17,UPI,116558.78
1668,3789,2022-03-26,cash on delivery,44776.52
3779,3289,2025-08-06,Net Banking,235609.24
6803,2101,2019-07-07,Credit Card,178763.58
10316,1224,2023-02-25,,72431.4
11098,3058,2023-08-11,Net Banking,335183.4
213,1257,2025-04-10,Cash on Delivery,30083.87
6241,2385,2023-09-10,Cash on Delivery,181934.4
13435,3062,2025-07-12,,188724.94
7983,367,2024-09-26,,182232.29
13147,153,2023-10-12,,147347.7
7046,4712,2023-01-13,Upi ,218074.77
5750,4421,2023-05-05,Credit Card,
15276,3049,2025-08-16,UPI,62805.4
8338,409,2020-09-28,Debit Card,39123.0
7770,2302,2025-08-17,UPI,
11097,4670,2022-11-11,UPI,36853.2
13715,1543,2024-05-01,Net Banking,152340.06
10442,1217,2021-07-07,cash on delivery,120747.34
17360,2742,2025-04-20,Net Banking,244361.51
18880,429,2022-05-12,Debit Card,18488.22
19001,999,2021-01-03,Debit Card,127029.84
10825,222,2022-07-17,Net Banking,472.15
201,4798,2025-02-15,Credit Card,270217.62
8743,4377,2024-12-21,Net Banking,95697.12
15412,1738,2021-01-14,Cash on Delivery,509815.51
2642,1916,2020-06-09,Debit Card,252338.9
733,2448,2024-02-05,Net Banking,456240.39
7807,3233,2023-08-09,UPI,151531.19
11532,4650,2023-01-28,Cash on Delivery,208722.76
14761,650,2024-12-04,Debit Card,382809.21
12232,1559,2025-01-06,Credit Card,286216.32
8118,2742,2023-11-19,UPI,150324.23
14640,3268,2021-06-04,Cash on Delivery,125737.48
3191,4513,2022-07-25,Cash on Delivery,303076.43
9715,2778,2023-07-02,Debit Card,186787.1
14983,1952,2025-04-18,UPI,372582.36
17157,3513,2022-07-14,Debit Card,320920.09
5402,448,2022-06-28,Cash On Delivery ,60714.36
10266,157,2024-08-10,Cash on Delivery,167991.46
6530,1678,2025-08-05,Credit Card,42122.38
15218,1518,2023-01-04,UPI,277806.46
5869,2623,2025-06-17,NET BANKING,252196.37
9014,3553,2023-10-28,Debit Card,146077.03
17699,1864,2021-10-21,Cash on Delivery,70526.94
17453,3421,2022-11-20,Cash on Delivery,89169.64
10014,990,2025-01-10,Cash on Delivery,102743.21
13713,1748,2023-03-15,Credit Card,285688.66
15378,4202,2025-01-28,Credit Card,363850.46
17276,4954,2021-07-03,,257425.17
12534,1522,2022-03-18,Debit Card,196836.19
9571,3140,2025-07-07,Cash On Delivery ,
11875,3970,2023-02-03,Debit Card,
6828,1849,2022-11-18,UPI,141154.37
17476,4477,2025-04-20,Net Banking,125214.92
14321,3652,2022-06-07,Credit Card,
10144,705,2025-03-17,Cash on Delivery,166971.69
12715,3461,2025-04-26,UPI,250160.13
12035,4735,2024-08-30,UPI,263134.39
1724,440,2024-10-19,UPI,184987.76
13122,3021,2025-04-09,UPI,83502.86
6206,3601,2020-08-20,UPI,248598.29
2143,3879,2021-12-13,Net Banking,22080.24
9282,2364,2022-06-13,Cash on Delivery,44215.04
2771,4567,2022-04-25,Debit Card ,149644.9
10719,2008,2023-06-25,Net Banking,158847.5
17778,3907,2022-09-04,Cash On Delivery ,156606.54
7281,1485,2020-04-29,Net Banking,149776.17
19100,352,2021-11-27,,273119.4
11147,379,2024-04-12,Net Banking,
6337,2239,2023-11-28,UPI,34186.16
17056,197,2024-07-09,UPI,4915.94
6789,2516,2020-09-28,Credit Card,205736.08
5841,3175,2020-01-28,Credit Card,318801.21
8339,914,2025-10-29,Credit Card,34008.09
6468,4334,2022-01-26,Debit Card,142868.02
13274,4854,2025-02-08,Debit Card,256109.63
10585,1948,2024-01-25,Debit Card,197076.68
12296,1270,2023-10-26,UPI,143832.94
6961,1458,2024-02-29,UPI,231994.54
1337,4620,2024-10-14,Debit Card,304423.28
10050,899,2022-08-02,Cash on Delivery,87263.59
10960,1838,2024-09-04,UPI,42752.23
11768,2800,2023-06-29,Credit Card,310440.58
17827,3398,2025-11-15,UPI,238470.05
17809,830,2024-06-25,Cash on Delivery,79320.42
10550,4827,2025-08-11,UPI,293232.03
16771,3976,2023-04-06,UPI,240143.27
3857,4977,2021-09-17,Debit Card,271972.62
4696,1826,2025-03-10,Net Banking,129584.92
9858,1613,2025-06-07,Cash on Delivery,374748.1
2248,250,2024-06-02,UPI,290465.09
8272,1312,2025-04-07,Credit Card,103486.0
977,2116,2021-06-07, Cash on Delivery ,61442.19
1279,4978,2025-06-21,Net Banking,287475.71
5373,811,2024-06-09,Debit Card,529957.14
6149,3581,2024-08-04,Net Banking,316487.42
14586,4271,2021-12-08,Cash on Delivery,346968.47
1253,481,2024-02-02,Cash on Delivery,67558.36
1292,4018,2023-09-25,Net Banking,37240.34
18475,901,2022-02-16,Credit Card,235996.37
3217,1153,2022-12-02,Cash on Delivery,27990.12
11412,4618,2025-09-22,UPI,220893.44
17164,4876,2025-04-02,Credit Card,270924.67
18966,1766,2022-08-29,Credit Card,254777.09
13157,1417,2024-10-03,Cash on Delivery,144631.15
8086,4899,2025-10-25,Debit Card,499318.61
4090,4189,2019-12-10,UPI,59943.72
392,4881,2025-03-11,UPI,156460.74
10692,108,2024-08-08,Credit Card,173233.21
19414,1483,2025-01-07,Debit Card,52198.6
14790,1864,2022-03-01,Cash on Delivery,349355.2
16172,2573,2025-06-09,Net Banking,
13664,3801,2024-07-17,Credit Card,271058.92
6743,4838,2025-05-23,UPI,315863.81
1426,1530,2024-02-06,Cash on Delivery,68879.79
3561,4462,2022-02-23,Net Banking,234115.3
10326,2183,2024-03-21,Cash on Delivery,404828.55
16023,3730,2023-07-12,UPI,236731.45
5334,4964,2025-10-31,Cash on Delivery,219655.16
266,518,2024-10-21,Credit Card,144966.04
2242,2904,2021-06-21,UPI,164093.8
11270,2129,2023-04-20,Credit Card,422433.82
2526,1580,2023-07-20,UPI,170885.18
3550,1143,2025-01-23,Net Banking,323746.12
5538,4900,2022-11-20,Credit Card,221214.33
6255,1380,2024-03-03,UPI,123933.88
5589,192,2025-09-22,Cash on Delivery,228690.4
6548,4589,2024-12-07,Net Banking,97575.6
7363,4677,2025-09-26,Nan ,62723.96
12419,688,2023-02-14,UPI,144246.43
16655,1147,2021-12-18,Credit Card,3878.74
1776,2755,2025-08-05,Debit Card,223917.64
4934,669,2021-08-17,Net Banking,370941.38
9742,2662,2025-11-09,UPI,75620.78
5862,2769,2024-03-20,Cash On Delivery ,547580.22
16846,1840,2023-11-25,Net Banking,260256.14
736,2898,2024-12-09,Debit Card,263497.46
19658,256,2021-01-26,Credit Card,388949.85
5889,130,2023-09-21,,168362.43
11036,2603,2022-07-29,Net Banking,210952.0
6802,1684,2020-08-12,Cash on Delivery,255453.74
3147,4251,2025-12-08,Debit Card,23501.2
10635,2551,2024-10-27,Cash on Delivery,90488.22
15304,475,2024-07-28,Debit Card,167294.91
16477,4456,2025-11-09,Credit Card,159856.52
3538,4005,2024-10-13,Cash on Delivery,478810.23
9011,2908,2024-11-24, UPI ,80264.26
10198,2315,2025-05-19, UPI ,145784.04
16030,839,2023-11-05,,197235.38
6868,405,2023-06-05,,122996.96
10697,770,2025-07-06,UPI,55168.56
12464,259,2024-08-25,Debit Card,142182.2
3902,2187,2024-11-08,UPI,361466.89
5192,2673,2025-02-02,Debit Card,266132.54
3415,4069,2024-05-08,Debit Card,231743.67
18194,3815,2023-11-07,Debit Card,99204.61
12002,1890,2025-03-20,Cash on Delivery,32697.42
2533,1416,2020-07-01,Net Banking,94007.41
16913,475,2024-10-09,Cash on Delivery,55670.42
2554,4225,2024-07-24,Cash on Delivery,83942.66
15527,2477,2022-05-04,Debit Card,23731.78
18955,2803,2022-12-01,debit card,275313.88
12636,936,2024-09-02,Net Banking,176997.53
11659,662,2023-03-23,net banking,224130.82
1600,3069,2024-05-23,Net Banking,203580.48
14028,3709,2025-06-30,Net Banking,92786.71
5289,4148,2024-08-17,Cash on Delivery,112689.9
4600,2418,2023-08-21,Cash on Delivery,157441.4
13350,3774,2025-02-15,UPI,54110.15
6690,3115,2025-12-21,Credit Card,21712.14
10971,4469,2020-05-15,Net Banking,353395.34
389,470,2025-01-15,Debit Card,236853.9
13351,4637,2024-12-23,net banking,208630.74
2732,3721,2022-01-25,UPI,213529.07
7462,370,2024-07-24,Cash on Delivery,154974.65
12505,1701,2023-04-19,Debit Card,277563.5
16915,3964,2021-02-03,NAN,317529.13
9452,1747,2023-01-29,UPI,151998.05
15726,495,2022-09-02,Debit Card,155097.1
19267,1353,2025-09-17,Net Banking,165651.19
12975,1943,2023-10-29, nan ,263679.5
12843,1843,2025-03-02,UPI,
3596,2054,2020-03-16,Net Banking,169240.32
7208,3206,2024-04-30,Credit Card,252271.66
10403,403,2025-08-16,UPI,92724.48
15320,1755,2024-08-12,Net Banking,37880.26
16947,528,2022-08-07,Cash on Delivery,350274.4
15230,1713,2025-04-16,Cash on Delivery,203537.1
16986,4920,2022-09-05,Net Banking,282984.58
14815,1354,2024-08-11,UPI,102808.5
580,1166,2025-09-15,Net Banking,305647.3
19561,3942,2024-07-07,Credit Card,84476.33
14996,3751,2025-05-27,Cash on Delivery,306222.87
12700,4466,2024-12-19,UPI,58547.71
6167,486,2022-12-14,Debit Card,239603.31
5369,1464,2023-02-19,Cash on Delivery,375420.29
5999,895,2023-02-12,UPI,386626.42
19824,2811,2022-03-02,Cash on Delivery,118162.7
18927,4156,2023-02-23, UPI ,68480.15
8152,4021,2023-05-18,Net Banking,245761.26
15298,2240,2025-10-25,,261531.64
16910,1515,2025-03-29,Credit Card,235203.46
13299,18,2023-02-02,UPI,93853.59
7231,455,2024-11-06,Net Banking,371117.82
9745,3203,2022-12-18,CASH ON DELIVERY,68807.44
2177,3299,2022-02-22,Credit Card,157253.54
3554,2578,2024-09-13,Cash on Delivery,3299.6
13699,1730,2025-09-25,Credit Card,281741.0
14191,1593,2024-05-07,Debit Card,320980.5
959,3747,2023-03-13,Debit Card,12392.4
11535,4625,2025-02-06,Credit Card,175425.8
12738,343,2022-01-16,UPI,324983.33
19068,4141,2023-11-08,UPI,69696.58
1501,4269,2025-12-25,Debit Card,158653.27
3635,2082,2025-03-24,Credit Card,84512.24
12383,3815,2025-04-19,Debit Card,202230.43
12625,3252,2025-09-15,UPI,296070.75
7034,2602,2023-11-06,credit card,132308.16
13120,4501,2020-12-23,Cash on Delivery,225632.65
18617,3053,2022-03-13,,311273.25
432,2301,2023-09-25,UPI,162167.08
16168,2779,2021-06-20,Cash on Delivery,90864.14
17381,231,2023-11-01,Net Banking,64102.82
14316,1798,2025-08-20,UPI,294236.12
7575,391,2023-04-11,Credit Card,132373.62
17460,1071,2023-07-22,Debit Card,283680.27
9497,4065,2023-11-08,,33972.86
15803,4200,2024-06-06,Net Banking,46212.52
5910,2430,2024-11-12,Net Banking,411108.77
13887,61,2019-09-03,Credit Card,150598.68
3756,2193,2020-10-18,Net Banking,223162.41
7557,228,2024-08-12,Debit Card,
1172,3304,2025-06-18,Credit Card,165089.54
9275,2575,2021-05-08,Debit Card,86267.53
8359,276,2022-01-30,,33053.48
13462,4000,2024-07-11,Cash on Delivery,253559.42
199,2951,2025-01-04,UPI,366040.65
3989,4724,2024-05-11,Debit Card,137213.35
4513,2016,2021-12-03,UPI,33573.94
4622,3857,2023-11-26,Cash on Delivery,73686.96
14046,858,2024-07-14,Net Banking,286452.99
6769,4289,2024-05-05,UPI,37709.57
8754,1842,2024-09-18,Net Banking,205274.49
16777,2212,2021-08-13,Cash on Delivery,320737.99
18641,1824,2024-01-17,Debit Card,260095.97
9863,449,2024-06-19,Net Banking,136740.25
14688,675,2023-11-26,Cash on Delivery,31291.32
258,3381,2025-09-16,,151532.61
5246,4946,2022-08-15,Credit Card,176058.6
13534,3751,2024-02-15,Credit Card,75280.32
8424,3678,2025-06-17,Net Banking,419471.4
181,3937,2022-07-18,Net Banking,226850.74
8548,2820,2024-02-10,Cash on Delivery,221973.62
15104,3904,2024-05-17,Cash on Delivery,76010.74
7850,257,2024-03-04,Credit Card,85346.64
4431,2069,2023-05-27,UPI,193516.27
8151,230,2025-06-28,Debit Card,87975.44
8377,304,2023-02-05,Cash on Delivery,169812.54
3894,2430,2024-11-05,Debit Card,71756.85
15452,1753,2024-09-19,Net Banking,71587.24
10150,3728,2025-10-23,Debit Card,98438.36
11222,2904,2020-12-09,UPI,22332.6
18473,2482,2020-11-25,Debit Card,233292.83
14050,3025,2025-11-15,Debit Card,
6155,1693,2020-01-13,Credit Card,324494.68
7321,3929,2023-12-17,Credit Card,365006.66
14925,1368,2023-04-28,Debit Card,160515.24
11340,4045,2023-12-18,UPI,513312.31
15871,4492,2025-02-24,Credit Card,355244.35
3341,4679,2025-07-27,NAN,469332.78
8588,3791,2025-07-15,CASH ON DELIVERY,3695.65
11368,4541,2025-01-08,Cash on Delivery,73940.71
7425,1776,2024-10-14,UPI,264864.02
8401,3686,2024-10-18,UPI,
1864,3394,2024-12-15,Credit Card,239666.71
8665,1768,2023-09-28,Net Banking,1781.92
17248,1493,2024-09-08,Debit Card,163435.23
4169,4702,2023-12-17,,45881.35
12205,1334,2025-02-08,Credit Card,88357.14
14142,709,2023-06-06,,165177.96
16622,4364,2024-10-09,Cash on Delivery,148503.2
10643,67,2021-01-16,,152709.56
15067,2413,2022-09-17,Cash on Delivery,236841.1
1553,1487,2023-11-28,Net Banking,190281.02
15449,4146,2021-12-16,,266841.64
12023,1186,2024-07-16,Credit Card,177693.01
974,1364,2023-11-02,UPI,51751.89
2965,218,2020-11-28,UPI,461238.49
15134,2198,2024-07-23,Net Banking,463041.27
3966,1836,2023-11-11,Debit Card,72520.76
3866,2532,2023-12-13,Debit Card,174075.38
12714,3330,2023-01-10,Credit Card,332104.39
2619,1025,2025-12-28,Debit Card,285545.97
18277,2480,2023-11-05,Credit Card,298673.93
15809,3244,2024-10-30,Cash on Delivery,100727.26
11347,2911,2021-03-27,Credit Card,212641.47
17366,2933,2023-05-08,UPI,492888.47
17517,2632,2022-03-22,Net Banking,195712.24
7868,1206,2019-06-26,,68491.96
2899,2227,2024-01-05,Net Banking,244904.69
12705,618,2025-11-08,debit card,372835.37
2453,825,2021-11-23,UPI,231639.29
15433,4649,2021-01-20,Net Banking,168396.04
2663,3283,2025-04-21,Cash on Delivery,331886.05
7174,3364,2022-04-19,Debit Card,135751.36
2800,2188,2022-01-25,Debit Card,44443.36
18355,143,2025-12-22,Upi ,257229.58
7838,849,2025-06-28,Credit Card,6004.96
9242,3135,2024-06-04,Debit Card,142071.42
9227,4152,2023-12-11,UPI,49173.96
14664,213,2024-11-04,Debit Card,121169.73
2646,4686,2021-05-22,UPI,247535.78
9116,4641,2024-03-24,UPI,
19070,2625,2024-06-08,Debit Card,150332.76
4130,87,2024-02-21, Net Banking ,48769.1
12147,4132,2022-02-13,UPI,42374.24
9250,22,2024-05-12,Debit Card,366008.88
10705,2971,2025-04-10,Debit Card,296471.94
15046,1638,2025-05-16,NET BANKING,194227.36
19965,3028,2023-11-22, Cash on Delivery ,250884.28
4420,4785,2023-10-26,Cash on Delivery,40319.4
11592,3174,2023-02-01,Credit Card,104677.68
17880,54,2024-05-16,UPI,303254.43
11364,4394,2025-03-28,Net Banking,102059.7
13428,4475,2023-01-31,Credit Card,101416.56
1764,3660,2024-02-14,Net Banking,209470.23
19179,4684,2024-07-17,,119470.84
14345,2581,2025-06-05,Net Banking ,287825.78
13338,4912,2023-10-31,Net Banking,237985.03
15363,4733,2023-12-20,Debit Card,413574.79
10278,4486,2025-09-01,Cash on Delivery,36692.98
11985,1164,2023-10-11,Net Banking,81600.72
13364,2891,2024-08-28,Net Banking,142922.59
12780,2390,2020-08-10,,174946.36
13691,1108,2024-07-31,Debit Card,155285.56
18202,4952,2024-02-16,UPI,210747.98
15521,650,2024-10-15,Cash on Delivery,21074.0
666,4538,2024-03-08, Debit Card ,353688.48
13705,444,2023-07-04,Credit Card,180499.69
12128,2731,2024-07-17,UPI,256118.85
6930,2281,2021-04-04,Debit Card,281983.8
162,4006,2025-03-11,credit card,182651.08
5648,1977,2022-09-17,Net Banking,45030.03
11695,4078,2024-07-01,,229078.49
17934,3567,2022-11-08,Net Banking,233846.19
13269,1621,2025-04-08,Cash on Delivery,54383.97
709,2284,2025-09-20,DEBIT CARD,142493.55
14170,3243,2023-07-13,Debit Card,390435.17
5893,3877,2025-08-15,Debit Card,87183.48
9930,1454,2024-04-06,Debit Card,150193.83
15769,4477,2025-01-11,Net Banking,134353.52
4511,4616,2024-01-15,Net Banking,101007.62
13171,4574,2021-03-23,NAN,504626.21
16161,1524,2025-09-11,Credit Card,61293.54
15700,2716,2025-09-25,Debit Card,299123.36
6964,215,2025-11-26,Net Banking,180483.22
16853,1494,2025-04-12,Debit Card,96257.42
14458,2417,2021-10-20,Credit Card,240372.74
18524,3315,2023-12-31,Credit Card,503508.0
19440,4552,2025-07-28,Net Banking,234101.4
10056,2664,2025-04-27,Net Banking,227900.33
1701,1643,2023-12-06,Net Banking,394861.99
17512,2899,2020-11-07,Net Banking,180908.72
6790,1933,2023-11-11,Debit Card,242283.98
7445,2370,2023-08-18,UPI,145945.96
6957,2728,2022-09-04,Debit Card,16634.96
8761,2672,2023-08-20,Cash on Delivery,295805.38
17992,3245,2024-05-20,Net Banking,156200.0
10579,2417,2025-01-29,,159470.31
15372,4946,2020-07-19,UPI,4574.55
8379,2871,2022-12-05,Credit Card,162685.69
6850,3034,2019-11-25,UPI,57467.55
6729,2814,2025-05-22,Debit Card,276914.75
8062,4339,2023-11-17,Net Banking,255659.39
18985,2902,2025-10-30,Cash on Delivery,369285.47
17163,4502,2024-11-01,Cash on Delivery,181433.28
13180,465,2025-07-29,,120682.87
6146,4161,2025-11-23,UPI,66548.82
10363,2607,2025-09-18,Debit Card,76498.88
7823,3366,2024-05-31,Cash on Delivery,59844.62
11737,2622,2022-06-12,Net Banking,
5504,4825,2024-11-22,Cash on Delivery,98469.6
3295,2840,2022-02-07,UPI,113939.37
13084,4151,2025-03-02,,314816.16
2290,1746,2023-09-16,Debit Card,36496.02
14896,1806,2025-12-16,Cash on Delivery,104494.45
12650,113,2023-08-01,Cash on Delivery,46687.12
10238,3049,2025-04-05,Cash on Delivery,321416.9
12550,540,2025-02-20,Credit Card,154555.68
2424,4756,2023-01-14,UPI,5709.12
16451,4415,2022-09-30,UPI,
13634,1150,2025-11-24,UPI,474.59
8099,4594,2024-07-30,Debit Card,217859.54
9412,2732,2021-05-26,UPI,329618.36
4236,4813,2025-08-12,Cash on Delivery,153423.51
6467,733,2024-10-15,Credit Card,26510.22
12973,272,2025-09-06,Net Banking,229933.25
6070,1954,2023-07-21,Net Banking,148416.63
9790,2506,2023-07-25,Debit Card,237723.64
18266,852,2024-07-31,Debit Card,121671.3
6920,348,2021-05-08,Debit Card,253260.71
14034,3761,2024-12-04,Credit Card,248749.27
14806,739,2024-04-06,Net Banking,441455.04
12781,671,2025-03-28,Credit Card,130753.63
16620,4029,2024-09-08,Cash on Delivery,39425.82
10245,3903,2025-09-02,UPI,107901.42
2110,2739,2023-01-08,Debit Card,84652.38
102,1587,2023-11-12,,178894.2
6910,1362,2025-09-22,Credit Card,222259.25
9644,1629,2025-12-23,Net Banking,165173.77
15687,1846,2020-03-25,CASH ON DELIVERY,151489.2
289,380,2024-12-26,Debit Card,142728.93
6950,1378,2025-11-14,Net Banking,208252.0
13082,1981,2024-11-01,Debit Card,33721.77
8578,3250,2024-01-01,Net Banking,80842.93
13884,4553,2024-07-26,Debit Card,451945.23
9813,604,2024-05-07,Cash on Delivery,204653.19
10804,840,2025-09-11,Debit Card,36595.7
6289,4159,2024-11-24,Net Banking,121613.88
13914,2967,2023-05-09,Debit Card,60013.66
17128,3015,2024-12-20,Credit Card,286584.07
18063,4735,2025-06-25,Cash on Delivery,61926.53
3515,175,2025-01-29,UPI,488100.84
16880,238,2025-02-12,Cash on Delivery,40744.56
19953,3532,2023-09-29,Cash on Delivery,173278.95
8836,170,2023-11-28,Credit Card,178559.92
13906,1230,2023-12-15,Cash on Delivery,190934.75
4504,2291,2024-07-28,UPI,135977.5
13451,4589,2025-06-26,Credit Card,9578.66
7556,3810,2025-05-15,Net Banking,386550.91
14057,2992,2025-04-25,Debit Card,38770.8
10271,1893,2024-11-13,Debit Card,111789.65
13280,2306,2023-02-24,Cash on Delivery,75065.02
18834,930,2025-05-19,Net Banking,83914.82
6117,404,2024-10-07,Debit Card,348719.33
12323,88,2024-07-04,UPI,30212.82
18728,3484,2023-09-22,UPI,85149.9
3437,959,2023-02-20, UPI ,117273.0
3687,3609,2023-10-16, Net Banking ,59119.14
15321,1517,2023-05-24,UPI,115909.15
17129,3785,2023-12-25,Net Banking,267321.29
1162,4975,2025-05-11,net banking,278535.16
13404,3295,2024-01-11,,266278.72
18382,3744,2025-03-18,Credit Card,90549.48
8537,4740,2024-07-23,CASH ON DELIVERY,164175.56
6184,2199,2025-11-23,Credit Card,215015.68
19745,156,2024-07-20,UPI,316300.3
404,3858,2024-08-08,Net Banking,199842.02
1229,2482,2025-01-02,Cash on Delivery,160182.12
1508,724,2025-02-02,UPI,101956.99
14077,1265,2022-06-03,Debit Card,135562.14
4651,4361,2024-06-28,upi,461913.94
6465,3660,2024-08-04,Credit Card,436439.23
15515,2029,2022-02-17,UPI,161198.6
1818,3316,2024-03-05,Debit Card,13314.9
11793,3066,2022-02-14,Net Banking,62058.73
19694,3513,2023-10-26,Cash on Delivery,78788.82
13575,950,2023-11-25,Cash on Delivery,242235.36
15287,2569,2023-03-17,Cash on Delivery,324987.87
3499,4925,2024-11-09,,57911.35
11653,1761,2024-09-18,UPI,112965.27
916,187,2023-05-02,Debit Card,286465.6
15651,4620,2025-08-15,Credit Card,300425.17
5710,1985,2021-10-18,Cash on Delivery,514252.76
6023,2817,2023-06-16,UPI,280324.66
3200,4619,2025-12-10,UPI,50264.47
11868,4218,2023-03-12,Credit Card,163126.25
19261,3798,2023-03-14,Net Banking,154782.6
19361,921,2025-02-22,UPI,144011.82
17970,2785,2025-07-20,Upi ,50458.28
5400,2647,2022-11-29,Debit Card,77469.18
18518,4809,2023-09-17,Debit Card,10765.12
4523,2760,2020-04-03,Net Banking,168314.12
4129,4011,2023-02-26,Debit Card,266183.65
11997,4994,2023-04-26,Net Banking,163995.22
19565,462,2024-03-24,Credit Card,138750.1
19593,3216,2022-04-09,Cash on Delivery,203713.4
11892,1931,2023-09-11,UPI,116249.26
9599,3095,2025-02-05,Credit Card,188912.5
3471,775,2022-06-27,Net Banking,155299.84
2216,4933,2025-01-06,,232178.1
2613,2734,2025-03-14,Net Banking,242619.04
19963,778,2021-06-27, Credit Card ,205896.42
10500,209,2024-08-11,Debit Card,14818.83
5592,1801,2025-12-18,UPI,38705.71
1323,3170,2025-01-01,UPI,34365.59
6874,1118,2024-07-01,Debit Card,115246.94
5778,3086,2024-10-01,Debit Card,444165.04
6712,1286,2021-11-27, UPI ,226644.89
10507,2098,2024-05-31,Credit Card,89137.47
14400,2945,2024-08-28,Net Banking,6037.46
2602,966,2023-09-05,Debit Card,60787.32
15976,4866,2021-06-19,Debit Card,36724.84
6490,699,2025-05-26,Credit Card,130786.66
3083,2724,2023-09-04,Debit Card,8293.65
14750,1083,2025-01-31,Net Banking,145219.65
13790,2437,2022-04-21,Net Banking,238601.49
4820,765,2023-08-11,Net Banking,153392.78
18569,2707,2025-09-14,UPI,217974.9
2372,3798,2022-04-27,CREDIT CARD,191007.75
3467,1975,2022-08-19,Debit Card,167135.26
11747,1726,2020-06-14,Net Banking,99947.93
1040,2669,2023-08-05,Debit Card,239560.2
6630,513,2024-12-01,Net Banking,389633.38
19712,4999,2024-03-24,UPI,21649.0
15591,1510,2025-10-24,Cash on Delivery,326266.95
8758,1690,2020-12-11,,162745.44
3470,1318,2023-03-01,Credit Card,76282.68
11336,2881,2023-04-28,Debit Card,303667.52
12260,3903,2025-05-10,Credit Card,68526.63
6242,2285,2024-02-04,Cash on Delivery,197709.54
5352,4070,2023-11-29,Credit Card,371826.04
297,2920,2025-12-24,UPI,151927.72
2176,1784,2023-10-22,Debit Card,171658.26
8642,1448,2023-02-05,Credit Card,253431.23
15053,2831,2023-06-19,UPI,290886.28
9076,4527,2024-06-20,UPI,73529.41
3398,1646,2022-02-10,Debit Card,133378.64
6020,1398,2020-08-13,Cash on Delivery,106504.28
18965,2427,2025-04-06,Debit Card,59214.21
3001,212,2023-10-14,Net Banking,134728.02
254,1611,2024-11-01,Credit Card,152021.59
849,1381,2025-07-07,Debit Card,71440.09
15496,1494,2023-01-15,UPI,116404.58
17611,4990,2021-01-15,Net Banking,200683.25
16224,3819,2024-10-28,,6960.85
489,3992,2024-06-23,Debit Card,309655.92
13836,1016,2025-05-09,UPI,120142.7
11746,408,2023-11-17,Cash on Delivery,57589.22
16848,2617,2024-06-04,Credit Card,255773.7
7767,406,2021-10-30,Credit Card,28089.93
5286,329,2025-08-23,Credit Card,2404.97
3074,1779,2021-05-18,debit card,383721.43
6605,236,2024-10-25,Net Banking,32336.87
19998,4788,2025-04-09,Credit Card,105352.29
15798,306,2024-03-28, Net Banking ,186370.08
369,251,2025-10-31,Net Banking,151864.5
10489,2360,2022-02-01,Credit Card,82583.7
7199,4562,2023-06-12,debit card,124772.29
17892,679,2023-01-20,,91772.96
3084,1366,2023-02-04,Net Banking,39356.39
15257,189,2020-04-30,Credit Card,253771.92
7967,410,2024-04-09,Cash on Delivery,192426.3
3575,3855,2025-04-08,Credit Card,231254.37
19763,2044,2022-04-08,UPI,247978.87
14385,3446,2024-09-26,UPI,379484.18
2187,3884,2022-10-21,UPI,136882.06
11164,4415,2025-08-19,Net Banking,22236.6
17111,1083,2025-05-07,,427585.21
8278,4572,2023-01-15,Credit Card,295325.48
17996,3128,2025-08-19,Cash on Delivery,408334.32
16358,194,2024-12-13,Credit Card,
622,394,2023-11-09,Debit Card,99409.5
8832,550,2025-02-16,Net Banking,88902.0
12027,2945,2024-09-21,Cash on Delivery,152909.16
10940,3724,2022-10-30,Cash on Delivery,209643.4
19900,1797,2025-03-23,Net Banking,174799.58
3070,1608,2024-08-08,Debit Card,71108.77
175,4168,2022-05-04,Net Banking,378796.92
6369,3044,2023-07-31,Debit Card,124785.31
16785,2159,2025-08-12,Net Banking,220508.83
1294,4842,2022-09-22,Credit Card,366199.44
5295,3772,2022-10-13,UPI,124517.72
5383,3378,2025-05-27,UPI,330762.99
17560,1521,2021-05-01,Cash on Delivery,166315.59
10139,3710,2024-06-19,Net Banking,76924.88
17438,4051,2025-08-11,Net Banking,108559.1
11648,1727,2024-03-16,Debit Card,117760.65
14711,1213,2025-10-07,Credit Card,331833.49
5920,4999,2019-07-19,Net Banking,273923.93
11115,4472,2023-07-04,Debit Card,285449.33
3625,3250,2024-05-13,Credit Card,96302.66
9807,1090,2020-12-25,,189417.83
15553,524,2024-01-24,Debit Card,21125.82
14438,2702,2021-08-05,Debit Card,208045.76
2345,296,2025-07-25,Net Banking,112681.97
1695,2255,2025-11-02,UPI,2057.43
2919,1256,2021-10-31,Net Banking,345019.85
7548,1124,2023-06-30,Credit Card,196326.88
2455,3833,2021-02-02,Debit Card,149213.37
296,4996,2022-07-14,Credit Card,337308.5
14272,1779,2023-10-20,Credit Card,128682.81
17404,3566,2021-10-16,Net Banking,191758.83
1212,4212,2024-01-03,Net Banking,213519.49
18734,830,2024-04-25,Debit Card,234803.46
12596,4432,2025-11-19,Credit Card,386059.12
9674,4910,2023-05-28,Cash on Delivery,139276.63
11216,3327,2025-01-24,Debit Card,203668.25
18934,1316,2022-01-12,Cash on Delivery,17170.71
12955,1324,2025-05-15, Debit Card ,182284.7
19231,107,2023-08-19,Credit Card,350842.1
1789,4744,2023-05-04,Net Banking,57902.4
16363,2652,2021-09-05,Credit Card,203540.05
15503,2690,2023-01-13,Debit Card,193871.41
8709,822,2024-12-01,Credit Card,
5835,1279,2023-11-11,Net Banking,88250.91
4391,2136,2024-09-03,Net Banking,175363.45
9165,1873,2022-07-20,Debit Card,260214.08
8713,3552,2022-05-27,UPI,150005.95
8513,2257,2025-12-10,Credit Card,30245.66
9688,63,2025-10-26,Debit Card,31821.14
1738,2887,2022-02-14,Debit Card,168287.87
16310,4871,2022-12-02,UPI,636199.16
15563,2489,2022-12-01,UPI,311584.74
9318,2783,2021-07-09,UPI,153735.36
3914,3889,2025-11-28,Debit Card,172517.74
2671,2547,2024-01-10,,225631.95
632,2085,2024-05-11,Debit Card,110831.25
11846,1796,2024-11-21,Net Banking,113640.78
2428,4188,2022-02-09,CREDIT CARD,64220.8
4156,2990,2023-02-27,Cash on Delivery,140142.68
11316,3474,2024-12-28,debit card,399058.67
4806,1904,2025-02-22,Debit Card,444084.88
18217,1193,2025-03-22,Credit Card,
3228,3151,2020-07-06,Credit Card,135752.77
10103,2569,2025-02-23,Net Banking,20098.97
3150,3579,2021-12-11,Cash on Delivery,342536.24
4748,2356,2021-01-25,Debit Card ,103736.86
8699,765,2024-02-22,upi,199124.14
14844,3222,2021-01-06,Cash on Delivery,200861.54
8966,4566,2025-08-28,Cash on Delivery,152307.54
2858,2551,2023-12-24,Net Banking,101468.22
19497,3249,2025-07-03,Net Banking,226022.97
1433,3660,2023-02-01,Credit Card,29338.96
3787,560,2025-04-10,Net Banking,187068.78
3856,3757,2024-09-06,Net Banking,107555.88
8313,984,2025-10-31,Net Banking,262315.87
19563,4871,2025-03-09,Net Banking,103283.32
9918,3820,2023-12-12,Credit Card,22937.96
18684,4165,2022-07-28,UPI,310291.54
7070,546,2021-07-01,Cash on Delivery,147660.15
10411,4605,2025-10-10,Debit Card,127632.13
6226,196,2022-08-07,,174183.59
9398,1647,2021-12-19,Upi ,147550.81
10457,964,2024-06-29,Credit Card,176621.11
16764,3063,2023-02-21,UPI,158273.09
1870,1237,2021-01-04,Net Banking,6577.51
5253,1669,2020-03-11,Cash on Delivery,303169.94
18872,4471,2025-09-19,UPI,89367.64
7265,995,2024-02-24,Debit Card,113280.15
4063,1764,2024-06-21,Cash on Delivery,289514.02
7701,272,2024-10-17,Credit Card,248968.22
14015,2116,2022-05-01,UPI,185949.68
5849,2969,2020-09-13,UPI,86774.62
18430,4922,2021-02-13,,208059.93
18818,3032,2025-10-18,,307833.03
11000,4122,2023-06-14,credit card,27634.32
5774,1520,2025-10-23,net banking,
6764,4771,2021-08-18,Net Banking,118061.55
17636,2661,2022-12-24,Cash on Delivery,25257.9
18511,3746,2024-09-23,Credit Card,115184.66
19191,4139,2025-10-02,UPI,303190.78
12019,563,2025-03-22,Cash On Delivery ,78781.45
2063,1891,2024-07-09,Credit Card,40268.96
17873,47,2024-12-11,Debit Card,149870.94
15788,3017,2023-12-27,Net Banking,129487.26
18833,3917,2021-04-30,Debit Card,272901.72
11407,1033,2022-09-07,Cash on Delivery,66204.78
2803,1208,2024-05-06,UPI,242848.84
4379,4676,2020-06-27,Cash on Delivery,293356.42
6717,3098,2022-09-29,Cash on Delivery,414385.67
12368,1317,2025-02-06,Net Banking ,112180.74
8421,1839,2024-03-14,Debit Card,131458.0
4646,744,2025-04-03,Cash on Delivery,261922.7
19792,4746,2023-07-30,Net Banking,78135.5
7206,186,2021-09-10,Debit Card,226955.57
2340,1616,2024-11-10,Net Banking,93819.88
13141,433,2024-12-26,Cash on Delivery,332908.74
10878,113,2025-03-04,Credit Card,216497.3
11473,4745,2022-02-21,Credit Card,55497.1
866,4116,2025-07-29,Debit Card,21596.72
8149,4958,2023-07-01,UPI,36744.56
876,756,2024-03-02,Net Banking,2750.88
11628,4675,2025-02-18,Credit Card,139752.5
7452,594,2025-02-24,Debit Card,333063.52
2232,1948,2025-12-13,UPI,299737.21
19629,1785,2025-02-16,Credit Card,7020.47
15175,4987,2025-04-10,Debit Card,45640.22
3066,3368,2025-01-29,Credit Card,282718.81
7881,1778,2025-11-13,cash on delivery,129739.9
5782,1756,2023-11-17,Credit Card,235934.12
5825,1792,2024-07-12,Debit Card,384162.78
14395,2871,2025-12-08,Cash on Delivery,
8241,667,2021-11-24,Cash on Delivery,246741.35
11664,2631,2025-04-23,Debit Card,470400.55
18193,2439,2020-03-03,Debit Card,370328.34
16912,3220,2025-09-22,Cash on Delivery,494741.34
14147,451,2025-10-04,Debit Card,49410.36
6695,4688,2024-10-27,UPI,252036.37
17534,4082,2025-10-03, Cash on Delivery ,96534.9
317,2910,2025-05-18,Cash on Delivery,119515.31
4584,3445,2022-08-07,UPI,220250.18
2006,4321,2023-04-12,Debit Card,163226.11
3363,4017,2024-07-30,Debit Card,94469.16
16253,1890,2025-09-06,Debit Card,
11310,1322,2023-08-31,Debit Card,148036.06
5686,2837,2025-06-06,Credit Card,163139.0
633,1240,2024-07-19,Net Banking ,378018.17
19315,732,2022-12-01,UPI,153938.89
2630,3175,2025-06-06,Cash on Delivery,56491.92
17262,960,2022-01-13,Net Banking,408816.2
7503,527,2023-11-30,Credit Card,124767.21
7043,1052,2024-11-06,Credit Card,115141.02
5037,4575,2025-01-04,Cash on Delivery,291945.39
10203,3016,2022-01-18,Cash on Delivery,
228,3221,2022-06-24,Cash on Delivery,138710.65
6154,4064,2025-05-28,Credit Card,294602.76
10852,13,2025-04-14,Credit Card,85939.15
4487,4006,2024-11-28,Cash on Delivery,101001.09
7808,3458,2023-01-19,Net Banking,231232.02
3934,4552,2023-02-03,Credit Card,342828.57
11088,2113,2024-03-12,UPI,5660.43
4357,4331,2024-07-13, Credit Card ,359990.61
12197,2519,2020-12-02,Debit Card,98376.36
650,646,2024-01-14,Debit Card,189666.48
4591,4646,2023-08-14,UPI,9226.09
143,179,2024-12-29,UPI,254729.68
6458,2588,2021-12-29,Credit Card,87637.23
10916,428,2024-06-01,Credit Card,147723.16
10731,151,2024-12-11,UPI,86662.42
10554,3874,2023-10-09,Net Banking,470025.67
8153,1704,2024-02-14,,178156.47
6844,2829,2023-07-05,Cash on Delivery,144944.2
14489,3868,2021-11-29,Cash on Delivery,150709.07
3143,3897,2023-03-26,Cash on Delivery,267804.52
18127,2047,2024-02-17,Debit Card,182770.56
4687,4067,2020-11-18,Cash on Delivery,187617.36
754,3127,2025-02-10,Cash On Delivery ,222439.24
8523,2625,2024-05-14,Net Banking,293309.07
19691,35,2025-11-16,Credit Card,266080.37
861,1939,2023-11-11,Debit Card,292421.97
17257,1393,2025-11-05,UPI,192401.92
13517,4167,2025-02-26,Debit Card,218329.37
18038,2470,2024-10-24,Credit Card,236742.59
10603,639,2025-06-27,Net Banking,120196.22
4813,2415,2023-08-02,debit card,222100.12
17928,4762,2024-07-12,Net Banking,369267.02
6698,415,2024-03-12,Cash on Delivery,94863.87
18321,4538,2022-04-28,DEBIT CARD,79131.18
11022,3499,2023-06-13,Cash on Delivery,284440.96
5777,1562,2023-01-10,Debit Card,113419.98
18458,2928,2023-02-05,Credit Card,105455.44
18704,4014,2024-04-30,,308138.68
17304,314,2025-10-17,Net Banking,62349.38
2778,1138,2023-05-26, Debit Card ,343184.4
7305,1357,2025-05-18,Cash on Delivery,91354.32
4522,4958,2020-08-09,Credit Card,205680.83
12488,3329,2024-08-18,Cash on Delivery,229409.18
15831,4107,2025-03-06,Credit Card,144459.68
14225,3280,2020-10-01,Net Banking,171015.52
17564,237,2024-03-08,Cash on Delivery,258412.61
8163,3058,2022-07-29,UPI,194345.88
19423,4471,2025-01-12,UPI,93107.45
18185,394,2023-09-05,Credit Card ,6874.72
1970,4417,2025-01-12,Cash on Delivery,80114.64
7528,4691,2024-01-08,UPI,281388.76
11313,3732,2022-10-27,Credit Card,225246.58
13010,128,2025-04-22,Debit Card,3235.68
14529,4814,2025-04-27,Net Banking,297738.37
19273,616,2021-05-01,,21040.13
7645,4081,2024-09-14,,367513.61
19344,1506,2021-08-23,Net Banking,126982.9
18313,2786,2025-12-02,Credit Card,
1153,247,2025-04-13,Credit Card,62193.2
8975,2095,2025-03-30,Cash on Delivery,61372.62
18179,4962,2025-09-06,,68857.14
299,3197,2024-03-26,Cash on Delivery,366258.25
17187,558,2022-01-17,Debit Card,161617.6
19345,189,2019-12-06,UPI,521325.49
12333,210,2023-06-27,Debit Card,127142.7
12115,2163,2025-07-06,Credit Card,205372.71
13176,1817,2025-12-11,Net Banking,225102.89
6019,2351,2024-12-24,Cash on Delivery,177606.08
4535,3066,2020-07-19,Net Banking,17757.45
13684,1036,2023-11-22,Net Banking,181061.72
16040,1240,2025-03-08,Credit Card,264724.1
17176,3730,2022-12-15,UPI,62801.58
9196,3700,2021-07-25,net banking,285888.02
1468,3739,2025-02-15,Credit Card,200266.08
13598,2358,2020-09-27,Cash on Delivery,187944.71
15302,3725,2025-03-10,UPI,34983.98
9924,4700,2023-08-29,Cash on Delivery,121997.98
243,2677,2023-08-25,UPI,282148.62
19184,1307,2024-07-17,Debit Card,75887.57
2655,3715,2025-05-21,Cash on Delivery,235271.09
4570,1984,2025-08-15,Debit Card,89960.88
8294,564,2024-02-27,Cash on Delivery,77195.08
2716,1154,2025-01-03,Cash on Delivery,244060.84
4857,3440,2025-01-31,Debit Card,179183.37
926,2248,2025-11-13,UPI,344129.62
9058,4783,2024-09-16,Net Banking,25848.55
5697,2953,2025-02-26,Debit Card,140446.25
17160,1052,2024-08-07,Debit Card,224803.55
14519,525,2024-03-07,Debit Card,115233.04
9404,4565,2025-06-04,Net Banking,74099.24
11172,4169,2025-06-09,Debit Card,353614.52
8905,3794,2020-11-23,Credit Card,72739.32
4162,4856,2025-06-19, UPI ,268171.92
16663,2098,2024-11-09,Debit Card,36091.84
4699,769,2024-11-07,Cash on Delivery,321601.35
1410,4255,2025-12-20,Cash on Delivery,160756.07
11494,2492,2025-03-19,UPI,199888.64
17004,4989,2025-11-09,Credit Card,156745.5
4782,915,2024-02-26,Net Banking,41231.16
9802,3813,2019-03-23,Net Banking,3527.5
5127,4193,2024-10-28,Credit Card,122251.44
10070,1956,2021-06-26,Credit Card,298956.06
16460,701,2023-10-19,Cash on Delivery,237185.83
16519,3803,2021-06-07,Credit Card,175639.07
4372,1893,2024-03-26,UPI,321926.18
19034,4112,2025-11-23,Net Banking,188703.66
9422,117,2020-11-12,Credit Card,196059.31
11437,1553,2023-09-08,Debit Card,146369.83
18497,3372,2022-05-10,Debit Card,87018.13
13457,3553,2024-09-25,UPI,124265.76
10308,924,2024-05-28,Credit Card,217232.35
17628,4916,2025-05-20,Credit Card,152763.64
6956,3753,2019-07-26,credit card,48871.72
1114,3921,2023-12-20,UPI,
2371,2407,2025-01-01,UPI,278182.47
5534,438,2024-11-04,Cash on Delivery,53978.86
11703,4900,2025-12-20,Debit Card,
7867,4461,2025-11-12,Credit Card,269963.24
18418,4165,2023-11-22,UPI,310648.81
5348,3177,2023-11-13,Debit Card,429146.19
414,1544,2024-11-15,Net Banking,263628.68
19347,326,2022-09-04,Cash on Delivery,351942.53
17250,4811,2021-08-29,UPI,260637.99
10030,1569,2020-09-10,Cash on Delivery,424103.3
13541,4033,2021-11-14,Credit Card,15752.55
19475,929,2025-07-14,Debit Card,152216.09
8894,495,2022-03-09,Net Banking,66958.62
17069,4988,2021-06-26,Cash on Delivery,161648.96
1181,3123,2023-09-16,Credit Card,112609.85
13149,2556,2020-02-10,UPI,267127.69
15520,2997,2024-03-16,,215296.72
15860,4494,2025-12-01,UPI,286011.44
6304,3419,2021-03-23,Credit Card,66955.05
5897,4949,2025-08-02,Cash on Delivery,225688.56
1375,516,2023-12-15,Cash on Delivery,37541.22
3632,4224,2022-06-19,CASH ON DELIVERY,
1401,370,2024-06-10,UPI,246006.32
10866,4240,2022-03-09,Cash on Delivery,357726.7
11786,3631,2024-01-17,Credit Card,366730.54
19972,2373,2022-11-19,Credit Card,412743.93
14214,3341,2025-10-24,Upi ,217288.51
10469,2575,2021-04-19,Net Banking,
2485,1710,2022-11-22,Credit Card,86618.5
6634,3001,2022-01-13,UPI,158686.51
19502,3150,2022-10-29,Credit Card,114917.01
17668,236,2025-04-17,Cash on Delivery,81245.3
1830,2507,2023-01-18,Cash on Delivery,227205.64
11741,2248,2025-03-15,Net Banking,
12546,2832,2025-11-27,Credit Card,364158.75
7104,2417,2022-12-02,UPI,301683.58
17324,4146,2023-04-09,UPI,104071.79
17521,2596,2024-12-14,Debit Card,182118.71
3819,1221,2021-10-22,UPI,231823.02
1390,1884,2022-08-29,,188739.67
13371,1321,2022-11-25,,176057.93
16016,4225,2025-07-24,Cash on Delivery,106107.25
13824,4591,2023-09-05,Cash on Delivery,135996.33
16626,4538,2023-04-22,Net Banking,45257.64
16260,4971,2025-05-12,Debit Card,21194.97
6853,3209,2022-12-15,Debit Card,246381.22
18808,770,2024-05-23,Credit Card,71812.49
17422,1290,2025-05-25,Debit Card,109289.45
15427,1152,2021-02-01,Debit Card,267531.75
6892,3722,2024-05-07,Net Banking ,10753.56
19223,2809,2024-03-22,Debit Card,36626.99
17199,3039,2024-04-30,Debit Card,264632.21
5968,1522,2022-06-06,Net Banking,381608.74
17532,1414,2022-07-25,Credit Card,98710.08
4886,491,2024-12-04,UPI,278136.56
5894,172,2022-01-22,NAN,13987.59
19009,159,2023-08-11,Debit Card,169965.0
4069,424,2022-10-18,Net Banking,23874.45
13874,3309,2021-09-18,Debit Card,88179.6
10706,683,2023-04-23,Net Banking,118054.65
16159,4508,2020-04-17,Credit Card,385814.26
3795,905,2020-10-29,Cash on Delivery,71674.91
18178,1491,2025-01-03,Credit Card,260473.32
16676,580,2025-04-01,Debit Card,267574.67
12138,2220,2021-02-22,Cash on Delivery,318633.35
9348,1022,2025-11-04,Debit Card,172193.56
14167,191,2023-05-09,Cash on Delivery,179417.33
13612,4113,2021-04-02,Cash on Delivery,70904.62
3405,3737,2020-02-08,Credit Card,
19958,2143,2021-07-13,Credit Card,108691.44
15825,3020,2025-10-21,Credit Card,499636.99
18463,1646,2023-02-14,Cash on Delivery,128172.24
11394,1525,2020-01-10,Cash on Delivery,134244.42
8784,4222,2025-09-18,Cash on Delivery,148399.3
6291,4827,2023-10-03,,60727.12
3813,3566,2025-02-20,Net Banking,218910.0
4633,767,2021-05-09,Debit Card,378754.72
8415,1751,2024-12-03,Cash on Delivery,141229.63
14581,2645,2023-03-27,Debit Card,250658.02
10094,3991,2025-05-30,Upi ,365929.11
5624,2078,2025-01-20,Credit Card,196626.86
17179,4168,2020-02-08,Credit Card,289954.95
16813,1363,2025-03-03,Credit Card,89993.4
10277,1227,2024-01-21,Debit Card,235727.81
18110,1827,2020-06-02,Credit Card,204655.4
4328,4529,2024-09-16,,453772.67
7657,506,2025-12-05,UPI,361030.4
16795,4469,2020-07-01,Net Banking,112581.27
7650,1266,2025-11-21,Credit Card,294445.92
9508,1553,2024-09-13,Net Banking,79246.98
11211,1,2020-10-19,UPI,158822.97
13413,4878,2024-06-13,UPI,25061.68
16285,1985,2024-03-21,Cash on Delivery,2234.16
1113,2227,2025-03-19,Cash on Delivery,209048.14
618,287,2019-11-22,UPI,199091.42
16744,627,2023-05-01,Debit Card,50349.14
10989,3112,2024-07-24,Net Banking,459956.11
5834,1848,2024-12-27,Credit Card ,261037.95
19349,3529,2024-12-01, UPI ,15222.76
7127,2030,2025-05-08,,18907.05
16199,164,2022-12-04,Credit Card,204151.1
17416,4572,2023-10-31,Debit Card,196108.95
9271,1189,2024-08-15,UPI,50751.62
12492,316,2025-03-19,Cash on Delivery,103127.76
9160,1925,2024-12-12,Cash on Delivery,12379.26
12168,454,2025-07-18,Net Banking,43188.54
8248,1746,2024-09-27, Credit Card ,179754.48
287,926,2022-01-01,UPI,93470.35
9400,4058,2022-12-13,UPI,161870.25
9538,4111,2023-10-15,Net Banking,95505.54
9975,1046,2024-11-26,Cash on Delivery,185728.44
10856,4168,2024-02-10,Credit Card,87975.24
7078,3542,2024-01-02,UPI,614769.35
13734,4339,2025-03-24,Cash on Delivery,247471.93
1218,881,2021-04-28,Debit Card ,228191.61
17518,2315,2023-05-24,Credit Card,142453.92
13257,4531,2024-09-28,Credit Card,104383.92
5565,3560,2023-11-13,Credit Card,293073.07
18431,8,2025-08-21,Cash on Delivery,81977.42
13582,2660,2025-07-16,Debit Card,178786.52
18314,3720,2025-07-01,Credit Card,339283.47
2591,2023,2024-04-20,Net Banking,302054.47
7912,4436,2025-11-12,Debit Card,39347.03
9022,3127,2022-07-16,Net Banking,276520.24
601,682,2023-07-15,,64823.43
14190,1014,2024-05-19,Debit Card,204454.94
2623,3492,2021-08-27,UPI,120598.2
14975,4614,2020-10-06,Credit Card,16583.16
9322,3544,2025-10-10,Net Banking,215542.05
5013,2859,2020-08-23,UPI,492203.34
15017,1640,2025-07-05,Credit Card,326526.15
10276,529,2024-11-01,Debit Card,242071.56
10365,991,2022-09-04,CASH ON DELIVERY,57251.44
3523,655,2025-06-08,Debit Card,8248.78
6481,1898,2020-07-21,Cash on Delivery,108963.54
13904,391,2022-12-25,Cash on Delivery,137199.85
10284,322,2025-02-21,Credit Card ,199524.64
18837,2473,2020-10-09,UPI,97910.09
7582,1903,2022-10-06,UPI,307241.84
8074,1703,2025-12-10,upi,312321.0
1963,3678,2024-09-12,,140190.85
6169,2326,2020-06-03,UPI,175108.97
15243,1211,2025-04-13,Debit Card,328657.63
17094,1556,2022-01-27,Credit Card,298465.08
13226,406,2023-07-30,Debit Card,452469.51
15069,392,2021-11-07,Credit Card,142091.79
10949,917,2022-11-24,,213850.45
1934,4906,2024-04-28,Credit Card,329077.45
11208,3674,2025-03-23,UPI,52973.65
13169,1185,2023-08-03,UPI,263364.66
7108,3215,2023-07-28, Debit Card ,108375.11
6047,4621,2023-10-22,UPI,91419.16
13255,989,2025-11-14,UPI,6706.02
17061,4558,2025-10-02,Debit Card,
13703,2000,2025-10-11,Credit Card,383935.28
931,4022,2022-04-06,Debit Card,52797.79
6084,4930,2024-12-07,,281971.98
12302,2925,2022-07-25,UPI,117304.67
18687,1991,2021-09-04,Net Banking,491385.91
11899,1847,2023-10-28,Debit Card,69708.06
1752,316,2022-04-06,Cash on Delivery,84453.94
8688,687,2023-01-25,DEBIT CARD,200274.62
14104,1177,2025-09-20,UPI,196194.08
10397,2959,2025-05-09,Net Banking,63064.04
1811,3685,2025-05-18,UPI,153219.55
14867,1348,2025-06-28,Debit Card,433207.96
19401,4563,2021-03-17,Credit Card,166809.98
3330,1697,2025-10-24,Debit Card,35169.97
14007,3421,2024-09-12,Cash on Delivery,6088.18
1116,1640,2025-08-09,Net Banking,274697.6
3585,202,2021-11-19,Net Banking,365212.46
7572,3366,2023-05-05,,13385.68
7598,4174,2025-06-22,Debit Card,484719.85
19724,2428,2022-11-23,UPI,144310.71
9882,435,2024-03-05,Cash on Delivery,43856.92
332,2893,2023-10-02,Net Banking,165093.04
7864,1730,2025-01-16,Net Banking,20893.6
19551,1061,2021-03-29,Debit Card,160298.1
15767,783,2020-02-20,UPI,72081.44
17670,766,2024-08-06,Net Banking ,112763.75
929,2444,2024-11-26,UPI,433197.68
11359,2769,2024-08-15,Debit Card,139180.32
3344,479,2025-04-05,Credit Card,
15065,2721,2023-08-25,Debit Card,164225.99
7434,1806,2024-10-23,Debit Card,119648.01
13027,2626,2024-04-08,Cash on Delivery,238529.2
17862,3083,2025-01-02,Net Banking,88601.25
3907,4889,2022-02-22,Cash on Delivery,241593.81
8397,1170,2023-04-09,Credit Card,45342.36
12676,1161,2025-10-21,UPI,258648.02
19004,4176,2022-09-02,Net Banking,141149.91
3872,176,2023-05-30,UPI,6659.48
12036,1534,2025-12-02,Cash on Delivery,139999.11
13377,3758,2020-03-23,Credit Card,201214.77
6664,4881,2025-08-06,Net Banking,208789.61
15381,1478,2023-06-24,Net Banking,160809.74
2037,4952,2024-11-26,Net Banking,180561.4
15929,2774,2023-01-25,UPI,155200.04
9159,2380,2023-07-11,Debit Card,157267.08
17994,2909,2025-01-10,,234117.75
14306,2635,2025-05-02,Cash on Delivery,100678.13
3201,1165,2021-02-05,Credit Card,32159.76
11140,4406,2024-10-13,Debit Card,19604.88
4895,327,2022-05-12,Credit Card,178894.03
12241,2244,2022-06-17,Debit Card,41128.56
8357,1128,2023-06-27,Cash on Delivery,139778.23
12822,2913,2022-03-02,Net Banking,333428.29
10757,4881,2024-12-20,Debit Card,7642.82
14731,1308,2024-01-19,Debit Card,260149.54
9909,4240,2022-06-17,Debit Card,
9985,1728,2021-09-17,UPI,22173.64
10811,3611,2025-07-21,Cash on Delivery,31930.84
12176,1729,2024-08-26,UPI,117924.28
3043,4294,2025-09-07,Net Banking,351314.72
8582,648,2024-06-19,Net Banking,334207.95
9361,821,2024-07-30,Debit Card,66758.26
5018,2080,2024-01-06,Credit Card,120948.68
4973,1924,2024-11-05,Cash on Delivery,431533.99
1522,3902,2025-11-05,Debit Card,168667.35
16472,1554,2022-05-23,Cash on Delivery,
7375,1928,2024-06-08,Debit Card,76502.29
747,3679,2021-05-12,Debit Card,130290.64
10046,2084,2024-04-29,Net Banking,277784.28
4218,1917,2023-06-07,cash on delivery,123904.53
19532,4116,2023-10-17,Credit Card,349512.81
6367,1210,2025-11-14,Net Banking,266923.11
5063,4772,2022-06-21,Debit Card,233500.93
1537,4996,2022-11-02,Debit Card,58018.97
16555,1804,2024-08-30,UPI,315552.53
4310,4515,2024-06-12,Credit Card,57815.24
3564,2652,2025-05-29,,205342.84
4761,4776,2022-07-29,UPI,117861.32
8360,3162,2024-01-16,Net Banking,36099.36
3158,2555,2025-12-02,UPI,216064.41
5640,4653,2022-07-14,Credit Card,469940.94
4273,3349,2021-07-17,Cash on Delivery,414121.39
19643,1055,2023-02-06,Debit Card,96946.51
7626,3403,2024-11-17,Debit Card,122613.04
19774,921,2025-08-14,Credit Card,42260.65
3940,2652,2024-05-10,Net Banking,340306.35
15143,357,2024-12-05,Net Banking,22165.9
786,2947,2024-11-20,Debit Card,148715.95
1283,778,2025-03-28,Net Banking,74882.44
16516,4611,2024-08-06,Credit Card,35777.33
2982,3665,2022-09-25,Debit Card,171741.44
8958,1664,2024-07-11,,123541.44
10740,1326,2022-09-22,Credit Card,259020.89
9015,2565,2020-03-15,Debit Card,213000.34
12537,2035,2025-06-12,Net Banking,274606.35
4833,1179,2025-12-10,UPI,361998.54
19465,2174,2024-09-17,UPI,105910.96
6358,2908,2023-07-24,cash on delivery,15926.28
18954,3166,2025-12-16,Debit Card,239379.42
1418,2421,2024-03-19,Credit Card,310882.12
5703,3322,2025-02-22,Debit Card,125458.82
12182,2077,2024-11-08,Net Banking,307864.39
15318,4409,2022-09-17,Cash on Delivery,168605.8
1891,1238,2024-11-12,Net Banking,200226.79
1714,3070,2022-03-03, Net Banking ,301311.85
877,2502,2025-09-27,UPI,27358.12
5278,4245,2025-04-07,,374630.95
18228,3042,2023-04-10,UPI,395020.96
17439,139,2023-06-25,Credit Card,320599.42
3688,30,2022-11-25, Credit Card ,367732.17
13981,4175,2024-07-16,Net Banking,171121.35
16954,2717,2025-02-10,Debit Card,31841.47
13493,3597,2020-01-02,Net Banking,125802.18
1883,3468,2025-07-25,Credit Card,67250.68
8355,960,2025-03-31,Credit Card,353209.55
7780,1293,2025-05-04,Cash on Delivery,354270.1
5218,392,2023-01-14,UPI,268695.26
17161,2821,2020-02-18,Cash on Delivery,133980.1
14474,2829,2021-09-24,Cash on Delivery,45948.3
19436,632,2019-09-01,UPI,41349.3
19394,4527,2025-09-30,Net Banking,177930.6
13512,596,2025-07-12,Net Banking,221177.53
17975,2071,2022-05-05,UPI,103221.05
16480,3379,2024-08-20,Cash on Delivery,209835.42
15444,4115,2025-03-09,Cash on Delivery,161352.86
16301,3683,2024-04-21,Credit Card,210587.3
15582,4582,2024-01-28,UPI,131935.29
12500,4482,2021-09-05,Debit Card,316668.93
16266,248,2025-11-14,Cash on Delivery,71107.86
18002,2659,2024-05-18,Cash on Delivery,207744.12
3272,2826,2021-07-19,UPI,140317.36
387,3646,2025-11-13,Debit Card ,257127.36
2246,1880,2024-10-04,Debit Card,244210.18
9670,35,2024-06-19,UPI,
9854,2127,2024-12-26, UPI ,198199.77
11761,1425,2023-04-27,Debit Card,33967.91
2614,1744,2025-04-03, Net Banking ,359033.5
10587,2824,2022-08-08,Net Banking,107685.61
18759,3175,2019-10-14,Cash on Delivery,181452.65
1839,2198,2025-06-01,Net Banking ,62464.07
15707,607,2025-09-14, Net Banking ,73843.34
7284,4055,2025-03-26,Debit Card,332297.99
6071,2547,2021-02-22,Cash on Delivery,67269.78
12348,556,2020-12-03,Net Banking ,241171.99
16467,1377,2025-03-15,UPI,115521.24
10680,1416,2020-04-22,Cash on Delivery,
7044,1924,2024-10-27,UPI,361613.25
9944,887,2025-10-05,Cash on Delivery,81716.74
17662,1485,2021-07-16,Credit Card,16763.29
8961,4538,2023-04-24,Credit Card,51762.44
6498,1927,2024-10-19,Net Banking,291070.19
3302,3781,2024-08-26,UPI,58038.21
15039,3451,2019-03-07,Cash on Delivery,194434.41
1878,1929,2021-10-19,Debit Card,364471.62
2645,3427,2021-12-25,Debit Card,58976.93
10252,3153,2023-09-08,UPI,195530.22
13794,1595,2023-09-13,Credit Card,151923.14
1306,1076,2022-12-21,Credit Card,226079.8
9842,2452,2024-05-29,upi,105608.52
12616,340,2021-10-30,,88789.6
14379,2890,2023-08-31,Nan ,173306.35
10776,240,2022-12-21,,268563.16
3271,2681,2025-11-24, Credit Card ,285449.36
361,3458,2025-06-02,Net Banking,110197.69
12300,1313,2025-04-14,Cash on Delivery,143238.1
2040,658,2025-10-13,Credit Card,128450.32
9861,3595,2021-03-04,Cash on Delivery,35190.72
1560,3595,2020-12-09,Debit Card,59102.54
4692,2247,2023-12-20,Debit Card,296808.91
129,1806,2025-01-16, UPI ,253154.22
2465,466,2024-04-29,Credit Card,16524.4
12761,1033,2021-08-19,Net Banking ,186306.67
7968,4673,2025-07-27,Cash on Delivery,116199.18
15923,2102,2023-08-03,Credit Card,68769.54
17146,4490,2025-08-23,Net Banking,264716.49
19169,3800,2024-05-22,Net Banking,168182.73
8590,526,2024-04-16,Credit Card,109785.88
10817,3044,2022-03-14,Debit Card,25828.2
6191,3820,2025-12-02,Debit Card,203382.47
7775,2365,2023-12-28,Credit Card,74554.47
10774,147,2024-03-07,Credit Card,71612.1
4348,1995,2025-07-22,Debit Card,163301.6
9382,2968,2023-09-24,UPI,43662.02
3881,2347,2022-08-16, Debit Card ,456442.03
6356,4788,2025-12-30,Credit Card,366190.72
5112,4572,2020-10-31,Cash on Delivery,310983.53
14869,3985,2023-05-17,UPI,34783.13
7630,4893,2023-06-11,UPI,109651.25
19513,729,2020-11-17,Credit Card,225493.47
18170,1383,2024-01-10,Net Banking,186695.35
16758,4454,2022-05-30,Cash on Delivery,137767.06
16258,2308,2023-02-03,DEBIT CARD,398931.39
19509,94,2025-02-26,UPI,141343.1
14588,4638,2023-12-15,Net Banking,201569.3
2066,3770,2024-02-26,Cash on Delivery,159033.8
1366,1124,2025-05-15, Cash on Delivery ,210704.7
9869,1438,2023-11-09,UPI,232397.61
8788,4451,2024-07-17,Cash on Delivery,102488.85
12374,2115,2025-12-22,Credit Card,122727.69
17529,3048,2023-08-18,UPI,197430.8
8833,444,2025-11-09,CASH ON DELIVERY,175853.36
4256,1293,2022-12-27,credit card,193206.71
17768,2678,2023-07-07,Cash on Delivery,71262.38
19668,1015,2025-11-17,Debit Card,71191.2
4717,4968,2024-12-18,Debit Card,87618.74
2433,4166,2022-07-18,Net Banking,133852.44
255,603,2021-06-24,Debit Card,323751.52
10101,4375,2021-12-15,Cash on Delivery,33503.64
8730,3572,2025-10-23,Debit Card,236948.58
13263,1673,2023-10-09,debit card,361449.03
14361,2452,2024-04-01,Debit Card,74267.84
17348,4454,2025-01-14,Net Banking,183589.0
5163,4381,2021-09-07,Credit Card,392529.35
15751,1801,2023-01-13,Cash on Delivery,107176.44
8442,2322,2023-11-24,Cash on Delivery,132374.41
2494,54,2021-05-25,,13357.31
9716,3772,2024-12-23,UPI,136592.91
17675,951,2024-11-24,Net Banking,17350.31
10441,1825,2023-02-19,,123001.95
2918,1478,2020-04-23,UPI,472360.51
7063,308,2024-10-17,UPI,61431.85
8698,3503,2023-01-29,Cash on Delivery,174823.91
18653,4343,2022-08-27,Credit Card,93948.76
18852,4333,2024-08-09,Net Banking,254421.83
7622,3072,2025-10-17,Credit Card,61710.75
14475,1207,2025-02-24,Debit Card,193703.29
12944,4301,2022-07-19,Net Banking,11757.93
4407,146,2022-03-30,Net Banking,229377.02
15941,1042,2022-02-07,Debit Card,246869.59
10533,4466,2024-04-01,Cash on Delivery,243037.65
6397,3280,2025-09-05,UPI,215067.71
16739,2668,2025-08-07,Cash on Delivery,307841.12
15931,554,2025-04-22,Debit Card,30800.16
3628,3843,2024-01-12,Cash on Delivery,197550.35
13650,1355,2024-04-06,UPI,384198.05
3432,4869,2025-03-07,cash on delivery,21196.67
938,4438,2025-10-23,Credit Card,30347.04
14180,1613,2025-11-28,Credit Card,135269.29
18053,195,2024-10-06,Upi ,202135.76
13924,4742,2023-10-23,Cash on Delivery,362761.44
12486,3255,2024-01-31,Net Banking,259485.07
5371,3869,2024-10-18,,326483.47
8987,372,2023-01-09,Net Banking,300455.21
512,2035,2024-06-18,UPI,37241.44
1236,333,2024-12-20,Credit Card,48434.84
5403,4252,2025-06-06,Debit Card,247192.99
3416,4706,2023-07-12,Credit Card,186355.69
10029,817,2023-10-06,Cash on Delivery,291088.24
2230,4134,2024-05-29,Cash on Delivery,149239.95
17132,4398,2025-01-26,Net Banking,89628.25
17097,4018,2024-03-10,UPI,91351.65
12888,2755,2024-12-08,Credit Card,169307.64
14286,2840,2024-10-09,Cash on Delivery,270978.94
10108,2945,2023-09-23, Cash on Delivery ,172763.64
3962,4791,2025-10-03,Debit Card,264282.32
12555,1397,2023-06-21,Debit Card,186107.46
14206,3160,2020-01-02,Net Banking,190996.11
3346,1679,2023-10-07,Net Banking,130535.13
1429,3565,2023-12-18,Cash on Delivery,185087.48
13066,3216,2022-05-19,DEBIT CARD,235201.59
4434,3031,2021-05-21,Cash on Delivery,60327.89
4182,3875,2022-12-04,Debit Card ,217145.03
5709,1768,2025-03-16,Cash on Delivery,453441.51
1624,4872,2022-05-09,UPI,236698.37
1,2331,2025-07-11,UPI,465471.63
12573,16,2024-03-28,Cash on Delivery,370065.41
17156,2353,2024-07-13,Credit Card,1811.44
12403,1250,2020-12-24,Cash on Delivery,195738.02
6589,4741,2025-09-10,UPI,283522.2
14137,1633,2025-06-10,Cash on Delivery,83969.86
11297,4297,2025-09-28,Credit Card,453425.69
16618,4431,2025-05-27,UPI,17074.76
1551,4689,2025-04-14,Cash on Delivery,78501.33
18482,4695,2024-06-17,Credit Card,248404.13
1800,1419,2020-11-14,Credit Card,1902.13
19749,2798,2020-03-04,UPI,245020.34
14537,304,2025-01-19,Net Banking,87057.18
3232,2469,2022-08-27,Cash on Delivery,328688.71
19446,1456,2025-04-29,Debit Card,56242.83
5853,2230,2023-04-09,UPI,150936.06
7466,4521,2025-06-30, Net Banking ,236032.4
17320,2582,2025-12-23,,91948.47
19733,4528,2024-05-17,Net Banking ,45183.45
12572,4713,2023-08-19,Net Banking,135774.98
28,4785,2025-05-09,Net Banking,114629.28
9731,4631,2025-12-20,Credit Card,301422.17
12898,2907,2024-08-23,Debit Card,180068.73
14963,3383,2024-12-18,Net Banking,111709.75
9791,2539,2023-12-21,Net Banking,48417.16
5003,2306,2022-04-03,Net Banking,93452.16
9736,4647,2020-01-12,UPI,216253.39
749,650,2025-03-13,Credit Card,81603.0
19921,574,2025-09-21,UPI,175987.62
15066,3833,2023-07-31,credit card,260770.03
10244,1301,2024-06-26,UPI,27581.76
5107,4098,2025-05-02,UPI,60957.15
13565,1830,2025-05-22,,71237.08
2950,4468,2025-12-18,Credit Card,169631.48
1266,1761,2023-02-19,Debit Card,501335.83
10889,1430,2021-06-06,CREDIT CARD,229028.58
4261,4253,2025-07-08,Debit Card ,176521.91
17449,2015,2025-12-21,Debit Card,355448.24
7399,3489,2022-11-16,Cash on Delivery,166173.95
13130,2283,2025-06-23,UPI,90867.17
9995,3097,2022-03-18,Credit Card,64212.87
8745,2724,2021-01-03,UPI,293252.92
6431,1071,2024-11-06,Cash on Delivery,39330.96
5844,1284,2022-05-07,Debit Card,39740.05
15795,1199,2025-02-09,Credit Card,67839.54
10054,1969,2024-01-30,Credit Card,41230.68
2534,3913,2023-10-26,Credit Card,11068.66
13250,2192,2025-03-10,Net Banking,230009.48
8148,24,2025-02-25,Debit Card,177771.4
1441,2422,2023-03-03,Debit Card,177085.16
3128,432,2021-11-17,Cash on Delivery,297691.62
8631,2785,2022-11-16,Debit Card,32095.1
8292,1881,2024-05-04,Credit Card,367268.63
17823,1363,2023-11-20,Cash on Delivery,123098.54
1491,1095,2024-02-25,Debit Card,54198.55
13282,1640,2025-04-15,UPI,268557.55
8804,3650,2023-05-21,Cash on Delivery,41733.08
12199,4313,2023-10-08,Net Banking,147788.04
13552,2422,2025-12-05,Debit Card,93070.9
8353,171,2021-09-06,,141178.15
2153,4761,2021-10-16,Net Banking,198779.4
15669,749,2025-01-29,Cash on Delivery,265174.98
10149,4081,2022-12-06,Debit Card,61334.9
3693,2282,2023-07-16,Credit Card,178769.9
14802,3293,2023-01-17,Debit Card,476516.05
15265,3336,2023-11-11,Net Banking,187307.49
15540,97,2023-08-15,Debit Card,111376.75
10098,4629,2025-05-01,UPI,44873.86
16762,4656,2025-03-12,Net Banking ,198841.62
15429,156,2025-05-23,Cash on Delivery,27927.07
11582,2127,2025-02-05,Net Banking,190997.7
818,2672,2025-02-15,Cash on Delivery,275280.38
10305,1147,2023-12-06,Credit Card,115218.44
2251,2137,2021-11-15,Cash on Delivery,194762.2
7213,182,2025-06-03,UPI,259472.4
3099,3807,2023-08-11,UPI,105212.64
7954,698,2024-10-28,Net Banking,169105.06
265,996,2025-11-07,Cash on Delivery,273023.45
18164,4609,2025-02-17,Cash on Delivery,181648.17
3737,13,2024-11-16,Cash on Delivery,105767.73
12520,621,2025-08-21,UPI,14276.95
1115,1026,2024-02-24,Net Banking,84581.8
1055,1744,2025-09-16,Net Banking,72632.4
18782,2405,2023-10-03,Debit Card,39909.45
7014,4208,2023-02-15,Net Banking,152899.59
6054,1883,2023-04-16,Net Banking,161279.8
3178,4772,2023-05-30,UPI,175667.18
8238,1278,2025-03-16,Cash on Delivery,165116.38
19702,4883,2023-09-27,Net Banking ,106826.56
19234,909,2025-05-16,,42581.94
19988,3360,2024-08-03,Cash on Delivery,10386.8
8522,1861,2021-02-04,Cash on Delivery,276221.26
19539,1392,2025-06-21,Debit Card,45837.0
10649,1748,2025-03-07,DEBIT CARD,565680.9
16972,2681,2025-01-05,Debit Card,89045.78
10669,763,2025-03-21,Credit Card,70745.48
19055,1769,2025-02-04, Net Banking ,481912.35
15914,1394,2024-12-05,UPI,124543.32
4787,1900,2020-03-02,Cash on Delivery,216870.48
16000,416,2021-02-06,Net Banking,185026.15
11055,1073,2024-03-13,Net Banking,302651.17
19457,1302,2024-09-12,Debit Card,159864.43
19298,4183,2025-11-11,UPI,146586.11
13744,4507,2025-11-03,Credit Card,188693.1
14069,1996,2024-04-12,Debit Card,230468.3
6057,3379,2023-03-12,Net Banking,263411.77
2186,3613,2022-12-31,cash on delivery,61513.44
14473,1362,2023-07-06,Net Banking,183710.14
18353,975,2024-11-16,,98340.12
12349,157,2025-04-30,Debit Card,196547.35
212,1996,2025-07-19,Net Banking,186439.45
13411,2899,2024-03-01,Cash on Delivery,474557.23
18457,3667,2024-01-11,Credit Card,324743.56
10795,1097,2025-01-24,UPI,256159.0
4690,439,2020-08-06,Net Banking,204312.09
17080,2936,2025-07-20,Cash on Delivery,
7532,1372,2025-07-22,Cash on Delivery,25718.6
15566,277,2023-11-03,Cash on Delivery,140108.0
4304,2832,2022-09-21,cash on delivery,197666.82
7848,3636,2021-10-07,UPI,123824.45
18261,1670,2023-11-28,UPI,103820.94
3216,488,2025-07-13,Debit Card,154080.21
8822,2947,2021-03-31,Net Banking,169397.91
6224,1083,2024-01-24,Net Banking,33380.92
8990,271,2024-05-01,Credit Card,
14862,1973,2024-11-28,UPI,142271.43
902,228,2025-04-18,UPI,423152.16
13366,2118,2023-11-13,Credit Card,273490.43
2324,4742,2025-01-04,Debit Card,236707.11
19115,3715,2022-09-15,Net Banking,172334.16
673,327,2021-07-19,Credit Card,69430.32
6221,652,2025-08-09,Cash on Delivery,239986.66
6928,1281,2025-12-15,Credit Card ,280710.11
14337,537,2024-10-07,Credit Card,211487.19
18439,4830,2023-04-22,CREDIT CARD,
9808,4875,2024-01-06,credit card,163863.76
6688,2781,2024-09-16,Net Banking,14597.04
19043,1958,2025-01-24,Debit Card,
16186,3325,2022-10-12,Credit Card,138117.34
5221,2448,2025-08-13,Credit Card,446708.79
7991,2400,2024-10-04,Cash on Delivery,78504.88
2634,2931,2025-11-05,Cash on Delivery,103380.37
4849,4657,2024-10-14,Net Banking,133149.82
5128,3365,2025-11-09,Debit Card,372504.0
12826,2845,2024-06-18,Debit Card ,255369.96
536,317,2022-05-31,Credit Card,377806.43
767,2843,2025-11-20,Debit Card,177909.7
844,3160,2022-06-27,Cash on Delivery,243157.44
881,3112,2024-06-11,Cash on Delivery,126185.81
18832,1928,2025-06-30,Cash on Delivery,302625.69
16464,2307,2025-02-24,Net Banking,83909.35
11403,685,2025-10-06,UPI,265603.71
6335,2729,2023-01-01,Credit Card,168619.64
6505,4025,2025-05-17,CREDIT CARD,31607.42
17002,1752,2024-10-10,UPI,
349,1704,2022-12-02,UPI,57467.66
3701,1901,2025-08-23,Cash on Delivery,278564.97
9447,4981,2024-10-15,Net Banking,191449.54
16518,1394,2020-12-24,Credit Card,424854.75
10073,1052,2025-01-24,Net Banking,142110.65
17659,2085,2024-04-24,Debit Card,37078.88
3677,661,2022-07-05,Cash on Delivery,220550.35
18087,652,2024-09-15,Cash on Delivery,188977.57
13037,2363,2025-12-11,UPI,185421.9
10690,4236,2025-12-25,UPI,261547.2
3023,987,2025-07-09,UPI,231401.03
12891,146,2021-02-25,Credit Card,197558.55
12816,2445,2024-05-03,Credit Card,211728.74
11459,2419,2023-02-05,Cash on Delivery,204213.83
1960,24,2025-12-25,Net Banking,225140.36
9130,2048,2025-06-21,Net Banking,97900.05
16488,4307,2025-06-24,Net Banking,270556.79
2585,2598,2022-08-06,Cash on Delivery,224897.13
1743,2702,2022-10-21,Cash on Delivery,202174.34
16918,426,2024-02-19,Net Banking,27607.46
14374,3665,2021-01-29,UPI,190973.15
13515,922,2024-03-13,UPI,116374.56
4921,1999,2025-09-23,Cash on Delivery,83431.48
7746,1072,2020-11-26,Debit Card,40752.28
4732,2837,2024-01-07,Credit Card,647268.2
9065,2387,2020-11-07,Net Banking,140037.12
16504,296,2025-06-02,Credit Card,28033.26
14470,2310,2021-02-10,Cash on Delivery,105406.77
2995,1903,2023-12-29,Debit Card,82681.52
5174,120,2025-10-04,Net Banking,109629.36
5848,1874,2022-01-13,Credit Card,332113.13
11595,2293,2025-10-30,Cash on Delivery,423245.2
3307,3993,2025-03-23,Net Banking,128046.77
1101,2735,2023-05-29,Credit Card,74072.39
16498,4529,2024-11-30,upi,199014.81
11261,4851,2024-03-22,Credit Card,116878.65
10417,177,2025-01-24,Net Banking,92900.28
8075,1481,2021-03-15,Debit Card,327931.1
12074,800,2025-05-07,Cash on Delivery,147523.42
4766,3895,2024-05-12,Credit Card,316915.94
412,2632,2024-10-20,Cash on Delivery,158593.14
16192,182,2023-04-15,Credit Card,325835.58
15167,4446,2021-10-07,Credit Card,131932.97
5997,331,2024-05-05,Cash on Delivery,94057.98
19035,1594,2025-10-21,Credit Card,
1434,456,2024-04-24,Cash on Delivery,268922.27
7383,1152,2023-06-09,Credit Card,117632.85
7147,202,2023-12-12,Cash on Delivery,375209.28
702,1746,2024-11-21,UPI,87908.2
10671,3930,2022-05-02,Credit Card,59468.16
10074,3186,2022-07-13,UPI,267891.06
8846,2233,2021-07-26,UPI,85777.46
11617,2291,2024-06-04,CREDIT CARD,87158.43
8018,1930,2025-06-23,Net Banking,145253.27
14577,4979,2025-10-14,UPI,264515.57
16956,3611,2025-08-16,Net Banking,186406.25
17376,4545,2023-06-07,Credit Card,232742.43
10956,1926,2022-10-20,Credit Card,299596.78
3169,2518,2025-07-13,Cash on Delivery,123958.23
10737,945,2023-05-05,UPI,29104.24
6681,1723,2023-06-06,Cash on Delivery,129405.8
16599,1990,2022-11-16,Credit Card,220081.94
2910,2195,2025-11-13,Cash on Delivery,25668.68
18455,2317,2024-10-06,Debit Card,223490.1
6716,1534,2025-02-26,Cash on Delivery,163467.25
8043,3643,2023-02-16,Debit Card,274975.78
16614,1291,2022-06-12,Net Banking,112059.28
8570,3418,2024-11-24,Credit Card,197643.75
8720,3167,2023-10-25,Debit Card,36258.18
15513,4030,2024-09-19,Debit Card,56384.2
9849,1504,2025-12-20,Net Banking,34983.6
768,3935,2023-12-22,Debit Card,321502.22
9956,2537,2024-03-07,Debit Card,227659.99
4765,416,2021-04-27,UPI,463553.6
15051,3215,2025-04-19,,
7091,3420,2023-10-27,Credit Card,236624.93
416,2503,2023-11-16,Cash on Delivery,160230.53
11764,4349,2021-12-12,Credit Card,119054.22
2555,2659,2024-06-04,Net Banking,36194.36
18515,615,2024-05-22,Net Banking,105089.14
2139,552,2024-06-19,CASH ON DELIVERY,149831.26
18759,3175,2019-10-14,Cash on Delivery,181452.65
18854,4756,2025-05-17,Cash on Delivery,152718.2
11162,2622,2022-09-07,Cash on Delivery,302056.59
7859,1845,2019-10-28,Cash on Delivery,209163.86
8856,3915,2021-01-11,Debit Card,6539.32
1022,1330,2022-10-07,Debit Card,255993.28
9984,3402,2024-10-31,Cash on Delivery,15841.11
13347,934,2022-04-03,Net Banking,37767.8
2380,4098,2023-10-23,Debit Card,68754.3
5330,1498,2023-07-03,Credit Card,338846.48
3226,839,2024-10-23,Net Banking,167232.21
502,2043,2025-12-25,,179936.62
8527,739,2022-04-05,Net Banking,204073.34
16526,3237,2021-12-13,Debit Card,166444.02
5036,3817,2022-11-09,Cash on Delivery,111321.35
9578,530,2022-11-11,Net Banking,173444.26
12259,3848,2022-11-19,Credit Card,81365.52
18731,675,2024-08-23,Cash on Delivery,
9637,3238,2023-10-19,Credit Card,310713.33
10747,188,2023-07-15,UPI,300212.34
18722,4437,2024-04-15,UPI,357403.59
10034,3520,2024-04-06,Credit Card ,340100.67
8650,1296,2025-06-03,Debit Card,509155.54
11122,1652,2025-11-06,UPI,67181.1
6667,582,2025-05-27,Net Banking,208326.38
14656,3779,2025-07-23,,173191.48
1480,4067,2023-03-29,UPI,31552.68
8776,1653,2023-01-20,Cash on Delivery,256512.73
6489,1909,2024-10-21,credit card,110231.17
4234,3499,2022-01-11,Net Banking,511876.46
14350,2778,2025-02-27, Cash on Delivery ,192195.05
12644,387,2024-01-14,Debit Card,162612.99
12961,3194,2023-11-11,Debit Card,38420.04
12200,152,2023-07-25,upi,126468.64
500,3209,2021-08-19,Credit Card,308004.25
7567,2849,2024-08-24,Cash on Delivery,26081.17
4126,3046,2025-05-31,CREDIT CARD,276295.17
514,2653,2025-02-06,Debit Card,277557.71
2005,4093,2025-01-10,Credit Card,41876.0
15195,3459,2025-10-21,upi,123507.16
8561,1550,2020-05-27,UPI,190837.0
40,373,2025-03-11,Net Banking,47818.91
1058,3956,2024-07-13,Net Banking,276896.53
4491,1884,2023-12-18,Cash on Delivery,296447.5
6049,3699,2022-09-03,Credit Card,116947.96
3647,4190,2023-01-28,Net Banking,180636.16
3804,212,2024-10-05,UPI,249658.49
16760,4504,2023-06-20,Cash on Delivery,65717.68
17201,3686,2024-11-12,Cash on Delivery,277479.53
11601,287,2023-10-24,Net Banking,111534.37
9814,3132,2023-01-01,UPI,157451.56
2707,3712,2024-04-21,Net Banking,106036.72
12399,4066,2023-05-28,upi,118979.8
2952,1465,2024-05-27,Credit Card,139251.95
8552,4113,2025-05-16,Net Banking,128605.76
5078,684,2020-01-15, UPI ,177346.12
16705,3841,2025-09-03,Debit Card,11951.75
19553,4393,2024-03-10,CASH ON DELIVERY,191300.12
14492,2208,2025-09-23,Net Banking,28182.12
17307,2377,2021-12-25,Credit Card,400148.77
10591,1715,2023-04-28,Credit Card,295992.98
7183,2089,2023-06-26,Net Banking,129030.0
19466,1232,2021-02-18,Net Banking ,130106.2
19204,4766,2025-01-21,UPI,71281.84
7522,2715,2024-02-28,Cash on Delivery,384899.01
8384,4931,2024-09-04,Debit Card,133835.52
17470,2450,2025-03-10,UPI,345517.25
6563,941,2025-09-21,Net Banking,395784.36
8170,4809,2024-07-15,UPI,174982.1
2734,617,2024-08-10,Debit Card,
11309,1919,2020-10-28,Cash on Delivery,82009.35
3885,1813,2024-11-20,Credit Card,193847.01
3009,242,2021-12-09,Debit Card,35997.65
54,883,2023-10-17,Debit Card,306683.29
13923,449,2023-01-02,UPI,476.26
10356,2022,2025-07-14,Credit Card,67759.24
305,4385,2025-09-22,UPI,93756.38
6619,67,2023-04-09,Net Banking,321363.35
2322,2299,2023-01-01,Net Banking,379551.4
10447,2029,2021-04-26,Debit Card,40062.02
17332,3129,2023-09-17,Debit Card,13734.36
13518,2073,2024-03-01,Debit Card,154553.04
9694,4318,2024-11-13,Credit Card,133870.62
1012,2898,2024-12-18,,160276.12
8914,1500,2023-04-22,Net Banking,143401.46
11654,758,2021-12-23,Credit Card,38039.28
6767,3937,2025-04-20,Cash on Delivery,34407.5
11007,2183,2021-09-12,Debit Card,345388.14
9079,2625,2024-11-27,UPI,235836.24
11372,2199,2025-04-21,Debit Card,319200.04
3360,1579,2021-08-09,Cash on Delivery,306302.72
10482,275,2020-03-13,Cash on Delivery,32553.64
1587,2858,2022-11-01,Credit Card,109807.29
16354,3715,2023-09-05,,406634.63
12598,597,2021-11-02,UPI,52523.1
1966,912,2021-07-26,Debit Card,135380.37
4136,590,2022-06-19,Cash on Delivery,129287.1
2515,560,2024-12-01,Debit Card,89392.11
13594,3398,2024-12-22,Debit Card,142026.11
10641,4337,2022-07-22,Net Banking,259477.53
10223,26,2025-05-04,Net Banking,240061.72
17330,955,2024-10-02,Net Banking,126859.38
4851,3568,2023-07-24,Cash on Delivery,182839.04
329,4274,2025-11-08,Credit Card,192143.08
9339,1346,2022-09-10,Credit Card,210437.21
13962,1194,2024-11-27,UPI,155765.81
13011,86,2022-09-30,Net Banking,123876.48
5487,4062,2025-10-26,Net Banking,224860.73
5655,4955,2024-12-04,Credit Card,185848.9
1716,1539,2025-11-25,Credit Card,
5259,2434,2024-12-13,UPI,257103.73
6982,2992,2021-12-21,UPI,185245.56
3771,327,2024-06-22,Cash on Delivery,51485.7
19033,1141,2025-08-07,UPI,72318.92
2941,932,2024-08-30,UPI,27951.88
15254,2869,2025-01-24,upi,35769.88
14705,3550,2024-10-25, Cash on Delivery ,177073.42
14978,2992,2021-10-24,net banking,146071.92
4784,444,2023-07-13,UPI,186678.37
12430,2920,2024-01-07,Debit Card,372421.84
9293,2284,2025-08-08,Debit Card,
4945,4844,2024-09-04,Cash on Delivery,105586.95
9993,2837,2025-07-26,Debit Card,88239.92
11562,4733,2023-01-29,,86930.96
8124,2656,2024-09-03,UPI,236512.93
2676,4861,2024-04-02,Net Banking,368682.56
15934,526,2023-04-03,credit card,118568.74
5638,1966,2024-11-04,UPI,137710.53
14269,4791,2025-09-10,Debit Card,256506.18
12689,4221,2024-02-16,Cash on Delivery,64811.72
14174,3560,2022-07-12,UPI,484465.2
4956,2653,2021-04-17,Debit Card,87282.68
16845,2659,2025-11-06,Cash on Delivery,89169.44
11752,2422,2023-05-10,Credit Card,94675.97
11062,2590,2025-07-18,Net Banking,336222.24
12191,4327,2025-06-18,Net Banking,201112.38
444,1989,2021-10-23,Net Banking,77356.82
18551,555,2021-05-24,Debit Card,
395,2617,2024-10-28,Cash on Delivery,147334.3
10176,1826,2023-11-04,Cash on Delivery,21116.31
6977,1224,2025-10-23,Debit Card,329571.97
17415,2657,2024-08-27,Net Banking,363426.28
17886,2782,2025-07-08,Net Banking,309154.76
6815,2710,2024-06-28,Upi ,253050.1
2624,4086,2024-06-15,Cash on Delivery,164032.84
18083,2869,2024-08-10,Credit Card,111599.33
15396,3914,2025-06-29,Net Banking,204541.0
9316,1763,2021-01-25,Net Banking,234521.9
8116,2706,2024-09-28,,43464.32
5606,980,2025-02-12,Net Banking,162638.9
1495,4669,2021-03-23,upi,201566.77
3252,4403,2025-07-29,Credit Card,232858.74
7136,2331,2024-12-02,Net Banking,167873.5
2937,3793,2025-04-04,Debit Card,107232.81
1775,2894,2024-01-29,Net Banking,166996.28
2825,3102,2022-09-03,Cash on Delivery,43673.04
11085,4993,2022-10-08,Cash on Delivery,27982.87
4841,198,2024-08-28,Credit Card ,202481.06
15061,3012,2025-11-08,UPI,495133.67
12671,1599,2025-10-21,Cash on Delivery,119248.5
16398,3166,2025-08-26,Credit Card,307952.75
1331,4562,2019-11-24,Debit Card,21582.6
16690,4518,2025-08-12,Net Banking,262608.75
16276,485,2025-05-19,Credit Card,129526.18
2681,2964,2025-03-12,UPI,30948.92
3584,1474,2023-02-26,Cash on Delivery,105448.5
11544,1308,2025-02-19,UPI,125881.92
5962,1255,2023-08-29,nan,283258.75
12278,165,2023-06-23,Cash on Delivery,386341.0
8882,4689,2025-11-07,Cash on Delivery,95391.78
19308,1288,2025-05-02,UPI,258447.44
5443,1862,2022-04-10,Credit Card,36835.59
17520,2051,2025-03-30,Net Banking,25883.47
10099,1507,2024-05-11,Net Banking,173883.6
4322,197,2023-09-17,UPI,226644.3
19925,3182,2024-10-20,UPI,141441.5
18790,4176,2021-12-09,Cash on Delivery,27797.26
19689,292,2025-10-06,UPI,152623.04
7312,1734,2024-03-28,Cash on Delivery,494393.2
19380,2196,2024-01-05,Credit Card,72570.86
17991,2065,2022-10-19,Credit Card,174977.6
5145,4050,2024-11-18,UPI,105086.51
5916,3480,2021-12-17,Credit Card,186939.95
15731,1354,2025-04-22,Debit Card,169181.4
17428,120,2024-09-01,UPI,19187.2
17127,4596,2024-02-04,,143593.38
15918,3382,2021-02-07,Cash on Delivery,74933.66
461,4689,2025-07-21,Debit Card,53977.05
11850,3188,2025-07-15,Cash on Delivery,376662.48
2595,1646,2023-06-03, nan ,159286.92
4645,2083,2020-04-04,UPI,326133.68
18601,2520,2024-08-31,Debit Card,236257.52
11708,1070,2025-12-26,credit card,47566.35
14933,3729,2023-06-08,Net Banking,190448.72
18948,1044,2024-02-29,UPI,141502.67
14393,3760,2021-04-10,UPI,558521.52
1261,2877,2025-10-29,Cash on Delivery,116516.42
4497,4890,2024-04-17,Debit Card,5129.05
12155,3361,2020-10-12,Net Banking,171657.57
5528,168,2023-03-05,,97974.42
10472,2707,2025-11-22,Debit Card,324544.95
4547,325,2025-02-22,UPI,283857.69
2762,789,2022-04-08,Credit Card,52086.07
11195,3292,2024-06-28,Net Banking,144260.14
16629,2482,2021-02-22,cash on delivery,41754.14
9769,2420,2024-10-04,Net Banking,27435.4
3696,2994,2020-11-01,Credit Card,
10647,2924,2024-09-02,Cash on Delivery,132742.95
15163,3821,2024-06-01,UPI,424004.17
10409,1216,2024-06-04,Cash on Delivery,37690.44
11778,4104,2024-09-19,Debit Card ,264300.82
11240,3993,2025-08-30,Debit Card,116584.41
4627,2588,2025-07-03,Cash on Delivery,306754.84
5091,267,2023-07-01,Debit Card,191447.55
954,2241,2025-01-31,Cash on Delivery,251021.65
1502,4738,2025-06-22,UPI,31009.3
19156,3658,2023-04-11,Net Banking,137817.84
15509,2351,2020-01-23,Net Banking,10290.0
1949,283,2023-08-29,,205488.04
7212,629,2024-12-16,Credit Card,28556.6
14757,358,2023-10-06,Credit Card,27115.78
8870,544,2022-02-22,UPI,4032.24
2072,647,2023-05-23,Debit Card,476811.3
2205,3559,2024-12-17,Net Banking,37392.62
12087,2376,2025-04-06,UPI,154206.3
10160,4676,2021-11-19,UPI,310454.08
8378,2416,2025-07-08,Credit Card,2414.46
15804,1834,2022-10-21,Cash on Delivery,203681.79
2592,120,2024-02-08,Cash on Delivery,13909.94
17924,4046,2023-04-18,Net Banking,122624.29
11441,185,2024-01-03,Net Banking,315299.52
5345,1641,2025-08-09,,99438.65
6685,4098,2023-02-23,Net Banking,274673.38
5491,3637,2022-10-23,Net Banking,176428.28
16263,1878,2023-04-30,UPI,156221.84
13878,3947,2022-09-01,DEBIT CARD,42350.7
3480,335,2019-06-11,UPI,166936.88
13542,3797,2024-09-04,UPI,124342.66
729,118,2025-06-07,Net Banking,138422.12
6132,2390,2022-04-06,Net Banking,30187.33
11967,3926,2025-11-18,Credit Card,60455.73
4648,3170,2023-07-09,Credit Card,166560.9
3686,2902,2024-11-16,UPI,114554.26
16050,3638,2023-06-09,Net Banking,212920.54
6944,37,2025-12-08,Cash on Delivery,18780.2
11587,3563,2024-11-24,CASH ON DELIVERY,
4443,1107,2023-06-18,Net Banking,164646.05
17835,2210,2023-12-31,Net Banking,28599.01
1867,3559,2025-04-20,Credit Card,309652.35
7538,3929,2021-06-22,,266836.41
19266,1085,2024-12-07,Net Banking,62246.04
11973,1232,2024-12-11,,43168.77
2978,2318,2019-05-13,Debit Card,67822.82
14604,1515,2022-05-27,Cash on Delivery,90850.53
12910,845,2021-11-22,Debit Card,113495.5
10629,956,2023-01-16,cash on delivery,91702.83
12315,1307,2024-08-24,Net Banking,24779.38
6835,1848,2024-06-28,Debit Card,160890.05
18138,2281,2022-12-08,credit card,181291.03
12600,4158,2024-12-31,Cash on Delivery,
19195,276,2023-05-10,UPI,120211.56
18294,1147,2023-06-19,Net Banking,64337.52
3003,2958,2022-02-22,UPI,343067.35
18177,538,2025-04-04,Net Banking,38168.65
9962,1935,2021-01-20,Debit Card,77277.61
8200,726,2020-05-10,UPI,105516.39
13845,166,2023-04-18,UPI,279395.33
14573,260,2025-02-06,Debit Card,334044.36
9056,425,2021-12-03,Net Banking,172522.5
2637,4110,2024-06-29,,291732.45
14101,3079,2024-04-20,Credit Card,307198.43
14687,375,2024-10-12,Credit Card,209549.54
657,4628,2025-12-22,Net Banking,181674.82
5215,194,2023-02-03,Cash on Delivery,203039.72
285,2035,2025-03-12,Cash On Delivery ,187040.07
8992,3478,2022-07-15,Debit Card,149996.82
4708,3668,2024-08-18,UPI,232996.68
3110,3146,2025-12-23,,166923.55
13020,654,2024-03-07,UPI,136508.73
559,3279,2023-10-17,Credit Card,346200.06
13379,1336,2024-08-06,upi,270509.31
13504,508,2023-10-17,Credit Card,91331.55
5480,2672,2022-12-24,Cash on Delivery,97507.9
4078,1108,2020-08-11,UPI,58678.5
11753,1891,2025-02-16,Credit Card,232767.89
2031,4069,2022-08-26,Net Banking,113083.54
6677,1519,2020-09-23,UPI,36502.58
2281,3463,2022-04-16,Cash on Delivery,180030.0
14663,1532,2025-05-10,Debit Card,170916.67
9835,3429,2025-01-08,Net Banking,89885.35
17801,687,2023-01-14,Nan ,79657.54
15594,1143,2025-08-25,Debit Card,150739.88
10638,1641,2024-09-02,NET BANKING,367500.76
2109,3149,2024-09-18,Debit Card,84917.98
9577,191,2023-07-30, Net Banking ,314329.81
3311,1454,2025-07-01,Debit Card,167164.4
16750,417,2020-06-11,Cash on Delivery,212528.97
643,3665,2023-01-19,Net Banking,9680.15
17621,3586,2025-06-08,,188947.04
17197,3331,2025-05-04,Debit Card,52618.8
18494,2249,2024-05-13,UPI,259633.34
11633,1086,2022-02-21,Cash on Delivery,149912.67
13097,4348,2024-07-03,net banking,204480.04
1439,1117,2023-05-16,Credit Card,359530.27
3835,1994,2024-12-31,Cash on Delivery,405226.44
6126,3711,2023-08-03,Cash on Delivery,39121.19
16787,2216,2023-03-01,Cash on Delivery,156295.6
8285,1086,2024-12-19,UPI,108891.75
18215,2171,2025-10-02,UPI,157828.22
13753,3725,2022-01-31,Credit Card,176226.1
2235,2290,2024-03-10,Debit Card,131146.25
4703,2620,2020-10-09,Debit Card,158967.66
16099,99,2023-08-23,Net Banking,
3091,1423,2022-12-05,Cash on Delivery,55212.55
9110,4694,2022-03-23,Net Banking,229632.35
4146,136,2020-11-30,CASH ON DELIVERY,24485.19
13208,1113,2025-02-25,,146392.19
3663,1456,2024-12-07,Debit Card,128331.63
17217,389,2025-09-16,Cash on Delivery,62709.22
7456,4966,2022-05-06,Credit Card,397022.09
13491,2663,2025-06-25,Cash on Delivery,94680.12
15789,718,2023-03-28,Credit Card,246932.53
11485,1727,2025-08-05,Debit Card,145053.72
5501,1980,2023-01-17,Net Banking,
15223,4180,2024-12-17,Credit Card,165877.04
12504,4641,2025-12-05,Debit Card,278991.69
1555,1485,2021-12-12,Cash on Delivery,52639.28
12179,4258,2021-01-26,UPI,192102.24
1610,11,2024-08-30,Credit Card,395558.75
10801,1883,2021-10-19,Net Banking,14704.83
10280,2592,2021-06-24,DEBIT CARD,83796.6
14627,537,2023-05-26,Net Banking,15792.95
697,2284,2025-03-01,Net Banking,236450.39
13078,3020,2024-09-04,Net Banking,82549.48
15601,3553,2023-06-08,Credit Card,16409.81
19035,1594,2025-10-21,Credit Card,
10679,916,2023-08-01,Cash on Delivery,24680.1
2767,3612,2024-11-15,UPI,440260.35
829,3169,2021-06-24,Net Banking,176558.45
18886,4134,2022-06-05,Cash on Delivery,305339.29
6005,4484,2024-08-30,Cash on Delivery,220703.11
3615,1415,2025-12-28,Cash on Delivery,4596.17
16390,1020,2025-04-02,credit card,130106.8
18619,2215,2024-10-04,UPI,223435.91
4652,4280,2025-01-05,UPI,218953.8
5270,2619,2020-04-02,,459601.8
4026,2051,2022-10-05,Cash on Delivery,18951.41
5754,3988,2024-10-28,Debit Card,292973.25
19598,4495,2020-08-13,Debit Card,60454.16
8265,1892,2025-10-12,Debit Card,333781.89
4330,2733,2023-04-11,Cash on Delivery,343212.2
3399,2810,2021-02-22,Cash on Delivery,37218.9
14335,3232,2022-07-13,upi,84181.65
9306,4226,2024-07-28,Debit Card,342792.23
111,2002,2025-06-01,Credit Card,58656.2
17642,4083,2023-07-17,UPI,300914.96
15880,1805,2025-10-17,NET BANKING,129287.91
1601,1769,2024-11-25,Net Banking,182654.51
5069,472,2020-09-17,UPI,197496.11
6440,3762,2024-01-26,Net Banking,126867.2
4484,4712,2023-08-13,Debit Card,292935.73
15297,4832,2024-09-08,Credit Card,60595.44
2887,1357,2025-11-04,UPI,206626.21
11338,2403,2024-11-29,Credit Card,72176.5
14271,4210,2024-04-21,Debit Card,35253.06
15849,460,2025-12-12,Credit Card,244593.54
11958,4941,2021-08-31,Cash on Delivery,56117.01
2726,1567,2023-09-17,Cash on Delivery,299663.83
13232,1223,2022-08-17,Net Banking,177202.83
14340,3553,2023-03-06,Net Banking,74396.22
17092,2371,2021-09-21,Net Banking,40062.5
8521,2008,2025-04-08,Credit Card,340487.29
10704,1009,2024-03-24,Debit Card,86972.56
14534,772,2024-11-30,Debit Card,66158.74
12618,521,2023-07-25,Net Banking,56871.69
8205,2257,2023-08-01,,77284.08
5719,1825,2023-04-10,UPI,210530.78
611,477,2023-04-27,Credit Card,382872.92
776,1037,2021-06-22,Net Banking,94797.08
1449,567,2025-01-05,,
12206,1662,2024-03-31,Cash on Delivery,281547.65
15909,962,2024-04-14,UPI,232821.1
10980,4735,2021-03-14,UPI,291988.56
16941,917,2024-08-14,UPI,12396.36
8016,930,2025-10-03,UPI,139329.33
13740,1253,2025-07-19,Debit Card,110009.08
9423,2182,2024-09-21,Debit Card,142946.94
2489,2279,2024-03-25,Debit Card,361925.93
2916,629,2025-03-10,Credit Card,244247.08
6582,2351,2025-11-16,Net Banking,211877.5
5110,4085,2025-02-02,UPI,5794.38
5872,836,2023-01-02,Credit Card ,159680.27
3984,4658,2024-02-22,Debit Card,285088.25
7892,4961,2025-12-08,Debit Card,134409.06
10696,4174,2020-10-11,DEBIT CARD,232390.32
14880,361,2025-11-01,Credit Card,275813.44
115,259,2024-01-17,Cash on Delivery,37233.36
4449,3981,2022-03-28,UPI,52139.56
519,4415,2023-10-18,,442691.69
17559,3807,2024-06-04,Debit Card,311104.72
714,3294,2022-04-06,Credit Card,142284.52
7925,1525,2021-06-24,UPI,184430.28
4053,459,2025-05-11,Net Banking,28733.07
1494,2951,2025-12-21,Cash on Delivery,157618.64
18493,3527,2021-07-08,Cash on Delivery,121104.49
18216,3335,2023-09-14,Credit Card,142423.32
17754,780,2022-01-09,Net Banking,234688.39
11471,1510,2023-12-03,Cash on Delivery,
10010,1808,2023-12-20,Debit Card,209258.25
1639,2209,2024-09-01,Cash on Delivery,348192.46
8282,2788,2022-05-17,Net Banking,
7488,2204,2023-02-20,,265159.88
14232,535,2025-06-12,Debit Card,345349.3
16251,1138,2023-12-14,UPI,149041.52
1885,391,2022-05-31,Credit Card,144459.56
17955,343,2022-07-17,Upi ,123395.51
3517,1957,2021-11-27,Net Banking,142298.04
2603,3190,2024-04-21,Credit Card,
956,3219,2024-12-08,Cash on Delivery,96161.8
10764,4580,2025-11-03,Cash on Delivery,239248.4
4371,3133,2024-06-26,UPI,373780.09
13847,4428,2025-03-15,Cash on Delivery,20395.35
7555,686,2024-03-06,Credit Card,
4269,4510,2023-08-09,Debit Card,300201.15
17461,3283,2024-05-10,Debit Card,208234.96
5079,2371,2021-10-16,Cash on Delivery,34183.8
11323,2216,2024-03-05,Credit Card,106876.18
10202,3660,2024-01-09,,66078.75
2970,2621,2021-06-15,Debit Card,406501.55
17484,3115,2024-06-20,Credit Card,200676.86
12354,2782,2024-05-13,UPI,25768.95
11064,3918,2022-01-01,UPI,311640.18
14433,4851,2025-12-07,Cash on Delivery,167580.28
18291,1221,2019-09-03,Debit Card,127092.35
2370,386,2024-06-07,Debit Card,179190.86
225,2778,2022-11-13,Cash on Delivery,
13508,4557,2025-05-16,UPI,164151.5
9572,2696,2020-05-04,Debit Card,243057.4
15293,1282,2022-05-11,Debit Card,199624.04
15476,965,2022-07-25,UPI,220653.08
18363,160,2024-09-17,Cash on Delivery,148249.88
16032,649,2022-03-11,Net Banking,180928.11
8839,3487,2025-08-02,Net Banking,249796.88
13876,670,2023-01-28,Credit Card,144913.92
12389,4885,2023-06-03,,130133.62
5130,1172,2022-08-28,UPI,220168.18
9952,1982,2024-09-14,,180544.12
6905,2632,2025-12-05,Net Banking,33306.15
11525,4631,2024-04-04,Credit Card,1057.88
8622,2915,2025-07-07,Debit Card,28815.33
11076,2012,2024-10-18,UPI,405717.7
15492,2408,2024-12-22,Credit Card,179346.62
3188,4589,2025-07-05,Debit Card,304636.68
4072,3462,2023-10-28,Cash on Delivery,11807.4
1920,1193,2025-01-09,Cash on Delivery,181463.56
19843,4621,2023-08-31,Credit Card,482984.4
13554,2170,2025-06-05,Cash on Delivery,237205.55
282,1528,2024-11-05,Credit Card,364954.6
1071,4500,2021-11-04,Net Banking,353476.04
11809,4601,2025-05-10,Credit Card,326408.24
5541,2351,2024-02-15,Credit Card,347486.24
4460,2824,2022-03-02,UPI,205254.19
18070,1510,2024-02-03,Credit Card,488701.29
18442,4029,2025-10-25,Credit Card,
8044,1773,2022-07-16,Net Banking,54232.72
19767,2367,2025-07-14,UPI,555646.73
2104,2662,2024-08-11,UPI,168621.21
7245,2255,2025-06-03,Credit Card,302890.02
7001,4786,2022-05-03,UPI,38992.44
14160,439,2021-03-31,Debit Card,149279.88
8687,1939,2024-02-24,UPI,115107.26
3854,1745,2023-06-26,UPI,155916.62
11118,1948,2024-01-10,Cash on Delivery,17034.2
13507,2703,2022-05-31,Credit Card,357414.26
13637,2127,2024-07-10,,151345.52
12840,2782,2024-04-24,Credit Card,170734.57
2467,4789,2024-07-04,Credit Card,68972.75
6012,4376,2020-07-12,upi,190645.54
3927,1157,2020-12-12,Debit Card,265483.08
16403,4292,2025-05-13,Debit Card,67436.88
8166,3752,2023-07-18,Cash on Delivery,52776.4
1407,350,2025-10-18,Cash on Delivery,40960.7
3708,787,2022-08-24,Net Banking,248457.48
7684,4285,2025-02-09,Debit Card,268699.78
18066,3057,2024-08-31,Net Banking,
3292,2095,2024-12-14,UPI,186979.24
13710,246,2024-06-11,Net Banking,85285.63
13015,156,2025-11-17,Cash on Delivery,216342.31
15820,1194,2022-04-03,CREDIT CARD,11626.32
10745,3492,2024-01-27,Debit Card,440738.5
6245,2815,2024-11-20,Credit Card,34002.54
8475,2536,2023-06-28,UPI,38781.86
249,385,2025-11-02,Net Banking,601705.77
4112,9,2023-10-27,Cash on Delivery,248627.12
13568,3058,2022-02-16,Net Banking,285179.29
920,2012,2024-08-29,Credit Card,372208.98
6441,209,2025-12-21,Debit Card,329005.83
2612,4755,2025-02-10,upi,123265.05
15926,3181,2023-09-11,UPI,180181.9
7961,4052,2023-03-18,UPI,147207.92
15008,3052,2019-08-03,Net Banking,138764.42
17714,1820,2024-11-21,Cash on Delivery,81959.85
4119,3888,2021-07-09,UPI,23584.46
17703,3922,2024-04-09,Net Banking,105399.38
1346,4682,2022-08-19,Cash on Delivery,220163.8
2004,402,2022-12-17,Credit Card,268993.39
11866,2468,2024-10-08,,28226.41
3750,3501,2024-03-10,Cash on Delivery,7138.84
2626,1963,2022-12-13,Cash on Delivery,78995.73
6811,3262,2024-09-20,UPI,171092.88
7543,872,2023-01-05,Debit Card,37096.89
10618,1893,2025-02-28,UPI,141823.86
4139,1938,2021-04-13,Net Banking,318594.48
8303,1550,2025-03-23,Debit Card,484921.64
1065,253,2025-06-28,Credit Card,442922.35
19155,2157,2024-05-30,UPI,41882.36
18113,4834,2024-09-15,Debit Card,121979.85
14355,4848,2024-06-01,Debit Card,132630.03
3958,4637,2025-06-22,Credit Card,47428.23
2584,3687,2024-04-17,Net Banking,365453.16
9217,2011,2024-09-25,DEBIT CARD,77426.04
18752,4954,2022-05-18,Net Banking,271550.51
4341,4227,2023-04-09,Cash on Delivery,89102.05
6616,1950,2025-07-17,Debit Card,12679.26
9132,3162,2021-11-12,Credit Card,13200.38
15437,77,2024-07-30,Debit Card,140592.19
7766,1955,2022-05-16,UPI,123600.6
4613,4320,2023-10-20,Cash on Delivery,392044.22
16091,1611,2022-03-27,Cash on Delivery,167210.65
1913,2311,2025-03-15,Upi ,154642.81
2703,613,2023-08-05,Credit Card,23129.7
11610,3543,2022-11-15,Net Banking,18986.88
14746,79,2023-10-04, Credit Card ,49326.65
862,2478,2024-04-19,UPI,325556.8
3208,2621,2025-08-25,Debit Card,927.32
7487,3534,2022-09-05,Debit Card,366056.33
15564,632,2020-07-02,Credit Card,246157.38
16007,1556,2022-06-28,Cash On Delivery ,105539.0
11341,709,2024-12-09,Credit Card,355125.31
5908,4769,2024-05-14,Debit Card,135659.3
481,713,2024-04-05,Cash on Delivery,173030.5
16308,1032,2024-02-06,Cash on Delivery,393735.42
6273,4376,2021-05-11,CREDIT CARD,9203.55
9556,3807,2022-09-10,Credit Card,231119.18
16146,77,2024-09-09,Credit Card ,416932.54
1803,1945,2022-06-17,Net Banking,274051.77
3138,4140,2025-08-20,Debit Card,329086.08
15583,1046,2023-12-29,Credit Card,455343.65
11464,3770,2022-08-18,Debit Card,231173.88
5260,1122,2023-06-05,Net Banking,116927.22
424,1681,2022-07-16,Cash on Delivery,324612.39
5346,2325,2025-11-10,Credit Card ,202791.28
16776,4575,2025-01-23,Credit Card,282514.58
7610,2263,2023-07-20,Credit Card,181243.45
13495,3071,2025-07-05,Net Banking,127450.13
18910,1733,2025-10-19,Credit Card,379118.65
19393,1898,2022-02-06,Net Banking,34945.92
11445,1449,2021-07-06,Credit Card,111252.7
12772,4960,2025-02-25,Debit Card,343345.61
1841,4255,2019-10-09,UPI,108531.48
14461,4784,2023-11-04,,154587.79
783,317,2023-09-29,UPI,358343.07
4266,101,2024-02-26,,146671.04
2702,3217,2023-11-21,,76105.82
16587,4403,2025-12-21,UPI,142664.2
5867,2277,2022-01-31,Credit Card,109829.6
1753,509,2025-09-09,Debit Card,75476.68
8887,4056,2024-09-07,Cash on Delivery,363888.36
17487,783,2021-11-28,Debit Card,161112.4
18613,848,2024-10-18,Net Banking,135446.05
16321,2126,2022-11-26,NET BANKING,31885.08
17926,1884,2024-08-31,UPI,103911.33
1412,4129,2025-05-28,cash on delivery,153126.34
6867,745,2022-11-02,Credit Card,84171.48
1376,1083,2024-07-23,UPI,173654.84
5687,1484,2024-10-04,UPI,267475.65
11286,1165,2021-10-14,Credit Card,7740.48
18842,2114,2025-05-14,UPI,217649.85
3851,906,2023-05-26,Cash on Delivery,319557.05
9096,1255,2023-02-10,UPI,404473.61
19975,1612,2025-07-21,,196103.89
18876,2403,2025-10-04,UPI,326734.06
4058,3439,2025-01-12,Cash on Delivery,211771.24
5053,2162,2023-07-18,UPI,200488.2
9461,1625,2025-04-14,UPI,154552.06
4961,3879,2024-05-31,Cash on Delivery,213195.69
6433,948,2022-09-06,Cash on Delivery,129373.8
3085,4354,2023-09-17,Credit Card,59652.36
7227,2868,2024-05-20,Cash on Delivery,292488.92
11759,4446,2021-12-28,Credit Card,84984.76
1182,846,2023-01-07,Debit Card,124653.81
15107,2977,2024-08-31,Credit Card,135364.14
15464,2516,2021-05-03,Cash on Delivery,177354.48
14649,730,2023-07-27,Debit Card,158327.47
1703,4237,2024-12-01,UPI,219860.28
12052,3357,2024-11-21,UPI,287418.7
13410,3609,2022-01-26,Net Banking,170544.28
3712,469,2022-12-29,Net Banking,72225.7
7553,540,2023-08-17,Cash on Delivery,330299.5
4113,615,2022-01-11,Net Banking,204702.59
16784,3615,2023-06-10,Debit Card,127095.45
4752,4708,2023-08-16,Debit Card,22041.84
3428,3237,2020-01-26,Credit Card,164592.57
294,458,2023-07-26,Credit Card,16284.75
20000,1900,2019-12-29,UPI,38764.15
1988,3827,2020-11-06,Cash on Delivery,35954.32
19524,4203,2024-01-11,Net Banking,512897.78
10112,3939,2023-07-25,Net Banking,63716.3
14568,502,2022-07-05,Credit Card,110792.16
4267,2873,2020-10-30,Cash on Delivery,118881.68
15579,4112,2023-04-08,Debit Card,88077.06
18097,704,2025-12-01,Net Banking,249427.69
11520,2241,2025-12-24,UPI,175114.77
13323,3807,2023-06-01,Debit Card,182442.22
16142,2870,2022-04-13,CASH ON DELIVERY,38748.4
5076,1934,2025-11-14,Net Banking,170351.29
14792,2355,2023-07-27,Net Banking,197066.52
3993,4346,2023-01-11,Net Banking,54841.6
1644,3306,2025-12-28,Net Banking,225306.26
17371,2897,2021-10-05,UPI,97384.53
5406,35,2023-08-28,Credit Card,361384.42
156,729,2022-01-28,Cash on Delivery,283919.78
49,3907,2024-11-10,Credit Card,313507.11
17108,4043,2025-12-03,CREDIT CARD,202281.01
10564,1421,2023-11-17,Debit Card,52445.89
5950,4547,2024-01-16,Cash on Delivery,131103.39
11475,4032,2025-12-18,UPI,251931.0
12620,3635,2023-09-10,UPI,189612.95
13079,123,2024-02-19,Net Banking,297834.56
6872,2209,2020-09-21,Credit Card,99879.13
7326,3317,2024-06-20,Net Banking,74188.87
17295,2315,2021-07-16,Net Banking,311345.28
13640,4793,2024-08-31,Credit Card,261830.17
12465,3068,2025-05-16,Net Banking,191887.76
11469,1359,2022-06-10,Debit Card,137905.1
11526,2474,2024-03-11,Net Banking,106272.18
6499,2547,2025-02-15,Net Banking,105751.0
6688,2781,2024-09-16,Net Banking,14597.04
10253,3881,2023-06-05,Debit Card,137665.37
2271,220,2023-09-22, Net Banking ,104915.92
2859,1252,2024-12-12,Net Banking,124448.0
239,449,2023-07-25,UPI,
4529,3933,2025-10-06,UPI,68423.91
4822,210,2022-06-18,Cash on Delivery,211698.43
16450,987,2023-06-10,Credit Card,286360.67
11221,2417,2025-06-16,Credit Card,308500.12
2482,4335,2024-05-20,Credit Card,298122.72
7103,2880,2024-11-07,Cash on Delivery,125894.67
19407,4148,2023-09-05,Cash on Delivery,14664.75
7990,4052,2024-02-22,Cash on Delivery,58542.44
439,4432,2025-07-20,Credit Card,112396.75
8491,4585,2025-02-24,Credit Card,325768.02
14071,939,2025-08-01,UPI,172543.13
1472,1313,2024-11-24,Credit Card,75632.84
2889,1577,2022-12-11,Debit Card,51168.51
11492,3335,2025-10-02,Debit Card,235062.2
11410,293,2025-12-19,Credit Card,152386.05
12194,10,2025-03-17,UPI,
159,1375,2024-12-22,Cash on Delivery,125627.82
13045,957,2024-05-14,Debit Card,370170.58
7056,1571,2023-08-25,Debit Card,303545.32
9838,2941,2024-12-17,Debit Card,306216.95
14090,3013,2024-11-07,Debit Card,384160.34
16759,698,2023-12-20,Net Banking,12356.92
10132,3769,2023-08-27,Cash on Delivery,195926.95
13656,4336,2022-03-24,Credit Card,13770.2
3641,2607,2022-11-22,UPI,39960.39
7138,4245,2024-11-20,Credit Card,70538.02
9480,2807,2021-08-10,Cash on Delivery,308217.46
19705,4737,2025-10-30,Cash on Delivery,216359.29
4002,1426,2023-09-01,Debit Card,149108.9
19779,1169,2025-06-30,UPI,168689.75
3482,3693,2021-05-26,Net Banking,13792.08
9800,4104,2025-03-02,Cash on Delivery,92633.63
842,1221,2019-10-22,Credit Card,182485.34
11824,2816,2020-02-08,UPI,29938.02
7544,1193,2024-05-31,Debit Card,80834.08
744,4963,2025-02-13,Debit Card,383032.07
13417,3084,2023-08-21,Cash on Delivery,398001.87
4919,4591,2025-09-17,Cash on Delivery,19753.71
16625,1669,2021-09-20,Net Banking,213942.33
16473,1033,2024-09-12,Debit Card,98489.73
11333,1274,2024-07-30,Debit Card,34778.94
11387,3998,2020-07-19,net banking,123539.91
15036,1157,2021-09-03,UPI,313622.71
1044,4299,2025-06-26,UPI,287357.3
6481,1898,2020-07-21,Cash on Delivery,108963.54
10143,729,2024-04-27,Cash on Delivery,144643.75
6010,1969,2023-09-17,Debit Card,86930.04
10405,103,2022-07-16,Cash on Delivery,69475.96
19850,3722,2021-04-21,Cash On Delivery ,228141.79
7885,824,2024-09-07,UPI,111542.99
11349,4990,2025-04-12,,139270.34
12929,231,2024-08-25,Cash on Delivery,249991.16
2848,3386,2023-05-11,Debit Card,16918.79
11458,3407,2023-12-15,Debit Card,107557.74
9576,194,2024-06-15,Credit Card ,65309.14
370,2355,2023-08-05,Debit Card,54988.44
15664,3737,2020-12-08,Debit Card,84301.58
6703,1742,2023-10-26,Cash on Delivery,11271.16
16798,3933,2025-08-27,Debit Card,23702.8
18362,2174,2024-12-21,Credit Card,341914.64
741,4287,2024-06-07,,196001.8
8705,3803,2024-02-08,Debit Card,161185.65
11541,1352,2024-09-12,Debit Card,281936.94
3576,3297,2025-01-01,Net Banking,158082.74
10875,173,2025-12-31,Credit Card,36495.24
5187,1580,2024-03-03,UPI,41225.4
14409,153,2024-05-08,Cash on Delivery,200658.34
2590,4273,2024-02-06,Debit Card,322850.0
10778,2407,2024-05-21,Cash on Delivery,273459.78
13121,2934,2025-05-10,Net Banking,174846.79
19784,864,2023-12-26,Debit Card,152754.14
6269,1486,2024-11-05,Cash on Delivery,290766.31
994,4759,2024-05-20,Cash on Delivery,100581.2
8169,3293,2023-04-30,CASH ON DELIVERY,382082.55
3075,3764,2021-12-07,Debit Card,145186.11
13334,1827,2024-02-04,UPI,147277.27
13805,687,2022-11-02,Cash on Delivery,111624.54
8800,1953,2025-12-23,Credit Card,301494.78
374,4753,2023-04-01,Credit Card,41853.3
8127,751,2022-11-30,upi,10637.45
2418,4375,2023-04-18,Debit Card,181899.31
6025,3421,2023-01-15,Cash on Delivery,23225.32
13661,630,2025-10-22,UPI,88714.91
2802,3428,2020-07-08,Debit Card,366251.9
200,454,2025-04-09,Net Banking,55857.68
2100,4803,2024-04-11,Debit Card,313761.81
4977,1413,2024-02-19,Net Banking,299477.97
8045,430,2022-10-22,Debit Card,70012.18
7619,2424,2024-07-19,Cash on Delivery,207650.8
13665,3153,2025-03-11,,345474.09
18500,4377,2025-10-22,,31849.4
1382,2531,2024-06-26,UPI,93042.2
5442,2288,2024-06-25,Debit Card ,35908.88
18605,864,2023-08-02,credit card,391567.22
1779,1668,2024-07-03,cash on delivery,54965.36
14177,1601,2024-10-04,Net Banking,22356.21
10529,2828,2025-03-04,Cash on Delivery,238631.15
3122,2182,2024-04-05,UPI,411963.54
4438,2342,2024-11-27,Debit Card,219592.03
691,389,2023-05-03,Debit Card,
19314,1786,2023-12-25,UPI,223264.65
2196,168,2024-04-13,Credit Card,88297.95
13641,2078,2025-03-14,,583494.49
15995,160,2025-10-22,Debit Card,195744.78
5570,3344,2025-10-12, Cash on Delivery ,56079.55
2648,1793,2025-07-23,Net Banking,29267.05
12721,569,2024-01-01,UPI,29074.38
10361,43,2025-04-24,Net Banking,136637.8
1256,4775,2024-02-28,UPI,70616.32
7734,697,2025-12-01,Net Banking,69661.04
19675,2479,2023-09-12,UPI,175489.12
15712,4983,2025-12-15,Net Banking,172627.44
2000,27,2025-07-14,UPI,190618.56
17569,3820,2025-03-04,Debit Card,230194.12
12018,1427,2024-12-31,Cash on Delivery,19783.86
5093,1986,2025-11-17,UPI,63017.32
7261,4562,2025-01-22,Cash on Delivery,289875.81
7779,2281,2023-09-01,Debit Card,124631.91
7748,580,2025-06-07,Cash on Delivery,177615.73
7526,413,2024-09-06,Net Banking,166690.05
6678,4567,2025-04-17,UPI,165612.0
759,1180,2024-09-06,Cash on Delivery,343207.63
7809,3269,2021-07-03,Debit Card,181543.91
18050,3750,2025-03-15,Net Banking,67450.26
1421,4313,2024-05-11,Net Banking,168098.06
14690,986,2025-09-06,Debit Card,406912.6
8505,4834,2023-03-03,Net Banking,242029.08
17418,1804,2025-07-14,Cash on Delivery,381103.46
4969,4685,2023-04-21,,337964.38
16530,2112,2023-11-05,Net Banking,
8957,4941,2022-08-20,Credit Card,330522.99
15565,237,2020-02-21,Debit Card,220308.7
10360,4811,2024-02-04,Debit Card,271472.14
19935,3260,2025-02-24,Debit Card,295666.29
2766,2905,2022-12-12,Debit Card,240504.58
909,964,2023-07-31,UPI,209924.22
11181,2525,2022-08-05,UPI,31273.82
15370,4544,2024-03-04,UPI,200912.85
11574,406,2024-12-14,Credit Card,74425.95
19342,1486,2025-05-21,Debit Card,268830.67
16075,4090,2023-06-06,,89470.44
7114,4396,2024-09-21,Cash on Delivery,414427.07
10551,3313,2022-11-30,Net Banking,124803.39
7600,1692,2024-07-29,UPI,266310.27
12588,1855,2023-02-18,,219170.3
547,2763,2021-10-14,UPI,32563.01
4257,1821,2025-07-08,Debit Card,324004.62
1086,1267,2024-03-02,Cash on Delivery,21755.76
2861,2504,2025-05-30,Cash on Delivery,307657.58
13373,3634,2024-06-17,Cash on Delivery,102343.95
8085,524,2025-04-07,Credit Card,128156.74
9877,4111,2024-10-25,Cash on Delivery,217530.94
10393,2582,2020-04-07,UPI,86259.38
12743,991,2020-06-22,Net Banking,187022.74
4615,3394,2025-03-30,Cash on Delivery,227440.94
5294,1556,2022-02-25,Net Banking,57311.2
1456,1688,2025-10-09,Debit Card,151619.31
16742,1813,2024-04-24,Cash on Delivery,405780.19
12863,1019,2024-04-27,UPI,321250.41
9627,3146,2020-12-18,Credit Card,137983.24
9050,1487,2024-02-29,UPI,255591.02
14796,4017,2023-10-31,Credit Card,61235.12
828,2656,2025-09-02,Credit Card,87909.05
14775,3400,2025-10-05,UPI,271227.37
18345,3386,2025-01-19,Credit Card,252448.7
9245,4871,2025-01-01,UPI,126594.59
2844,2774,2022-08-05,Cash on Delivery,51881.7
3772,4375,2020-12-19,Net Banking,245524.72
9740,3688,2023-07-23,Cash on Delivery,171536.95
14861,4868,2022-08-07,Credit Card,295393.47
14462,2273,2020-05-03,UPI,81020.96
5864,1938,2023-11-03,UPI,100198.98
1134,3652,2019-10-21,Debit Card,364837.05
15068,4576,2021-12-22,UPI,4188.09
6313,3395,2022-08-22,UPI,132349.9
19496,3214,2024-09-28,Debit Card,82147.88
12977,2693,2024-07-03,Credit Card,332312.16
6404,107,2025-05-18,Cash on Delivery,180324.31
10133,2013,2023-12-10,nan,40563.21
18873,3007,2021-04-08,Cash on Delivery,69262.07
7564,1506,2023-06-25,Cash on Delivery,172956.97
19548,1609,2024-04-03,UPI,57504.85
19228,3074,2021-04-13,Cash on Delivery,192867.9
11597,3430,2025-05-10,,26763.51
1670,60,2024-06-30,Debit Card,115698.49
2599,1144,2025-01-23,UPI,112217.34
14420,4148,2022-02-10,Cash on Delivery,342466.82
13450,247,2024-10-05,Cash on Delivery,309189.41
16493,1137,2023-11-19,Debit Card,448065.52
18274,277,2023-08-23, UPI ,180938.3
11818,3078,2021-04-24,Credit Card,55450.38
10085,3180,2025-01-02,Debit Card,131830.11
5312,4459,2025-04-22,Cash on Delivery,212696.34
5420,3756,2024-08-21,Debit Card,141901.23
18763,3272,2025-12-09,UPI,109132.44
19047,1418,2022-10-18,Cash on Delivery,211856.62
1667,4240,2025-10-13,Debit Card,105853.53
5517,2328,2025-08-21,Net Banking,
12556,3093,2025-11-10,UPI,355059.3
3961,4172,2025-09-17,Debit Card,294632.89
230,4384,2025-04-20,Upi ,411967.98
14072,691,2020-06-03,Cash on Delivery,185433.71
19807,2523,2025-03-08, Cash on Delivery ,186594.48
7142,18,2020-08-05,UPI,31364.55
9767,2769,2021-04-07,Debit Card,118385.44
13452,441,2022-11-24,Debit Card,91397.24
5009,559,2021-05-27,Net Banking,171840.14
19129,4266,2022-03-03,Cash on Delivery,
10865,16,2023-08-19,Cash on Delivery,69206.03
6960,2909,2024-07-21,Cash on Delivery,22890.16
814,621,2021-10-06,Net Banking,366080.92
11497,936,2025-12-21,Credit Card,127878.29
2239,284,2023-05-13,Net Banking,412024.5
7282,2147,2024-09-27,UPI,117593.21
18686,3587,2024-05-23,,189638.67
18789,2993,2024-09-10,UPI,650962.99
6612,2063,2025-01-14,Credit Card,401698.13
13822,902,2024-01-08,Debit Card,184337.29
1462,4289,2023-05-28,UPI,212865.2
13885,4736,2022-08-21,Debit Card,55658.97
2472,3502,2023-12-23,Cash on Delivery,371847.67
14369,3507,2025-10-25,DEBIT CARD,205973.22
7260,3655,2024-02-21,Credit Card,176416.47
19780,4175,2023-10-02,Cash on Delivery,176459.56
14006,172,2023-12-01,Credit Card,196991.52
17357,4067,2021-11-03,UPI,212619.82
14331,3145,2022-07-09,UPI,245913.15
7290,4190,2025-08-19,Debit Card,119712.08
3336,1054,2022-08-21,Credit Card,237928.33
4671,650,2025-10-06,Net Banking,228739.04
17914,537,2025-04-15,Cash on Delivery,325831.21
11057,4034,2024-07-27,Cash on Delivery,31479.86
9896,1756,2021-03-15,NET BANKING,44932.22
12775,3023,2022-12-22,Debit Card,42389.95
22,3753,2021-12-03,Debit Card,236291.52
17059,799,2024-09-30,Cash on Delivery,28591.9
7947,4972,2024-03-23,Net Banking,71899.29
13007,4623,2024-12-07,Debit Card,41389.29
2853,635,2023-11-19,Cash on Delivery,343600.95
7236,489,2025-05-23,Credit Card,130727.71
15799,2329,2021-08-28,Cash on Delivery,211805.78
3039,3608,2025-09-01,Credit Card ,30072.95
8599,1140,2024-03-29,Cash on Delivery,13363.16
10151,865,2024-09-17,Net Banking,116971.92
12754,305,2025-11-20,Debit Card,98283.6
526,4634,2023-09-21,Credit Card,548731.92
12922,2109,2021-11-18,Debit Card ,101966.24
7594,4226,2024-01-21,UPI,
17089,1783,2022-01-16,Upi ,29076.66
6576,2046,2023-05-04,Credit Card,77331.62
4196,1284,2024-06-11,Net Banking,70888.55
18726,4456,2021-08-31,Credit Card,75730.35
17194,4575,2024-09-25,Cash on Delivery,44251.93
19679,1647,2024-10-02,Debit Card,161947.32
11966,2446,2022-11-06,Cash on Delivery,282341.35
575,4394,2025-02-07,UPI,260185.04
13694,2795,2025-10-26,UPI,126217.95
5601,3538,2023-08-29,UPI,196882.7
8540,260,2023-06-30,Net Banking,56275.89
12264,2296,2022-01-09,Debit Card,329513.54
10318,2040,2021-05-09,Debit Card,42856.38
16710,852,2024-04-02,Cash on Delivery,382949.5
10008,22,2025-09-02,UPI,516895.06
13308,3313,2021-01-09, Net Banking ,233595.46
19602,2973,2025-12-23,Cash on Delivery,247134.98
664,4377,2024-05-02,Cash on Delivery,88334.41
6665,786,2023-07-30,Debit Card,108545.22
15954,4066,2022-08-09,UPI,9762.69
14080,4123,2024-03-17,UPI,227883.25
19332,1302,2024-08-15,UPI,205498.27
5677,482,2024-06-23,UPI,271110.71
9922,239,2025-12-29,UPI,389004.41
2763,2692,2024-12-03,Credit Card,31519.0
4352,2899,2020-04-21, Debit Card ,194530.92
1124,1306,2025-10-08,credit card,201719.04
5199,417,2019-11-15,Cash on Delivery,395045.46
5363,3980,2023-06-11,Debit Card,316852.07
11945,815,2024-06-08,UPI,244247.14
12004,1050,2025-01-28,Credit Card,357885.33
17842,122,2025-09-27,Net Banking,69220.28
739,4279,2022-05-09,Debit Card,69214.32
8612,643,2022-10-24,UPI,30466.42
13935,4733,2023-06-24,Net Banking,366831.36
9671,3177,2025-05-08,Net Banking,183442.69
6812,3306,2024-09-29,Credit Card,67797.59
5833,1482,2024-05-28,Upi ,256012.1
13982,3580,2025-12-28,UPI,35828.97
418,2049,2024-03-09,UPI,126966.98
12144,3145,2022-06-04,upi,132481.4
18163,3551,2022-03-29,Net Banking,515639.28
17601,3086,2021-10-30,,173305.6
5100,2682,2024-09-25,Net Banking,325954.16
4512,773,2025-02-23,,13628.85
10309,1393,2022-08-21,Debit Card,34183.16
15979,4721,2023-12-03,Net Banking,190194.04
13916,1548,2021-03-01,UPI,4821.56
11852,1959,2025-03-16,Credit Card,140161.78
17683,4423,2025-01-17,Net Banking,221950.79
15149,4635,2022-06-03,UPI,363971.17
8569,1789,2023-10-29,Cash on Delivery,44500.2
19419,990,2024-01-28,UPI,313487.87
5023,2457,2023-11-07,Credit Card,331504.62
15141,3650,2022-09-23,UPI,188837.7
3710,4840,2019-12-29,Net Banking,420040.92
18713,4378,2024-07-02,Credit Card,
16090,4457,2024-10-28,Credit Card,119606.15
5837,3677,2022-12-18,CREDIT CARD,293725.6
5737,3058,2019-04-25,UPI,122185.27
4422,4001,2022-04-15,Debit Card,204486.51
992,1702,2023-11-18,Net Banking,170520.11
10578,636,2023-03-31,Cash on Delivery,219018.74
6899,1056,2024-08-14,Credit Card,24585.34
7554,2477,2023-03-20,Credit Card,332848.6
19518,3299,2024-12-02,Credit Card,392403.05
4772,1869,2023-07-13,,
19031,2093,2023-01-10,Debit Card,377135.42
16129,2602,2024-01-26,Cash on Delivery,141110.18
10159,653,2022-08-23,Credit Card,47940.27
11704,755,2024-08-31,Net Banking,239197.7
8281,4992,2023-12-08,Cash on Delivery,27717.77
13956,1713,2022-12-04,Cash on Delivery,232309.23
8030,1897,2023-09-21,Debit Card,57653.2
5903,1863,2023-04-26,,202083.25
8005,1992,2023-05-23,UPI,31068.12
5549,1580,2022-07-20,Debit Card,129669.64
6953,3120,2025-02-19,upi,395957.01
13531,4198,2024-05-16,Net Banking,11578.38
10890,1364,2024-11-26,Credit Card,226166.71
15554,4775,2024-10-03,Credit Card,81922.18
17288,733,2022-07-06,,326513.25
433,958,2023-04-21,Net Banking,210834.33
14442,2310,2024-07-21,Net Banking,221064.94
5622,3304,2024-09-21,Net Banking,15913.16
4155,2019,2024-11-30,CASH ON DELIVERY,192523.95
9650,4237,2024-12-21,UPI,69446.95
1991,1474,2022-01-06,Cash on Delivery,106773.25
4168,78,2022-12-24,Credit Card,206517.19
6351,3102,2022-06-04,Credit Card,195707.49
2747,440,2025-07-12,Cash on Delivery,206173.45
10097,363,2024-11-29,Debit Card,186385.57
19762,3807,2023-10-29,UPI,28519.8
14854,2668,2023-09-20,Net Banking,8330.05
5618,3843,2025-09-07,Net Banking,324375.65
1009,2336,2025-08-30,Cash on Delivery,378064.4
9598,914,2025-04-20,UPI,60156.92
18898,4973,2023-03-09,Cash on Delivery,77043.65
19415,2471,2022-06-09, Debit Card ,176931.42
1936,4706,2025-07-12,Credit Card,173316.15
18958,2085,2024-03-31,Debit Card ,85956.33
16092,4271,2025-05-10,,248154.93
11284,1437,2025-01-03,Debit Card,85429.91
7972,2318,2019-06-28,,64521.37
13271,1050,2025-10-20,UPI,334432.44
8652,1008,2024-01-10,UPI,126751.16
1488,4760,2023-02-13,Net Banking,212236.0
19538,4981,2020-02-10,cash on delivery,73602.84
14890,2294,2020-03-26,Credit Card,186899.41
14547,4889,2023-07-24,credit card,413253.96
12225,150,2020-06-28,Cash on Delivery,170152.55
2049,2010,2025-12-01,Net Banking,262157.4
5770,4250,2025-11-24,CREDIT CARD,170034.89
2219,4860,2023-06-18, UPI ,157753.52
14217,1474,2023-01-04,UPI,198670.07
13841,2717,2023-05-28,Debit Card,299940.38
360,3248,2021-08-03,UPI,298943.78
1679,4118,2023-01-23,Debit Card,140448.81
6421,4300,2024-04-21, Credit Card ,272553.41
11092,4560,2022-05-11,Debit Card,44768.48
7017,3645,2024-05-13,UPI,32961.92
16698,3255,2025-05-08,Debit Card,95294.34
12987,646,2024-01-17,Credit Card,182094.04
14025,2993,2024-04-09,Net Banking,353152.17
8675,3897,2025-02-10,Debit Card,84386.92
6955,1118,2025-12-14,Credit Card,201818.63
17791,1933,2024-10-25,UPI,249857.64
5162,2979,2024-01-25,Cash on Delivery,126010.45
12657,201,2025-10-25,Net Banking,193805.25
17410,2886,2024-06-26, UPI ,
2350,318,2023-08-31,Credit Card,53822.46
8158,4209,2022-01-03,Net Banking ,24735.23
15588,2602,2024-01-26,,235806.71
6513,4997,2025-12-21,Cash on Delivery,119480.77
1136,1611,2024-11-19,Upi ,89217.42
7334,1576,2025-06-02,Credit Card,261818.49
7365,781,2025-09-26,UPI,124166.28
10167,2542,2024-10-19,Net Banking,38327.7
6407,4,2023-02-19,UPI,89691.85
18012,3027,2024-06-26,Cash on Delivery,105824.52
1188,60,2023-12-28,Net Banking,248705.1
5200,3191,2024-04-08, Net Banking ,82930.48
8742,4580,2022-05-03,Net Banking,77161.32
5229,1506,2021-08-01,Debit Card,28319.96
164,666,2021-06-22,Net Banking,299236.05
10509,869,2025-01-21,Credit Card,312591.22
12744,731,2025-10-02,Debit Card,164223.85
1746,4706,2025-09-22,Credit Card,159635.93
2684,3830,2025-08-31,Credit Card,199035.12
16049,3639,2025-12-07,NAN,128389.72
5948,2276,2023-12-02,Cash on Delivery,59520.02
11727,2469,2021-10-04,Net Banking,247436.68
12694,1555,2022-02-08,UPI,338603.11
12613,4772,2024-02-21,Debit Card,222339.98
10535,719,2025-03-25,UPI,44066.19
10455,1212,2025-06-28,Cash on Delivery,125771.72
16733,1167,2023-09-23,Debit Card,291274.35
19960,342,2024-09-26,Net Banking,168029.5
11621,4122,2023-11-13,Net Banking,36174.38
18071,3292,2022-12-19,UPI,328644.55
11542,4878,2023-08-10,Cash on Delivery,119720.46
15649,483,2024-03-11,Credit Card,89126.33
1243,2936,2023-06-02,net banking,149547.44
9059,341,2024-01-26,UPI,260424.88
9636,3270,2024-12-15,Cash on Delivery,128794.95
3054,2345,2025-02-11,Debit Card,178006.5
5421,2009,2022-06-09,Net Banking,341930.31
12156,3748,2024-05-23,Debit Card,125757.28
13029,3524,2024-02-25,Cash on Delivery,70023.36
10592,1087,2021-07-07,UPI,217487.76
16013,680,2025-05-29,UPI,174051.82
11646,4522,2023-09-17,Credit Card,363004.75
10665,2543,2023-03-11,Debit Card,322338.9
13909,3801,2025-03-13,UPI,236218.51
8659,709,2024-03-14,Cash on Delivery,46914.3
2296,906,2023-08-24,UPI,80628.48
6297,653,2025-06-28,Credit Card,9571.06
14250,4194,2025-03-13,Cash on Delivery,287810.16
1265,4270,2025-09-10,Credit Card,93237.45
7421,1672,2025-06-07,Cash on Delivery,7815.14
6211,3434,2023-12-03,Cash on Delivery,289257.45
8840,4681,2025-08-14,Debit Card,114917.75
4034,1063,2023-12-30,Debit Card,122267.18
7026,858,2025-02-18,UPI,55731.64
4289,3841,2025-09-16,Credit Card,175610.16
12093,2113,2022-12-03,Net Banking,97470.54
3348,4616,2025-06-05,UPI,113884.94
11682,2618,2024-12-17,UPI,192904.01
9713,4831,2025-01-15,Credit Card,374053.34
10183,4703,2025-03-20,Net Banking,214169.5
6551,1265,2023-04-08,Credit Card,485936.01
5332,3460,2023-10-31,Cash on Delivery,280136.34
3568,2819,2024-12-13,Credit Card,112776.26
3601,2141,2022-10-14, UPI ,29967.48
2722,1606,2025-03-07,Net Banking,221695.72
3443,341,2023-10-29,Credit Card,48866.01
3062,3878,2025-02-10,Debit Card,200480.42
3058,2842,2020-09-05,Credit Card ,183229.44
6142,3261,2020-10-10,UPI,163881.88
12894,915,2025-10-25,Net Banking,242905.91
11158,1471,2025-02-12,debit card,151013.26
13181,4661,2023-12-27,Credit Card,237822.95
9273,209,2025-06-18,Credit Card,222995.2
12024,2465,2023-03-28,Cash on Delivery,495789.42
14402,1139,2024-12-04,net banking,128155.5
19938,4117,2025-03-13,Debit Card,207986.82
5857,1029,2024-05-18,Net Banking,121061.4
7530,747,2024-12-07,Debit Card,154452.55
5741,2464,2025-09-19,UPI,206250.97
16160,3940,2021-09-01,Debit Card,181523.74
10998,4130,2020-02-18,Net Banking ,103819.55
1448,2222,2024-04-01,Credit Card,187225.41
2464,1019,2025-11-30,Cash on Delivery,147202.05
11990,2459,2025-06-28,Net Banking,70915.6
13478,2875,2024-12-25,Credit Card,129328.05
30,2840,2023-06-11,Net Banking,
11285,3551,2025-10-14,Cash on Delivery,275816.2
3501,4731,2024-01-13,UPI,392911.32
16887,4285,2024-06-05,Cash on Delivery,172862.25
9933,2295,2022-06-30,UPI,67859.85
319,1314,2024-09-10,Net Banking,112407.61
16039,1464,2023-02-12,Cash on Delivery,152386.54
19717,114,2020-12-06,Cash on Delivery,27519.25
19060,4679,2020-10-14,Debit Card,150902.48
15777,1711,2025-07-08,Credit Card,126606.85
9989,4685,2023-01-14,Cash on Delivery,37137.61
3580,902,2024-06-10,Net Banking,232317.5
3954,1317,2022-04-26,Cash on Delivery,153307.23
8648,3723,2024-03-12,Credit Card,189521.79
2140,2618,2025-01-19, UPI ,128667.69
19008,831,2023-09-04,Debit Card,100062.66
13129,69,2024-05-11,Cash on Delivery,130649.06
17747,1270,2023-09-17,UPI,187432.45
3579,3801,2023-12-12,Cash on Delivery,438704.31
2928,4500,2023-12-22,Cash on Delivery,83179.94
16709,4086,2025-04-18,Credit Card,286310.79
10930,2021,2025-09-05,Net Banking,70505.04
3442,4351,2025-08-14,Net Banking,209936.29
11845,1893,2022-09-13,Debit Card,370575.88
4649,302,2024-10-01,UPI,144321.52
3376,106,2022-05-16,Net Banking,138441.97
4984,2279,2024-10-19,UPI,83013.12
2713,2912,2025-10-15,Net Banking,267643.43
14526,3401,2025-11-30,Credit Card,322147.5
8810,2097,2023-07-28,UPI,109655.6
4206,2873,2019-11-05,Debit Card,99177.51
1816,4199,2024-12-26,UPI,122416.83
6471,432,2021-12-09,Debit Card,101741.4
17162,1083,2025-04-10,Debit Card,168778.8
19795,1961,2023-10-11,Credit Card,306422.35
16155,3181,2025-04-01,Debit Card,92802.65
8538,3207,2025-07-13,Cash on Delivery,154019.48
11232,1742,2024-12-03,UPI,26162.47
1505,1262,2023-09-13,,175275.4
12283,1376,2024-05-02,,58385.04
6902,3453,2022-01-17,Cash on Delivery,16808.07
1276,4440,2024-07-16,Debit Card,185337.84
15782,2192,2023-09-27,Debit Card,254774.61
18786,1067,2020-07-27,,148664.29
1017,2508,2023-06-26,Net Banking,129037.32
12041,1373,2023-07-10,Credit Card,87935.59
18639,903,2025-09-25,Cash on Delivery,82463.52
7474,2243,2024-10-03,Debit Card,11142.11
9623,2793,2025-12-13,UPI,504966.74
14498,4682,2025-12-08,Net Banking,90805.33
12228,3949,2025-05-10,Net Banking,10569.88
5193,377,2023-04-21,Cash on Delivery,164763.65
19948,768,2021-03-01,Debit Card,313190.92
2917,785,2024-12-28,Debit Card ,15656.75
6166,27,2024-02-25,Cash on Delivery,58807.61
9653,2549,2024-09-30,Debit Card,41869.45
4317,4511,2021-11-22,Debit Card,312630.68
12373,4522,2023-09-11,Debit Card,13081.32
17969,3438,2022-09-30,UPI,302832.63
19384,1139,2025-06-20,Net Banking,307491.4
4153,886,2021-08-01,Credit Card,245344.69
2532,482,2025-03-31, Credit Card ,387933.92
13446,1874,2025-03-03,Debit Card,159701.04
10374,2051,2021-06-10,Cash on Delivery,13219.69
14352,3354,2023-12-13,Net Banking,318255.7
16712,2336,2025-07-14,,193731.47
9444,1308,2025-12-31,Net Banking,26045.26
4983,4305,2023-08-27,Credit Card,127465.24
2993,3218,2022-06-13,Debit Card,18614.41
15125,356,2021-11-27,UPI,344981.76
647,2468,2025-09-19,UPI,69426.92
15672,1984,2021-07-10,Cash on Delivery,216380.94
9088,2232,2021-04-30,Net Banking,282989.63
18506,1075,2024-10-15,Credit Card,230288.86
1564,3825,2023-04-29,upi,84384.18
13167,3907,2023-04-12,Debit Card,140914.76
9939,1489,2024-02-08,Debit Card,140781.81
12130,1455,2023-05-02,Credit Card,92304.44
7432,3045,2022-07-13,Debit Card,72697.74
16911,4173,2020-09-29,Credit Card,349152.0
6657,1704,2022-10-03,Credit Card,199978.39
11304,3660,2024-11-01,Credit Card,10417.88
19541,3034,2021-07-20,UPI,205677.99
9562,983,2024-07-26,Net Banking,51043.32
10797,278,2025-07-22,UPI,51734.65
5992,3090,2022-03-17,Cash on Delivery,110046.57
19113,4749,2025-03-15,Debit Card,173247.55
19704,193,2023-02-10,Credit Card,10638.42
10184,1293,2025-02-09,Cash on Delivery,34692.4
19044,3321,2023-11-20,Cash on Delivery,164111.98
725,2329,2023-01-27,Cash on Delivery,43229.7
12624,4878,2024-10-12,Debit Card,197853.37
14509,2966,2022-07-15,Upi ,316593.29
19991,4604,2022-07-20,Debit Card,56753.57
19474,177,2023-11-28,Net Banking,42000.93
7922,461,2024-01-24,Net Banking,201343.23
11202,1268,2023-08-21,Debit Card,114794.83
16029,4463,2022-06-14,UPI,69538.34
14859,4055,2023-10-05,Net Banking,269477.29
11748,3605,2025-10-30,Cash on Delivery,
6234,4951,2025-12-29,Cash on Delivery,237231.78
17812,1876,2022-07-26,Cash on Delivery,18527.94
16441,589,2022-09-27,UPI,183070.16
18544,4279,2024-03-18,CREDIT CARD,53360.48
9475,712,2023-05-15,Debit Card,403462.34
15531,4575,2024-07-26,UPI,321665.85
6288,2045,2025-09-23,Debit Card,117231.91
18733,3370,2023-10-07,Cash on Delivery,271615.03
5166,838,2021-04-20,UPI,35969.64
3953,181,2024-03-07,UPI,430967.8
7537,2167,2025-01-16,Net Banking,289797.36
35,3105,2024-11-22,Net Banking,58620.06
9719,4205,2025-05-25,Debit Card,64482.8
8087,4901,2022-01-11,Net Banking,289133.0
17761,2080,2025-03-31,Net Banking,134482.41
13398,4591,2024-09-06,Debit Card,182945.92
18620,4494,2022-08-15,Debit Card,61189.74
10632,940,2024-08-26,Debit Card,373497.54
5573,448,2025-12-20,,139704.9
4905,2059,2025-01-11,UPI,
7952,3660,2025-11-24,Credit Card,111556.38
10710,1741,2023-09-04,Net Banking,110136.77
1808,1390,2023-03-31,,260484.96
7900,4544,2024-11-20,Credit Card,199981.44
11643,3096,2023-05-15,Cash on Delivery,222330.96
13390,1909,2024-10-12,Net Banking,122463.66
6349,9,2022-06-26,UPI,
17293,3792,2024-08-16,Cash on Delivery,
19331,732,2024-01-30,Debit Card,388120.04
7764,182,2025-06-11,Net Banking,105025.83
7093,2839,2021-06-23,Cash on Delivery,202943.5
4728,1217,2025-03-28,Credit Card,91372.29
973,732,2025-03-13,Net Banking,261511.6
12680,4908,2022-09-14,Net Banking,27448.61
11224,954,2024-09-09,Credit Card,79060.55
11723,3539,2024-09-17,UPI,226480.92
8693,3221,2019-03-14,Credit Card,187076.96
13428,4475,2023-01-31,Credit Card,101416.56
17765,3690,2022-01-19,Net Banking,415597.95
8605,4311,2024-06-23,Cash on Delivery,
5393,1218,2025-01-06,Cash on Delivery,133115.16
1629,4369,2024-10-31,Net Banking,285185.46
12141,4629,2025-10-27,Cash on Delivery,251182.39
1299,1747,2024-06-08,UPI,
18485,4439,2025-08-05, nan ,32244.84
1377,1209,2022-10-25,Credit Card,67853.38
1183,4637,2025-02-16,Credit Card,165716.11
4478,3519,2024-02-05,DEBIT CARD,384986.12
3230,4134,2023-12-07,Debit Card,122362.84
823,3535,2024-12-12,Cash on Delivery,4500.16
18860,1294,2023-11-29,Net Banking,204565.3
3820,418,2025-08-17,Cash on Delivery,43622.36
2913,4936,2024-03-29,Net Banking,172878.75
5225,3136,2024-07-31,Net Banking,121521.71
1326,253,2023-03-04,Credit Card,228799.06
9283,334,2019-07-11,Cash on Delivery,12383.02
10687,1738,2024-01-19,UPI,
10220,1842,2025-02-06,Debit Card,431590.37
8201,1889,2023-05-23,nan,130002.27
12040,3669,2025-07-26,Debit Card,55799.05
9865,3130,2024-11-04,DEBIT CARD,369568.03
18942,4692,2021-09-25,Credit Card,30693.9
2077,563,2024-10-01,Cash on Delivery,229283.88
19346,2392,2024-09-23,UPI,218198.64
10061,2805,2022-07-10,UPI,134794.71
17704,3241,2025-04-12,Cash on Delivery,45686.69
8974,206,2023-11-04,Net Banking,252888.22
12716,1506,2022-10-05,Debit Card,275914.6
16400,2165,2020-05-26,,84507.53
14525,861,2025-12-09,Net Banking,176086.71
9107,3053,2024-10-16,Cash on Delivery,258656.68
12452,3758,2021-02-07,Debit Card,456930.02
8131,2566,2022-10-10,Credit Card,187213.5
15729,2451,2025-08-30,Credit Card,121203.99
7856,2573,2024-09-30,debit card,171378.69
18694,1028,2022-12-07,Credit Card,7080.3
3711,2616,2022-11-12,DEBIT CARD,66471.16
7248,2802,2020-04-03,Cash On Delivery ,220568.23
11014,4685,2024-04-28,Debit Card,37772.54
5576,3213,2025-06-12,Debit Card,217456.66
16831,3398,2025-09-08,Cash on Delivery,407913.45
1817,1521,2023-05-04,Credit Card,70674.15
7030,1580,2023-06-26,UPI,147010.98
12274,711,2023-08-26,Credit Card,291020.88
16908,2095,2025-06-17,UPI,359106.08
924,4284,2025-04-03,UPI,42181.9
19537,4632,2023-05-26,UPI,350822.21
641,3639,2025-09-18,CASH ON DELIVERY,
16944,1508,2025-08-21,Cash on Delivery,277614.45
10886,4211,2025-05-27,UPI,30178.1
13289,2869,2023-07-29,Net Banking,188569.29
428,3545,2020-02-14,Credit Card,66321.58
15989,2665,2025-04-06,Net Banking,78435.18
13252,1279,2025-08-15,UPI,138076.41
17663,984,2025-05-12,Net Banking,162338.1
14908,1542,2022-07-11,Credit Card,219036.35
4549,4035,2022-07-07,Net Banking,122388.32
2509,12,2025-11-04,Cash on Delivery,387242.35
11499,2628,2024-02-16,Credit Card,162615.18
17808,3442,2025-03-14,UPI,130948.72
19805,1384,2021-04-09,UPI,319324.71
16809,2304,2025-01-15,Debit Card,181292.16
1485,1141,2021-06-05,Net Banking,83128.2
8576,4483,2021-07-11,UPI,388561.33
17830,2702,2022-07-28,Cash on Delivery,
11229,3231,2021-01-27,Cash on Delivery,33617.04
10201,2768,2024-07-18,UPI,105643.84
5254,420,2023-03-08,Cash on Delivery,97575.24
7359,2457,2025-08-09,Cash on Delivery,91806.45
11784,2261,2020-11-26,Net Banking,235131.74
19503,2179,2023-02-28,Net Banking,321529.91
7412,1066,2025-07-21,upi,322842.35
12896,3266,2024-03-24,UPI,385269.07
14786,3697,2024-12-24,Cash on Delivery,247312.88
8164,2741,2024-09-11,Net Banking,105004.96
5664,3514,2025-01-09,Cash on Delivery,171951.73
18735,1026,2023-11-29,UPI,421378.99
8995,1241,2023-08-13,,354465.12
2265,2506,2025-03-05,Credit Card,99957.15
4987,3192,2024-11-13,Cash on Delivery,475288.28
15852,3312,2024-06-05,UPI,171011.08
11156,626,2023-12-24,Cash on Delivery,19149.24
9379,965,2022-04-01,Credit Card,317521.68
6509,2042,2025-09-26,UPI,191781.59
13454,1877,2023-04-23,Net Banking,177037.94
7013,2986,2025-11-17,Net Banking,38349.0
3132,1415,2020-08-11,Net Banking,240656.62
17016,2676,2022-09-19,Debit Card,212243.11
17805,4605,2024-06-07,Cash on Delivery,161537.27
6756,21,2025-12-29,Net Banking,126884.01
15655,1122,2023-11-29,Cash on Delivery,273537.06
10942,2011,2024-06-23,Credit Card,173288.37
4477,1028,2022-12-27,CASH ON DELIVERY,398838.25
6938,2788,2025-09-30,Cash on Delivery,260222.54
9274,3827,2022-02-28,UPI,70192.95
18240,1933,2025-01-07,Cash on Delivery,161304.2
5062,2604,2024-08-28,UPI,226932.82
11607,909,2024-12-15,Net Banking,354678.04
6203,575,2025-10-29,Credit Card,284454.28
2221,2560,2024-09-08,Cash on Delivery,380557.82
14237,3168,2024-05-25,Cash on Delivery,309589.49
2138,4243,2024-06-02,Net Banking,85379.64
6770,4421,2024-07-23,Credit Card,228317.8
2609,1163,2025-06-22,Debit Card,77799.87
6424,4033,2022-05-26,UPI,197742.59
5337,71,2023-10-13,Cash on Delivery,272509.63
3890,263,2022-10-02,Cash on Delivery,269142.26
9911,4296,2023-08-25,Cash on Delivery,
6240,2338,2020-01-15,debit card,
13064,363,2024-07-05, Net Banking ,
1912,4994,2023-10-18, Cash on Delivery ,403591.26
13764,2871,2024-09-01,UPI,116043.16
1146,4681,2024-11-01,net banking,216044.86
18944,4483,2024-12-31,Net Banking,143980.01
17786,3745,2022-04-11,Debit Card,4780.28
9364,3581,2025-01-07,Cash on Delivery,113761.44
9871,3334,2022-07-17,UPI,38971.0
7197,3454,2024-06-03,Net Banking,167058.4
17294,429,2024-05-31,Debit Card,60523.74
8793,442,2024-12-23,Cash on Delivery,225363.45
15619,4805,2025-05-11,Net Banking,237244.37
10239,3677,2023-02-17,UPI,78981.4
8695,1892,2025-03-22,UPI,3977.1
6026,1590,2022-03-15,UPI,154776.47
4555,961,2023-06-01,Credit Card,116015.79
982,1626,2025-03-28,Debit Card,38443.72
4674,2849,2024-10-06,Debit Card,57839.9
19898,3976,2025-03-30,UPI,304412.5
9257,1502,2024-01-29,Credit Card,34078.67
4336,21,2023-07-12, Credit Card ,89263.85
8806,350,2024-02-29,Cash on Delivery,
6907,1602,2022-06-05,Debit Card,104740.5
260,576,2021-08-22,Credit Card,294714.76
11071,1502,2025-11-05,Net Banking,11182.88
7251,1663,2020-11-03,Cash on Delivery,233023.53
10011,3392,2021-11-05,Credit Card,365273.02
9287,2950,2024-10-14,Net Banking,63484.12
4686,1984,2021-06-09,UPI,26332.51
14629,77,2025-09-10,Cash on Delivery,161991.76
18471,220,2022-09-11,Credit Card,6220.1
334,22,2024-12-14,Credit Card,304292.27
7639,1437,2023-09-03,Credit Card,342893.44
15129,3536,2020-08-23,UPI,145154.64
10999,4050,2023-03-21,Debit Card,90855.01
2756,4223,2019-11-10,Net Banking,362585.6
13396,1492,2024-08-05,Net Banking,73570.53
10214,4282,2025-07-04,Credit Card,271329.48
19397,4193,2022-10-28,Debit Card,
1028,2326,2022-11-29,Cash on Delivery,122739.1
682,4988,2023-03-01,Cash on Delivery,241373.05
11742,198,2024-10-06,UPI,261323.74
19641,144,2025-04-10,,355837.11
18017,2219,2022-11-25,Cash on Delivery,228624.94
1347,2113,2022-01-06,Net Banking,21426.14
10267,2414,2023-06-19,Credit Card,425557.25
3441,1883,2024-01-13,UPI,39728.34
660,2600,2023-01-27,Cash on Delivery,170797.5
5282,2118,2022-06-05,UPI,252365.92
14440,2861,2025-09-21,Credit Card,168493.72
1969,3856,2020-01-15, Cash on Delivery ,200548.6
10763,1228,2025-09-10,Net Banking,137881.66
8933,4752,2021-01-11,DEBIT CARD,269413.39
19076,1375,2024-07-11,UPI,170444.34
6355,2083,2020-05-13,UPI,69534.98
473,1786,2022-11-11,NET BANKING,141932.62
15625,2033,2020-03-18,Net Banking,333597.24
1696,1475,2024-04-12,Credit Card,177674.58
16242,1332,2022-06-12,Net Banking,162725.92
14693,812,2023-08-23,UPI,176447.47
12522,1753,2022-09-17,Net Banking,121576.5
12209,4738,2024-04-12,Debit Card,214066.29
896,4147,2025-03-28,Debit Card,135200.37
17794,1220,2024-02-22,Debit Card,209058.29
5766,4855,2025-01-21,Credit Card,253620.42
9040,4225,2025-08-18,,163896.84
14193,136,2023-11-04,Cash on Delivery,
12263,731,2024-12-11,Cash on Delivery,20349.44
10698,2172,2025-02-24,Credit Card,205969.47
16183,691,2021-01-12,UPI,382201.95
8777,102,2025-03-24,Cash on Delivery,233981.07
18858,999,2022-08-08,UPI,148751.88
15106,530,2022-10-17,UPI,210067.66
5817,4009,2025-10-05,UPI,175048.7
13950,4678,2025-10-26,Net Banking,343988.51
7464,3863,2022-03-13,UPI,435085.38
394,2701,2021-08-06,Debit Card,295716.72
4521,2548,2025-01-14,Net Banking,179543.32
15156,3068,2025-06-27,UPI,14117.94
1329,49,2025-09-03,UPI,94704.78
15349,297,2023-10-21,UPI,226580.81
6974,2417,2022-05-29,Debit Card,118218.34
7839,3522,2023-11-29,UPI,48291.78
15727,2047,2021-02-28,Credit Card,54429.48
6934,2992,2025-01-14,Net Banking,126427.08
6831,2981,2025-03-07,Credit Card,318239.72
11935,2693,2025-07-12,Credit Card,246811.96
5190,4000,2022-05-03,Credit Card,41424.04
2151,689,2022-07-29,Net Banking,171079.48
5238,1707,2020-09-12,Net Banking,16895.76
18136,3136,2024-08-28,Credit Card,227966.18
3180,1919,2022-09-07,Cash on Delivery,64407.84
18651,4197,2023-05-19,Cash on Delivery,105873.21
10848,3164,2024-07-21,UPI,487588.09
15177,1496,2020-06-05,Net Banking,277062.57
13224,4415,2021-08-12,Debit Card,156171.35
13400,312,2022-09-12,Debit Card,200042.05
12631,3563,2025-06-16,credit card,406168.16
4057,2544,2023-10-05,UPI,124781.6
12821,400,2021-08-29,Debit Card,171025.19
3080,863,2024-06-07,,107198.46
5578,2492,2024-05-06,Debit Card,137623.17
13596,791,2024-10-19,Credit Card,61381.9
17402,4787,2025-01-17,Net Banking,
13671,547,2024-08-20,UPI,202761.32
5281,1258,2025-03-02, UPI ,78882.6
15227,2003,2021-12-28,Net Banking,175988.83
9575,3765,2022-11-19,Credit Card,56850.31
3761,343,2025-05-25,Net Banking,423505.22
19417,26,2022-06-03,Net Banking,315686.22
3368,1779,2020-12-23,Cash on Delivery,166289.16
1247,3186,2020-05-13,Credit Card,239502.97
2410,2002,2025-02-23,Credit Card,256449.0
12387,2869,2024-05-19,,57376.81
12627,1104,2024-07-03,debit card,19703.92
10230,3062,2025-05-01,UPI,248057.29
4127,2969,2022-05-18,Net Banking,110471.8
9248,2789,2023-05-11,Credit Card,259894.99
180,3642,2024-11-15,Credit Card,
7071,25,2025-09-13,Credit Card,
17906,3792,2022-03-29,Credit Card,373497.19
7685,1920,2020-09-10,Debit Card,82637.19
10488,1380,2023-03-22,Cash on Delivery,8602.98
4863,2110,2024-09-21,Debit Card,110259.65
14646,2613,2023-09-21,Credit Card,363772.46
2608,944,2023-11-29,Credit Card,423066.64
14464,4514,2024-03-21,Net Banking,92395.46
8236,4103,2024-02-09,CREDIT CARD,317993.2
141,2425,2025-03-21,Cash on Delivery,85384.89
17373,2953,2025-08-11,Credit Card,194570.32
2860,3026,2019-12-18,UPI,248499.37
15518,1362,2022-02-25,UPI,39841.17
15226,1885,2023-09-20, Debit Card ,239115.42
14263,3471,2025-05-19,UPI,213051.1
5633,3655,2025-07-06,Net Banking,235107.93
15124,3241,2024-06-03,Net Banking,59180.32
15796,2786,2024-04-25,Cash on Delivery,285259.93
13526,4304,2025-11-13,CREDIT CARD,
12961,3194,2023-11-11,Debit Card,38420.04
11204,1349,2025-06-19,Credit Card,81504.12
14113,3377,2020-11-12,Debit Card,177734.63
1225,4106,2025-06-18,UPI,59342.65
15472,3284,2025-10-21,Debit Card,394832.04
4246,4145,2025-12-21,Debit Card,167563.77
6987,506,2024-06-22,Cash on Delivery,214885.73
8056,3002,2023-04-07,Net Banking,61891.96
8245,1088,2024-04-26,UPI,292177.77
5441,4941,2025-06-11,Cash on Delivery,141977.42
12000,1904,2025-11-15,Cash on Delivery,111611.0
8080,1314,2023-03-15,Credit Card,50902.01
8493,293,2024-01-17, UPI ,213967.77
15615,516,2023-06-30,Debit Card,132221.68
7080,133,2022-03-05, Cash on Delivery ,113681.58
12372,4829,2021-03-08,Cash on Delivery,195231.16
10584,4448,2025-10-29,Credit Card,333092.0
9998,4964,2024-08-24,Cash on Delivery,459073.89
3861,1376,2025-08-22,Cash on Delivery,135497.7
13797,3461,2025-09-21,Credit Card ,119709.61
7674,273,2021-12-15,UPI,
19138,1966,2025-12-21,UPI,153792.96
2782,1292,2024-02-20,Net Banking,112603.41
5499,2092,2025-03-21,UPI,
2405,3294,2025-02-21,Net Banking,286801.17
10391,4014,2025-10-30,net banking,139788.16
3247,2711,2024-11-15,Credit Card,283615.63
18133,1411,2023-08-24,Cash on Delivery,67538.85
4228,2648,2023-03-23,UPI,288674.61
17872,4209,2021-07-25,Net Banking,43943.22
12793,4907,2025-08-11,Debit Card,159965.65
8046,4723,2023-11-06,Cash on Delivery,276696.66
14449,4536,2025-01-18,Credit Card,612423.9
8727,879,2022-07-29,UPI,232055.06
6265,3702,2025-12-11,Cash on Delivery,190638.34
18322,425,2023-01-28,Net Banking,320666.98
13465,3507,2023-09-04,Debit Card,264545.74
10528,501,2022-04-28,Credit Card,385080.55
9761,721,2025-10-11,Debit Card,29078.18
13893,4209,2021-04-19,UPI,164370.9
9927,2384,2023-11-15,Debit Card,227041.02
14972,106,2025-08-25,Net Banking,228108.44
9233,2292,2025-01-22,Debit Card,302152.95
9957,1796,2024-05-28,UPI,155749.48
8119,1511,2025-03-29,Credit Card,60608.96
14079,4921,2025-08-14,Credit Card,170794.35
3249,414,2020-08-25,Cash on Delivery,195875.65
6575,943,2022-09-24,Net Banking,353185.7
15772,2390,2020-09-19,Debit Card ,36313.2
17570,963,2025-07-05,Debit Card,166142.96
3662,3528,2023-09-07,UPI,166906.94
8916,88,2024-04-18,Net Banking ,38963.82
5394,2338,2023-10-28,UPI,55142.2
9319,2884,2019-09-17,Cash on Delivery,254606.37
3805,2849,2025-07-29,Net Banking,105574.47
6158,3008,2025-06-10,Debit Card,36651.0
18558,775,2023-03-06,Debit Card,45520.28
4580,2971,2025-10-09,Net Banking,150146.35
11262,2635,2024-04-17,Debit Card,382344.67
9410,1320,2021-12-23,UPI,174725.64
10661,2221,2024-10-07, Debit Card ,213620.42
5994,1790,2021-01-10,Debit Card,176205.76
5901,2107,2025-08-13,Net Banking,38783.9
4603,4540,2023-09-12,,90861.56
2386,3490,2023-12-31,Credit Card,339294.01
2945,480,2025-09-10,UPI,366598.98
8419,1974,2022-05-28,Net Banking,87381.39
12973,272,2025-09-06,Net Banking,229933.25
6443,858,2024-06-18,Cash on Delivery,309395.27
15342,2712,2025-06-08,Credit Card,126872.76
17331,4306,2023-12-18,UPI,32671.86
12723,1271,2025-07-30,UPI,49833.21
4361,381,2025-08-09,UPI,1040.94
11479,1151,2022-09-02,Credit Card,236443.83
7986,4688,2021-03-31,Debit Card,212504.42
5467,3847,2024-12-09,Net Banking,22186.1
8861,4022,2022-09-24,Credit Card,143962.7
13499,4980,2023-01-04,Net Banking,543034.52
15814,321,2022-04-07,Cash on Delivery,113300.14
10323,2901,2025-09-14,UPI,77831.7
12734,4146,2021-07-09,Net Banking,226616.17
19625,1624,2024-01-01,Debit Card,
7081,1238,2025-07-07,Debit Card,221568.6
12585,136,2022-07-16,UPI,104522.11
19481,2748,2025-11-09,UPI,145332.35
14447,4654,2021-02-19,Cash on Delivery,420745.26
15839,533,2025-09-25,Debit Card,154838.28
15671,1573,2025-02-22,,196756.48
5626,4669,2024-04-19,UPI,477673.52
15204,4998,2020-04-27,Debit Card,148619.81
9355,1701,2022-08-19,Cash on Delivery,354442.08
2692,1590,2022-05-05,Net Banking,153630.62
1836,1251,2024-05-02,Cash on Delivery,329564.19
12911,4826,2025-03-14,Debit Card,175146.54
14623,2048,2024-02-26,Cash on Delivery,305090.83
13886,3926,2024-08-14,Credit Card,47680.18
701,1116,2024-06-22,Net Banking,137807.52
11487,270,2024-07-11,credit card,224258.55
55,4486,2023-02-11, Credit Card ,201324.98
6486,4232,2023-08-27,UPI,39278.97
6171,235,2024-05-02,Cash on Delivery,65168.24
10869,2403,2025-09-24,Net Banking,284153.19
6372,4756,2022-10-17,Credit Card,33925.86
2862,1091,2025-10-29,Debit Card,102097.54
12918,2972,2023-12-27,Cash on Delivery,84244.41
8848,780,2025-11-29,Credit Card,148285.96
4207,4448,2021-03-19,UPI,301635.21
5566,156,2025-01-10,,114680.76
15073,3974,2023-09-17,Debit Card,146228.39
13093,1739,2023-09-21,Net Banking,68979.8
1381,4269,2024-11-04,Net Banking,79273.6
8350,2936,2022-04-29,UPI,64205.36
14678,3669,2023-11-03,Credit Card,152385.19
16426,3734,2021-10-23,Credit Card,47122.48
5361,2411,2025-04-20,Cash on Delivery,506995.54
17525,4506,2022-01-29,UPI,247773.51
4368,4285,2025-10-14,UPI,267245.64
8408,381,2024-06-21,Debit Card,64895.13
12375,3146,2025-03-18,UPI,18927.98
14550,4885,2020-11-06,Net Banking,43066.61
10835,4818,2022-05-10,Credit Card,388520.75
3955,3671,2025-07-05, nan ,76124.19
6931,1612,2024-11-30,Net Banking,22639.4
7763,4241,2022-07-06,Net Banking,124284.33
12407,1601,2025-05-28,Cash on Delivery,265420.25
17090,1990,2023-12-14,UPI,158721.44
10673,1920,2025-10-15,Credit Card,262548.37
6592,652,2025-09-19,Credit Card,356819.77
8658,1445,2024-08-14,Debit Card,117122.72
11243,1679,2022-10-31,UPI,252072.6
11954,1343,2021-01-14,Debit Card,52916.0
18629,4473,2023-11-07,Cash on Delivery,181251.18
145,2227,2024-05-15,Cash on Delivery,203871.7
17180,1593,2023-10-26,Debit Card,19477.38
19327,2909,2025-08-01,Debit Card ,70951.15
8985,1876,2025-10-07,UPI,254040.69
15426,1131,2024-11-02,UPI,181244.0
13643,2488,2024-05-04,Cash on Delivery,133928.45
12942,3932,2022-05-01,Cash on Delivery,207866.27
16582,2773,2023-10-12,Net Banking,337682.52
5521,3654,2025-08-09,Credit Card,42791.93
2320,4107,2023-10-05,Net Banking,303075.25
14125,1507,2024-01-29,UPI,255883.26
4548,1453,2024-11-02,Debit Card,423598.75
8787,2703,2024-01-24,Net Banking,304452.07
12229,4012,2021-09-29,UPI,276592.4
8954,3767,2025-10-28,Net Banking,45576.9
6447,3724,2025-03-25,Debit Card,80331.95
3457,2847,2024-04-18,Debit Card,145805.43
3182,1291,2025-08-14,Debit Card,355365.61
3277,1481,2025-06-13,Debit Card,37019.55
5117,1396,2023-09-11,Cash on Delivery,118851.49
6442,3858,2025-10-07,UPI,391652.92
12129,3739,2023-09-27,UPI,25125.81
12885,4855,2022-05-12,Credit Card,418597.16
6990,1907,2023-07-02,Cash on Delivery,36464.14
14917,3442,2023-04-16,Debit Card,255483.89
15901,3405,2022-12-24,UPI,269391.23
18160,2197,2023-03-26,,341438.79
2658,3200,2022-06-22,Debit Card,41219.12
1355,3200,2025-10-28,UPI,33417.41
4027,4570,2021-12-11,Cash on Delivery,222227.72
10654,1938,2022-02-18,Cash on Delivery,111712.28
14427,3177,2024-01-03,Credit Card,204079.03
18441,1220,2024-06-11,Cash on Delivery,498718.89
8542,4997,2024-12-30,UPI,294893.42
15171,2176,2025-08-18,Net Banking,88150.45
9284,1042,2025-02-15,Net Banking,258094.71
11796,3686,2024-12-20,Debit Card ,216717.42
11063,915,2023-10-29,Cash on Delivery,
6274,85,2024-02-22,Credit Card,19088.07
14231,4791,2021-08-06,UPI,13035.56
14358,1541,2021-01-23,Cash on Delivery,74158.78
15768,3642,2024-04-22,Net Banking,364967.99
6344,3290,2025-03-13,UPI,139761.91
19927,3406,2023-10-22,UPI,258617.55
14148,2195,2024-10-29,Cash On Delivery ,119292.66
18766,2820,2021-09-02,UPI,61406.86
17879,2114,2022-04-30,Debit Card,23806.0
16445,2345,2024-10-13,Debit Card,199192.2
14556,1512,2023-07-11, Cash on Delivery ,54802.45
14202,1911,2022-03-08,UPI,45451.44
6943,115,2023-05-20,Cash on Delivery,267269.48
8768,904,2025-07-28,Credit Card,364931.12
4283,3305,2020-04-02,Net Banking,79479.86
18642,2494,2024-02-19,Cash on Delivery,29555.18
308,1863,2024-02-15,,64981.17
16080,2062,2023-06-21,Net Banking,76303.52
4788,4452,2023-06-09,Debit Card,172063.55
18423,1398,2024-07-30,Credit Card,138362.55
12967,1042,2020-12-04,UPI,131331.35
10383,4215,2025-07-03,Credit Card,162645.29
19404,1764,2020-10-23,Credit Card,225740.08
12746,736,2021-03-31,Net Banking,340029.84
12557,2819,2023-04-09,Net Banking,393285.02
2376,1752,2025-01-20,UPI,291468.72
16638,4712,2020-09-16,Debit Card,134648.59
15090,2776,2024-09-21,,98149.52
7124,2724,2025-08-01,,23704.0
8504,3123,2024-03-15,Credit Card,3792.72
10983,4603,2024-12-12,,114946.34
18432,538,2025-05-24,Cash on Delivery,259357.29
4739,2585,2025-04-16,Cash on Delivery,112302.52
9680,2085,2024-08-10,UPI,12661.14
17979,4953,2021-06-22,Net Banking,132354.9
11431,2280,2025-10-28,UPI,84925.89
3639,3536,2021-07-11,Credit Card,92959.65
19989,739,2021-08-05,Debit Card,43632.92
14233,2019,2025-01-28,Cash on Delivery,87337.26
16056,2279,2023-03-01,Net Banking,238051.92
7527,652,2024-12-07,Cash on Delivery,276969.34
5008,2154,2023-10-31,Credit Card,66466.93
18878,696,2024-04-21,UPI,127100.61
14836,3462,2025-02-15,NAN,207747.95
124,1026,2023-12-30,Cash on Delivery,178441.34
1607,240,2025-05-19,Credit Card,32471.8
7298,2297,2021-08-30, Credit Card ,155099.8
11283,3536,2022-04-13, Debit Card ,164584.32
3645,4710,2023-06-20,UPI,72531.85
8779,4138,2024-08-26,Debit Card,517066.94
18571,4891,2022-08-23,UPI,114648.56
6081,611,2021-06-08,Net Banking,94772.4
1509,2515,2022-11-15,Cash on Delivery,334721.4
14644,4377,2024-04-14,Credit Card,26936.38
6271,574,2024-03-16,Credit Card,236073.93
2095,4789,2023-09-07,UPI,111877.27
7579,1054,2024-04-02,Net Banking,140754.08
17748,2843,2025-07-18,Debit Card ,241099.95
13736,232,2025-09-23,Credit Card,71694.08
3400,2704,2024-01-11,Cash on Delivery,278685.26
17965,1,2022-09-08,Credit Card,374252.14
16546,745,2025-08-09,Net Banking,378791.69
12015,3960,2024-12-08,Net Banking,18609.2
17138,3311,2022-09-23,Net Banking,97311.57
9003,3279,2024-01-16,Debit Card,1092.67
19797,791,2022-03-31,Cash On Delivery ,174590.86
19072,1778,2025-09-14,Credit Card,69914.0
16909,2493,2025-05-25,Cash on Delivery,246830.91
19014,871,2020-11-19,UPI,292794.65
7031,293,2024-10-21,Upi ,288540.47
1856,3155,2024-10-09,Cash on Delivery,201556.1
2560,2033,2024-04-23,Cash on Delivery,36276.69
13343,4445,2024-08-25,Net Banking,85365.82
8535,507,2021-05-05,Debit Card,23499.72
10458,1907,2024-07-02,Cash on Delivery,
423,1376,2023-10-09,,56481.3
16470,4417,2024-11-12,Credit Card,314948.62
18269,623,2022-04-08,Debit Card,232359.82
3038,3704,2024-06-16,Credit Card,305490.46
8853,3421,2025-03-11, UPI ,381505.79
9787,1332,2024-10-07,,20930.28
18068,2956,2023-01-29,Credit Card,144558.95
3870,4198,2022-03-20,UPI,181948.34
7316,618,2023-08-23,Cash on Delivery,
14582,879,2021-07-09,credit card,327565.74
12797,1222,2023-04-15,UPI,228613.44
6121,3316,2025-09-16,Credit Card,71236.04
318,3532,2021-02-17,UPI,79324.45
791,4219,2025-06-25,Debit Card,157790.44
1024,747,2025-04-24,UPI,258022.45
11794,2434,2025-05-05,Cash on Delivery,202411.65
8976,250,2024-02-11,Credit Card,205395.39
8503,2973,2020-10-09,Net Banking,306604.23
14026,712,2022-04-30,,25477.89
2989,3704,2025-01-18,Cash on Delivery,224620.96
3829,4717,2025-04-25,Credit Card,211981.31
17448,256,2021-10-26,Cash on Delivery,73052.87
15973,4189,2020-02-19,Credit Card,211343.08
15654,656,2021-05-10,Debit Card,441798.44
12351,1795,2025-04-05,Net Banking,213858.0
12355,2274,2023-11-01,,83426.18
1563,1602,2022-02-21,Cash on Delivery,121652.6
11731,239,2025-02-26,Credit Card,403748.56
14145,4325,2024-05-12,Credit Card,171626.04
6659,2228,2025-04-06,Net Banking,207813.45
1425,1888,2025-10-05,Net Banking,78186.8
7533,2098,2022-08-19,Debit Card,222703.79
874,708,2023-08-06,Net Banking,394005.85
13196,4896,2024-07-20,Debit Card,287741.04
14398,4107,2025-06-12,Cash on Delivery,134366.77
3193,421,2023-06-22,Cash on Delivery,186788.42
13834,1516,2024-07-18,Debit Card,48062.45
11342,1200,2024-02-07,Credit Card,157283.59
2217,1928,2022-06-25,,449591.94
14667,3411,2025-08-21,Net Banking,284517.97
5721,2669,2025-10-18,Debit Card,102460.48
17901,4332,2024-07-23,Credit Card,173119.37
10381,3883,2025-04-26,Net Banking,195760.74
4402,4113,2023-09-13,Credit Card,168605.26
14366,4765,2023-07-11,Net Banking,341749.61
905,4063,2023-07-05,Debit Card,356205.29
18095,4836,2022-05-11,Cash on Delivery,434051.42
1445,2913,2022-11-14,Net Banking,176357.83
9655,2422,2024-06-10,Cash on Delivery,155997.1
19207,964,2025-12-18,Credit Card,192823.38
4731,3982,2025-06-09,Credit Card,243604.59
7754,3572,2025-04-27,UPI,54383.46
11142,1105,2025-10-31,Credit Card,110436.92
1272,3948,2024-10-12,Net Banking,249453.92
2673,2980,2023-09-19,Debit Card,211222.85
12704,4432,2024-08-25,Debit Card ,163298.15
9904,1227,2024-11-09,Credit Card,248293.34
2604,593,2022-05-29,Credit Card,198222.74
18929,1784,2024-09-21,UPI,58573.34
17361,4616,2024-05-10,Cash on Delivery,218793.86
492,1991,2024-09-10,Debit Card,215841.44
17540,1256,2020-05-15,Cash on Delivery,238682.97
2744,3140,2021-09-10,Debit Card,128865.04
1008,1485,2023-10-05,Debit Card,202783.02
13117,2473,2025-12-17,Net Banking,103643.86
13951,4402,2025-12-25,UPI,196729.47
9346,3610,2025-08-01,Net Banking,306692.03
14236,1590,2025-08-30,Debit Card,221248.75
7667,2846,2022-03-06,Cash on Delivery,54176.71
9100,2955,2024-06-04, UPI ,147258.0
17195,3633,2025-10-11,Credit Card,240297.91
12836,248,2023-11-12,Cash on Delivery,350172.93
4610,1492,2024-01-11,Nan ,44433.75
12803,4853,2022-08-04,Credit Card,185244.9
6098,4083,2020-05-19,NAN,134264.2
2573,874,2022-12-11,Cash on Delivery,53699.22
19489,1530,2021-07-12,net banking,161257.94
18674,527,2025-02-28,UPI,241869.0
160,2873,2022-03-07,,149683.88
1898,3517,2021-01-29,UPI,155750.41
18572,4429,2024-05-30,UPI,336900.98
2294,2411,2025-04-08,UPI,20049.35
3744,959,2024-06-15,UPI,358151.82
15807,1682,2024-01-27,UPI,289569.88
3104,3814,2025-01-17,Net Banking,201600.14
17273,3397,2023-07-27,Net Banking,89501.16
1408,1234,2023-01-19,Credit Card,279420.09
9492,4884,2025-11-17,Cash on Delivery,351291.13
17736,1498,2024-02-05,Debit Card,87257.56
19887,308,2024-03-16,Credit Card,272510.66
14430,1159,2024-10-07,Debit Card,417946.45
3465,2800,2023-05-23,Cash on Delivery,17441.25
2013,2752,2025-03-16,Net Banking,39136.62
1557,1833,2025-03-21,Credit Card,33409.94
18150,1269,2022-04-30,,121396.12
4050,4592,2023-03-10,Debit Card,201883.99
8447,70,2024-08-17,Credit Card,164623.62
9068,4735,2025-02-16,Net Banking,233365.16
7519,2215,2025-01-18,Net Banking,175509.83
7578,68,2022-07-15,,80477.36
8766,1045,2022-05-06,Cash on Delivery,165183.61
6649,1965,2024-10-11,Debit Card,70744.03
18838,1462,2025-04-20,Cash on Delivery,187653.6
3002,1936,2021-08-17,UPI,93920.84
8883,1331,2020-11-01,Cash on Delivery,189200.51
15710,641,2021-06-14,Debit Card,106826.48
17700,1063,2025-03-29,Debit Card,
11249,857,2025-05-03,UPI,125459.47
18547,1970,2024-06-25,Net Banking,330578.92
6087,4235,2022-01-14,Debit Card,271603.68
10541,1186,2024-05-15, Cash on Delivery ,208934.88
3514,2378,2024-08-22,Credit Card,641906.56
2721,3449,2023-07-01,Net Banking,546477.4
616,3378,2024-06-05,UPI,156360.96
11970,3625,2024-10-22,Net Banking,1608.52
7055,1229,2024-10-20,Debit Card,269966.92
8286,2966,2023-09-21,Credit Card,52322.2
14864,2278,2025-10-22,UPI,85960.8
11802,929,2025-01-24,UPI,60826.39
4215,3497,2023-06-30,Credit Card,295886.23
16138,4766,2023-02-01,Cash on Delivery,70301.48
14981,67,2022-08-30,Debit Card,78275.94
3582,3096,2024-11-02,Cash on Delivery,353247.91
13003,763,2025-05-09,Cash on Delivery,415146.07
15637,1442,2022-05-13,,204908.4
7606,2115,2025-04-15,Debit Card,9258.8
7161,1388,2024-12-25,UPI,66577.53
6618,359,2023-10-07,Net Banking,334714.91
19568,3835,2024-02-08,UPI,274305.08
5201,2400,2025-04-29,Debit Card,258859.34
19580,4290,2025-04-08,Debit Card,54310.04
14948,4310,2023-02-02,Debit Card,104371.09
19761,2371,2023-10-30,Net Banking,149465.62
5292,3978,2022-10-16,Net Banking,157254.55
5535,1584,2024-08-02,Net Banking ,42944.68
11213,3426,2025-02-26,Cash on Delivery,220617.64
18100,681,2024-07-29,UPI,380392.91
10248,1413,2020-12-24,Credit Card,86090.12
11175,3251,2020-10-24,,
7985,3652,2021-08-28,Net Banking,455129.21
5711,2619,2020-11-26,Debit Card,
18799,3493,2025-08-20,Net Banking,169418.12
17846,3063,2023-07-28,Net Banking,249187.14
8497,3130,2024-12-25,Cash on Delivery,91321.56
4445,3640,2022-02-28,,41116.7
17393,4589,2024-03-05,Net Banking,287732.75
7720,286,2024-07-26,Cash on Delivery,61310.87
12039,4719,2025-06-11,Debit Card,263026.66
2173,4586,2019-11-29,,492447.55
18887,307,2024-08-06,,119927.38
11371,2628,2024-11-29,UPI,128158.95
11900,4737,2021-09-15,Net Banking,236967.99
8820,89,2024-06-25,Cash on Delivery,54565.83
7192,363,2024-03-10,UPI,64529.38
17845,565,2025-12-03,Cash on Delivery,36781.3
2505,4261,2025-01-25,Net Banking,158536.45
7379,1590,2022-08-01,Cash on Delivery,175143.6
8816,2012,2025-03-20,Net Banking,328724.86
4241,2442,2024-08-18,Credit Card,280064.75
19390,4318,2025-12-01,Cash on Delivery,321890.65
11783,4887,2025-11-06,Net Banking,186051.47
14535,4541,2023-03-29,nan,236883.32
16309,406,2022-02-25,Net Banking,106429.85
10279,2251,2025-11-08,UPI,140098.32
6606,1311,2021-10-17,Net Banking,117351.96
19523,2929,2025-08-30,UPI,196540.75
9219,2945,2023-09-17,Net Banking,124695.16
16290,3861,2022-11-26,Credit Card,315753.26
9143,436,2024-08-21,Debit Card,104104.4
19256,4850,2025-04-21,Net Banking,360845.35
3163,4668,2020-05-18,Credit Card,224719.14
8389,3613,2023-09-03,Debit Card,47216.76
173,3102,2025-01-12,Net Banking,169854.27
3626,135,2025-03-30,Debit Card,22545.04
6984,1339,2024-02-05,Debit Card,337907.45
4677,1204,2020-03-22,Cash on Delivery,164189.17
16578,1474,2023-02-18,Debit Card,142126.55
11877,2812,2024-04-23,,339256.64
5477,4841,2023-03-29,Net Banking,135662.86
4509,590,2022-01-20,Debit Card,253149.24
4131,767,2025-03-01,UPI,216219.0
14952,2375,2025-09-04,CASH ON DELIVERY,36388.92
14207,4703,2022-12-06,Cash on Delivery,277894.97
5224,3971,2024-07-18,,441348.11
14921,3923,2021-12-02,Debit Card,304588.75
14741,2568,2025-01-22,Net Banking,74914.94
19860,203,2022-10-14,UPI,123077.17
5609,852,2025-04-23,Net Banking,311834.76
15642,629,2023-04-23,UPI,156465.77
12089,175,2024-06-10,Net Banking,214384.42
19272,3637,2024-02-29,UPI,267604.7
7950,1233,2025-02-25,Debit Card,340735.94
12964,4651,2023-06-03,Credit Card,86726.84
19986,3158,2025-05-26,UPI,43485.72
3532,484,2023-11-28,Net Banking ,57145.85
8867,4196,2025-07-23,Credit Card,85450.1
15600,2017,2025-10-15,Debit Card,152018.18
3218,2016,2021-04-19,Debit Card,284326.75
2679,1162,2024-02-16, UPI ,103131.6
4668,4327,2024-11-28,Credit Card,114046.96
14209,2646,2022-09-08,Debit Card,
7428,1603,2024-06-11, Net Banking ,
18987,660,2024-03-06,Net Banking,20343.62
3125,2609,2024-02-08,Credit Card,129253.32
4950,3835,2022-09-24,Credit Card,225414.82
15072,4279,2021-03-31,Credit Card,101871.94
58,1135,2023-04-10,Debit Card,185616.54
19029,3186,2021-12-31,Debit Card,79655.7
11671,1963,2024-08-16,Credit Card,45031.38
577,2234,2024-05-20,Debit Card,188949.35
16499,4366,2021-09-04,Debit Card,235223.37
1107,3632,2021-08-27,Credit Card,151243.02
16717,4377,2025-10-18,,177755.65
12073,1305,2024-02-23,Debit Card,81389.05
6228,4587,2025-03-25,credit card,205647.78
5239,2190,2020-02-03,Net Banking,89207.27
3319,2847,2024-01-13,Cash on Delivery,91077.15
2299,2486,2024-11-30,UPI,256729.24
10713,732,2023-01-02,Credit Card,165482.26
9331,841,2025-09-10,Credit Card,157887.02
13116,241,2025-02-19,UPI,175533.05
13522,4611,2025-09-27, Debit Card ,131994.65
18541,792,2020-06-07,Debit Card,46060.09
2364,2120,2024-07-23,Net Banking,117466.62
13025,4789,2023-07-08, Cash on Delivery ,366039.02
1242,1822,2023-07-05,Credit Card,284377.77
11305,3786,2022-07-02,Credit Card,14386.52
5419,2210,2023-07-16,Credit Card,28561.37
5016,3011,2025-10-22,Cash on Delivery,194757.94
4038,2967,2024-09-09,Debit Card ,70468.13
7585,3864,2024-04-05,Debit Card,195738.06
11515,4702,2023-08-02,UPI,101492.58
11928,1560,2024-12-29,Cash on Delivery,172552.48
2022,3765,2025-11-01,Debit Card,293654.3
9231,2825,2024-06-18,Debit Card,187755.32
10435,670,2025-11-05,Debit Card,279398.67
14476,2245,2025-05-15,UPI,198027.76
17015,3945,2021-11-04,UPI,92403.78
4171,3204,2025-10-24,Net Banking,252925.8
12737,2035,2021-12-06,UPI,200535.56
7516,4198,2025-02-10,Net Banking,113879.35
7708,1984,2022-05-11,debit card,77462.52
10722,1246,2025-11-03,Credit Card,77571.5
13054,2819,2025-06-05,UPI,64758.6
6693,3961,2024-07-15,UPI,76583.56
17528,353,2025-08-21,Credit Card,36525.75
9176,1645,2021-06-08,Debit Card,9397.94
10620,1868,2022-05-12,Credit Card,152658.82
15240,3982,2024-03-18,Cash on Delivery,170672.14
15783,3531,2024-12-16,Net Banking,109165.98
8204,2179,2023-06-17,Credit Card,265532.09
27,3633,2025-10-14,Net Banking,413809.56
9042,2802,2019-06-27,UPI,65630.45
19142,4612,2025-02-02, Cash on Delivery ,247389.18
3751,3850,2025-12-17,UPI,26339.94
9474,3378,2025-05-28,Credit Card,161550.73
11357,3073,2021-03-27,,189536.07
8771,2702,2022-04-07,Net Banking,123911.43
16418,2921,2025-07-20,Credit Card,92686.59
18696,3092,2022-05-13,Cash on Delivery,354321.25
6871,4537,2022-12-07,UPI,133949.81
2007,4292,2023-03-17,Cash on Delivery,207192.24
3176,851,2025-06-16,UPI,268336.4
18123,3188,2024-02-25,UPI,362050.98
4211,4871,2024-05-16,Debit Card,161064.32
17211,1252,2025-09-15,Cash on Delivery,68409.25
16929,3956,2024-09-05,UPI,
15087,2953,2024-08-30,Credit Card,522380.35
854,1443,2025-10-06,UPI,
11307,4475,2021-03-13,cash on delivery,155769.76
9667,1623,2019-06-29,Credit Card,96322.23
18221,1727,2024-06-04,Credit Card,421461.43
13245,1677,2024-10-29,Net Banking,276224.46
19411,1056,2022-05-04,Net Banking,151472.27
11006,1978,2021-06-14,UPI,296672.5
16218,1746,2023-07-15,Net Banking,97779.84
14002,4205,2023-11-08,Debit Card,262419.86
10473,533,2025-08-29,Net Banking,50157.62
17457,566,2024-12-27,Net Banking,139545.37
18490,3553,2025-04-29,UPI,268044.13
14173,3292,2025-02-20,Credit Card,303185.25
2432,2590,2021-04-29,CASH ON DELIVERY,41448.01
4202,1007,2025-06-01,Debit Card,30196.16
9439,3544,2023-04-03,Credit Card,162986.25
8909,3919,2023-10-01,Cash on Delivery,461739.24
13467,2374,2021-11-22,Debit Card,303670.55
12713,4313,2022-04-21,Debit Card,111034.45
5283,2543,2022-07-25,Net Banking,324265.55
3526,4173,2024-12-26,UPI,246602.33
9994,4125,2025-08-25,Credit Card,305286.27
6069,520,2025-05-05,upi,103804.47
17141,2144,2023-12-07,Cash on Delivery,150242.83
10278,4486,2025-09-01,Cash on Delivery,36692.98
18242,2879,2025-07-05,Debit Card,282115.23
10331,2378,2022-06-28,Cash on Delivery,296563.41
8714,2724,2023-07-22,Debit Card,17652.84
9438,2765,2023-08-22,Cash on Delivery,179734.54
19739,1194,2025-04-17,Cash on Delivery,453588.79
3893,4571,2025-10-29,CASH ON DELIVERY,163254.37
3793,4408,2022-11-05,Cash on Delivery,23890.61
19787,1448,2023-10-12,Cash on Delivery,329642.2
18862,3087,2024-09-05,Credit Card,72083.79
8438,3597,2025-04-13,Net Banking,350159.0
16432,2020,2022-10-28,Net Banking,366415.27
14479,2377,2025-03-15,Credit Card,133145.66
1767,4021,2020-11-30,cash on delivery,343162.4
9151,2417,2022-09-10,Cash on Delivery,279792.51
5089,3859,2024-07-08,UPI,121708.23
19194,309,2025-09-11,Cash on Delivery,184988.81
257,3820,2025-07-23,credit card,
9806,2610,2023-12-07,Cash on Delivery,2135.64
15830,4639,2024-03-04,UPI,45602.78
3008,4887,2023-09-15,Debit Card,283581.8
5569,3520,2024-05-16,Net Banking,
7621,3590,2025-09-21,Debit Card,27549.95
16997,3276,2025-08-04,UPI,169818.16
7424,880,2022-11-04,Debit Card,226380.78
4399,84,2025-03-12,Net Banking,517741.92
5812,1307,2024-12-11,Debit Card,364739.55
15517,4671,2025-01-06,Debit Card,448749.88
7414,4886,2023-03-02,Net Banking,272893.87
15271,4967,2021-05-19,Credit Card,242242.51
6921,2452,2023-08-04,Credit Card,115842.3
7698,3689,2022-07-07,Net Banking,89408.79
3845,2869,2024-04-27,UPI,319681.01
4972,3493,2024-04-21,UPI,67178.2
1380,3198,2024-03-17,UPI,195069.62
19479,4569,2023-08-20,,192240.58
7920,507,2024-07-21,Debit Card,211683.01
12602,57,2024-02-15,Cash on Delivery,286881.09
17124,573,2023-02-16,UPI,69323.96
10153,4330,2019-07-15,,113991.79
9905,1876,2021-02-15,Credit Card,210396.02
6172,954,2024-12-13,UPI,109056.08
11907,1904,2023-06-17,Debit Card,114460.14
5594,1351,2025-11-01,net banking,115879.48
9589,4841,2024-02-26,Credit Card,72824.18
4716,407,2025-02-21,credit card,317941.07
5046,148,2024-09-04, Cash on Delivery ,68699.58
17796,2396,2022-09-28,UPI,35602.22
15187,3045,2021-01-27,Cash on Delivery,122877.87
18584,3641,2023-04-05,Debit Card,203620.18
11594,2949,2025-01-13,Net Banking,133769.85
19831,3403,2024-12-07,UPI,7930.59
280,4778,2022-04-30,Net Banking,18188.4
10645,2195,2024-08-12,Cash on Delivery,193850.02
10840,72,2024-05-01,UPI,77268.59
11567,3199,2019-11-28,Debit Card,107366.16
98,3997,2024-05-03,Net Banking,153246.75
8454,2013,2024-04-13,Upi ,
3371,1427,2025-05-25,Debit Card,154521.65
4458,1703,2025-06-21,Debit Card,272781.53
18668,177,2023-10-29,UPI,57840.1
16427,1007,2024-09-16,Cash on Delivery,87707.32
8490,1387,2025-01-27,Cash on Delivery,206047.3
17475,637,2024-09-27,Debit Card,137338.7
3547,2920,2023-09-28,Debit Card,77322.54
4988,4768,2022-06-05,UPI,278500.59
7329,3631,2023-10-03,Debit Card,
11392,958,2023-12-02,Cash on Delivery,57366.32
9093,4181,2024-04-23,Debit Card,7211.6
15034,624,2020-08-10,UPI,5173.08
4291,2026,2025-12-24,,
669,4726,2025-07-23,UPI,28274.0
144,2152,2024-10-31,Cash on Delivery,128122.89
1043,4591,2023-08-15,UPI,334380.27
10900,979,2025-04-29,Net Banking ,345841.5
15853,1615,2025-09-05,Net Banking,92092.08
3353,3997,2023-07-28,Credit Card,59100.84
7088,4653,2021-06-08,Cash on Delivery,72748.98
18961,2986,2025-12-01,UPI,231954.87
16725,4734,2025-01-30,Cash on Delivery,297989.58
3947,396,2023-04-30,Cash on Delivery,78256.86
635,461,2024-06-02,UPI,163879.49
19325,644,2024-10-20,Credit Card,41066.56
10004,3393,2025-02-05,Debit Card,138575.08
8351,4382,2019-10-10,UPI,280534.95
15721,3679,2021-05-24,UPI,149304.2
9704,3510,2022-07-16,Cash on Delivery,257743.39
15392,3164,2024-11-17,Cash on Delivery,157278.46
17207,4344,2024-06-17,UPI,512160.13
4594,1894,2024-06-28,,271049.45
10674,3611,2025-09-20,Debit Card,108445.08
3660,2359,2023-12-24,Cash on Delivery,221272.1
6434,396,2023-12-09,,78555.54
10847,3784,2019-11-23,CREDIT CARD,105079.77
586,3094,2022-12-07,UPI,245356.17
19251,69,2023-08-16,Cash on Delivery,79785.3
1267,1074,2025-02-13,Cash on Delivery,40375.71
6129,2266,2025-05-02,Net Banking,127825.29
4209,892,2022-04-08,Net Banking,98072.62
12261,1061,2022-01-23,Cash on Delivery,346408.5
15345,1543,2021-08-14,Net Banking,153033.58
12032,1615,2025-12-12,Net Banking,363119.54
6686,2200,2024-10-23,Net Banking,89121.18
1334,4093,2023-04-29,,69964.96
4550,2674,2024-10-12, Net Banking ,160310.06
9294,1442,2024-02-12,Debit Card,154517.84
6339,152,2024-08-11,Net Banking,25857.98
19439,3557,2021-11-20,CREDIT CARD,63077.34
10610,840,2023-05-09,UPI,186237.88
14417,4826,2020-10-11,UPI,281262.9
10047,984,2025-03-21,Credit Card,306443.05
6821,4391,2023-01-20,CREDIT CARD,104901.48
18530,2817,2023-01-23,UPI,282662.77
14554,4311,2024-03-25,Cash on Delivery,45203.12
16670,3877,2023-12-15,Debit Card,119091.64
1513,2961,2025-09-30,Debit Card,61626.27
9338,809,2022-04-24,Credit Card,271539.13
19196,3724,2025-08-14,Debit Card,251489.25
7912,4436,2025-11-12,Debit Card,39347.03
19690,4675,2024-08-22,Cash on Delivery,269499.44
19521,3883,2024-08-18,Net Banking,143180.27
5866,4240,2023-02-04,Cash on Delivery,398202.86
16246,4568,2023-07-13,Net Banking,409192.79
11766,2162,2023-08-06,Cash on Delivery,82830.72
665,3476,2024-11-14,,53487.8
1569,3474,2025-04-10,Debit Card,157092.76
7330,4251,2025-10-29,Net Banking,113065.53
6427,4505,2023-01-05,UPI,273080.11
2953,928,2025-02-23,UPI,113658.32
1683,1526,2019-06-07,Cash on Delivery,21356.0
1556,1485,2024-08-15,DEBIT CARD,272792.25
8425,3958,2022-08-06,Credit Card,391903.66
16045,531,2024-06-22,Credit Card,66106.08
13088,3622,2024-07-13,debit card,209613.07
17919,808,2024-07-26,Cash on Delivery,210855.98
19530,4113,2025-11-16,Credit Card,151507.18
4928,3724,2021-09-05,Cash on Delivery,60810.38
9625,4307,2024-05-16,UPI,195607.14
9019,2825,2025-11-17,Cash on Delivery,274988.12
7339,1960,2023-10-10,Debit Card,110776.07
8376,3610,2020-04-27,Debit Card,76624.09
3705,2920,2025-09-08,UPI,176956.03
11565,995,2025-09-23,UPI,43224.12
19279,964,2020-10-15,Debit Card,272167.04
18813,4274,2025-10-02,Credit Card,98601.24
3931,1375,2025-05-31,Cash on Delivery,396423.53
962,999,2022-12-05,Debit Card,66354.92
5084,3124,2025-03-26,Debit Card,14088.72
568,3416,2025-12-10,UPI,47983.88
7897,3696,2023-05-08,Net Banking,134958.29
19170,4860,2025-03-29,Cash on Delivery,203792.99
16862,3578,2021-12-27,Credit Card,172928.82
5716,4720,2023-09-18,Debit Card,150363.9
4634,1332,2023-07-17,UPI,235388.25
14715,4199,2022-03-05,UPI,156299.37
2794,734,2024-04-21,,73486.51
1922,1228,2023-12-20,Cash on Delivery,77373.64
2280,1104,2025-07-05,Debit Card,253185.61
19865,141,2022-11-27,Credit Card,105949.82
11439,2306,2024-10-21,UPI,163475.05
5960,2821,2022-12-11, UPI ,20061.54
11647,1172,2021-05-17,Credit Card,50380.56
9759,4426,2025-05-07,Net Banking,30333.75
10071,2469,2025-07-20,Net Banking,4347.08
7669,2751,2025-09-08,Net Banking,4602.45
2369,1287,2024-10-24,Cash on Delivery,99107.07
18578,516,2023-09-10,Credit Card,205009.34
11188,4423,2023-02-17,Debit Card,249272.71
6286,397,2025-09-01,UPI,146241.41
5408,4675,2024-12-22,cash on delivery,48745.88
6140,2727,2025-08-07,Net Banking,41215.39
483,3757,2024-11-27,Debit Card,199058.2
18108,4999,2019-07-29,Net Banking,270438.69
14304,1794,2023-06-06,UPI,98693.17
9888,1096,2022-11-21,,267264.65
7493,2096,2021-04-13,Cash on Delivery,104212.47
6066,4128,2025-05-04,Credit Card,66041.37
11844,2909,2025-04-10,Credit Card,183291.12
7802,2623,2020-11-03,UPI,305863.97
5125,358,2023-09-04,Debit Card,101636.68
14837,4423,2024-04-19,Cash on Delivery,144946.76
4989,3857,2025-11-30,Credit Card,175159.49
4572,140,2025-01-01,Debit Card,79871.9
10668,1151,2025-03-28,Net Banking,22535.75
10128,1255,2023-09-30,Debit Card,123444.36
12867,4092,2025-07-24,Net Banking,121674.42
10733,3996,2022-09-29,Debit Card,264117.46
8763,2808,2021-12-17,Cash on Delivery,52424.15
1059,4060,2023-05-14,UPI,248854.52
7624,839,2024-05-30,Net Banking,240101.04
15968,4836,2019-03-03,Cash on Delivery,13474.65
10738,1781,2025-01-12,Debit Card,167350.46
1305,560,2023-11-29,Cash on Delivery,343302.77
2488,250,2024-07-23,UPI,230924.53
14326,2818,2024-10-09,Cash on Delivery,176515.7
13835,3730,2025-12-27,Credit Card,154050.62
5623,3530,2022-10-19,Cash on Delivery,107318.0
11714,1434,2025-03-31,,5633.21
12076,4592,2023-01-15,,354892.39
6774,298,2019-11-11,,65245.94
1971,4336,2021-03-03,Cash on Delivery,336972.56
6799,4891,2021-01-09,Net Banking,
5593,2638,2024-12-01,Debit Card,46859.97
5591,2740,2022-11-02,Cash on Delivery,335356.58
12284,3519,2025-10-06,Net Banking,33675.96
19721,1273,2024-09-01,UPI,74474.11
16118,73,2022-01-29,Cash On Delivery ,132024.06
9890,4925,2025-03-14,Cash on Delivery,148362.91
19956,3829,2024-02-25,Net Banking,55983.13
18941,844,2024-02-25,Debit Card,104534.39
16732,4164,2022-06-19,UPI,277157.03
4785,4883,2023-12-17,Cash on Delivery,236473.58
3903,1038,2022-04-14,Debit Card,260097.49
8390,3580,2023-09-24,Cash on Delivery,192740.44
8173,1680,2022-09-20,Net Banking ,203080.08
9098,56,2024-07-30,debit card,193825.05
4538,1344,2021-03-22,Debit Card,222565.97
2468,4895,2024-06-05,Net Banking,352506.9
11509,285,2025-05-01,UPI,108569.64
16594,4117,2021-12-31,Cash on Delivery,439284.91
17064,1976,2022-09-30,Credit Card,111591.19
19848,2892,2023-02-19,Debit Card,80529.94
13447,3425,2021-01-01,UPI,173817.4
12145,843,2023-01-14,UPI,220894.97
1689,1605,2024-06-16,UPI,418833.95
5462,2913,2024-11-28,Debit Card,410739.21
8598,1811,2023-01-24,UPI,213104.77
12720,1429,2025-08-02,Net Banking,311141.69
5877,2972,2022-09-22,UPI,264625.65
14504,4796,2024-09-28,Net Banking,88388.65
6055,918,2025-07-23,UPI,164702.97
477,1550,2024-08-25,Net Banking,138391.92
975,2727,2024-05-05,Debit Card,168520.1
1359,1139,2025-09-26,Cash on Delivery,4480.8
4607,1851,2024-07-07,Net Banking,172411.44
1633,4635,2024-10-02,Cash on Delivery,65732.6
68,1758,2023-08-28,credit card,12399.12
18768,299,2022-10-01,Net Banking,543052.82
6207,3895,2023-12-17,Debit Card,267337.73
13879,2634,2023-05-13,Credit Card,43486.76
8723,388,2025-03-25,Net Banking,148022.78
18882,2659,2023-01-24,Cash on Delivery,61740.62
5379,4963,2025-02-08,Cash on Delivery,334010.97
17259,1282,2024-03-11,UPI,182820.56
5028,3891,2022-05-14,UPI,265866.19
8799,711,2023-03-12,Debit Card,395209.44
5230,1148,2025-05-07,Debit Card,144425.0
13895,2233,2021-06-09, Net Banking ,214944.15
14961,606,2022-08-25,UPI,125094.87
6952,2045,2024-11-06,debit card,198345.45
16085,2693,2024-03-09,Net Banking,145597.69
5982,2403,2024-11-18,Debit Card,
2392,466,2023-10-12,,139118.44
4831,2350,2024-02-11,Net Banking,199870.29
15888,1472,2025-03-19,UPI,204029.74
14887,4156,2025-02-10,UPI,33718.74
7117,1098,2024-06-21,Cash on Delivery,180070.38
4968,1171,2025-04-17,Cash on Delivery,167508.84
11589,4737,2023-06-18, Cash on Delivery ,151391.93
16195,4276,2023-08-06,Net Banking,221211.46
17420,62,2025-03-18,Debit Card,297116.46
9125,3973,2025-09-04,Credit Card,37247.99
5014,1189,2022-06-02,Credit Card,283112.89
9033,491,2024-06-22,Cash on Delivery,274516.22
9473,2467,2022-11-10,Credit Card,252454.94
19083,2196,2020-01-12,Net Banking,344047.82
10773,3541,2024-03-10,Cash on Delivery,181011.83
15662,2261,2025-12-06,Credit Card,118865.55
4976,2509,2023-07-19,Net Banking,192528.99
3722,4654,2020-12-27,UPI,90516.44
7178,508,2025-09-19,Debit Card,86516.46
10353,2454,2022-10-25,,10507.6
9195,3662,2023-01-17,UPI,108348.12
9992,103,2020-02-02,Credit Card,167770.07
19053,4016,2023-12-11,Net Banking,252375.0
2451,2881,2025-10-06,Debit Card,141862.11
10707,4936,2025-05-22,Debit Card,22734.41
16497,4737,2023-04-05,Cash on Delivery,126848.91
340,3522,2025-06-29,Credit Card,228747.55
16992,776,2022-11-26,Debit Card,149780.52
17780,1575,2024-12-08,Debit Card,76412.23
2343,2758,2025-09-07,Credit Card,125684.53
9860,552,2025-07-23,Net Banking,189392.83
15733,4126,2025-02-02, Credit Card ,33642.1
10581,1456,2025-10-25, Net Banking ,105659.45
17039,121,2025-11-23,Debit Card,12070.3
19585,4483,2024-09-28,UPI,
19302,1872,2025-01-28,Debit Card,47741.04
18059,4187,2020-09-02, UPI ,190028.61
10357,2197,2022-08-25,Debit Card,300027.16
11414,1675,2024-10-11,Cash on Delivery,251662.15
7978,1242,2021-08-29,UPI,218536.36
794,578,2025-08-03,Credit Card,321892.34
3305,868,2024-05-12,UPI,32492.19
8979,3233,2025-01-04,Credit Card,272036.25
12160,2752,2024-09-05,Net Banking,73656.15
16232,1439,2023-10-17,UPI,156619.36
1684,3046,2023-11-06,UPI,
16134,4153,2024-10-04,Cash on Delivery,96554.2
1889,635,2025-05-01,Cash on Delivery,100917.45
18406,1460,2022-09-22,Cash on Delivery,151871.85
15603,838,2019-06-26,UPI,265043.81
12341,1582,2025-05-30,Credit Card,279199.18
18058,4671,2025-11-02,Debit Card ,516963.26
4186,4480,2022-11-18,,6196.8
7442,3314,2025-12-20,Credit Card,176360.26
481,713,2024-04-05,Cash on Delivery,173030.5
11330,3312,2025-04-03,Debit Card,80306.3
13040,866,2025-04-25,Net Banking,73395.3
17960,304,2022-07-01,Credit Card,208828.63
11438,2729,2023-11-27,Net Banking,229017.78
5475,4212,2022-02-12,Cash on Delivery,98977.13
3739,4105,2021-09-02,debit card,130647.43
8072,3796,2019-12-22,UPI,134629.61
2574,3680,2024-07-02,UPI,20864.92
10823,1420,2023-10-16,UPI,96905.97
18851,1182,2024-09-21,Cash on Delivery,23140.49
18324,1739,2022-09-21,UPI,252296.65
8255,4833,2021-07-31,Net Banking,49622.78
5506,892,2025-03-03,Debit Card,285148.15
1829,4313,2023-01-19,UPI,122077.42
8341,2302,2025-02-14,Net Banking,86004.7
12297,3237,2019-10-28,Debit Card,218570.86
921,1788,2025-07-28,Cash on Delivery,115241.66
3488,4952,2024-01-21,UPI,228989.28
15244,458,2020-02-07,UPI,414298.42
13802,2718,2025-02-24,Net Banking,158267.64
670,4097,2024-05-14,Upi ,232205.85
12475,1180,2023-03-16,Cash on Delivery,423995.59
941,923,2023-05-30,Net Banking,96563.19
8863,2747,2023-11-29,Debit Card,152967.35
12329,2261,2025-05-10,UPI,85299.08
2504,1586,2020-07-03,cash on delivery,180858.59
19462,4853,2022-11-07,Credit Card,70297.81
18701,3777,2025-09-22,Cash on Delivery,308541.1
8453,1484,2023-11-10,Net Banking,45390.24
17729,2670,2025-06-10,Debit Card,339692.67
17984,1363,2022-06-24,Cash on Delivery,119112.93
11993,2139,2023-10-23,Net Banking,231853.07
17860,1045,2023-04-06,Cash on Delivery,201775.35
546,1202,2021-08-14,UPI,214014.11
17826,93,2022-03-13,Cash On Delivery ,200952.82
11847,2232,2024-05-10,UPI,129625.86
15801,1318,2022-01-15,Credit Card,107741.38
899,1302,2024-03-12,Credit Card,210423.42
8560,2808,2022-04-11,UPI,390883.94
7709,2283,2025-12-21,Net Banking,97306.02
6022,4413,2025-11-29,Credit Card,168618.57
19922,1693,2021-12-29,UPI,431031.17
16420,171,2025-06-08,Cash on Delivery,247598.67
4884,1398,2021-07-13,Cash on Delivery,236673.25
8917,4466,2025-05-06,Net Banking,113935.84
14984,3534,2022-06-05,UPI,52891.1
2084,2102,2023-10-03,credit card,448462.97
8400,3001,2022-02-22,Net Banking,98276.98
16122,4873,2025-11-27,Cash on Delivery,374092.65
8273,4192,2025-08-23,Net Banking,269706.78
6830,4951,2024-09-26,Cash on Delivery,362542.27
6586,3473,2024-11-09,Debit Card,480241.39
2855,4584,2021-04-30,UPI,275643.32
10736,2868,2025-12-22,UPI,320240.08
15991,1613,2025-10-07,CREDIT CARD,269661.03
839,5000,2021-12-15,UPI,290360.57
2051,3223,2025-11-15,Credit Card,88860.23
101,4782,2025-11-05,Cash on Delivery,120534.91
16082,3780,2024-09-29, Credit Card ,107808.19
4396,4507,2025-10-03,Net Banking,469956.6
6266,2495,2025-04-16,,112443.3
11311,479,2025-06-24,Credit Card,129085.25
13071,2925,2022-05-25,Cash on Delivery,73928.52
5297,4441,2021-09-25,Debit Card,91228.3
4017,600,2024-07-22,Credit Card,222865.8
4827,1761,2024-08-23,Net Banking,304621.82
17878,3978,2024-10-10,Net Banking,169708.97
4534,4350,2024-07-31,Cash on Delivery,283347.94
8613,2181,2021-07-15,Cash on Delivery,106395.96
11937,4418,2024-09-05,Credit Card,83405.47
4581,20,2024-01-21, Credit Card ,137655.07
8027,4288,2024-09-21,Credit Card,290313.07
10994,867,2023-11-28,Debit Card,187013.25
7381,4625,2023-12-15,upi,203672.67
8311,1004,2024-01-28,Net Banking,45171.64
15494,83,2022-03-07,Cash on Delivery,369478.3
11719,459,2025-05-04,Credit Card,37009.29
14714,4570,2021-05-30,Cash on Delivery,228692.0
14048,1305,2023-11-28,UPI,119316.62
7644,1332,2023-11-24,UPI,62945.04
10173,4222,2023-07-20,UPI,155740.0
19312,4256,2022-06-11,UPI,178305.24
19932,1007,2025-10-31,Credit Card,149322.1
13689,4860,2025-04-14,Debit Card,216250.96
11995,3266,2025-11-19,UPI,78112.13
19612,4635,2022-04-25,Net Banking,223166.56
2823,3451,2021-06-20,Credit Card,197978.33
17922,2512,2024-06-12,Net Banking,188959.16
7944,3026,2020-02-17,Cash on Delivery,159345.48
18777,3349,2024-12-17,Cash on Delivery,95026.32
516,1033,2023-01-24,CREDIT CARD,144007.3
9661,4840,2024-07-13,Cash on Delivery,74395.6
13395,3596,2024-02-05,UPI,148790.93
9789,4674,2024-09-02,Credit Card,283551.98
470,3178,2024-08-08,Credit Card,297216.49
13573,4505,2021-01-20,Debit Card,162414.82
3095,1674,2023-12-30,Credit Card,241978.9
19637,4335,2024-03-12,Cash on Delivery,180596.04
4148,968,2019-12-04,Debit Card,209054.25
19146,2309,2021-05-29, Credit Card ,402464.6
12527,1992,2020-03-29,Debit Card,126201.87
10036,3480,2019-05-02,Credit Card,220712.22
11296,1161,2024-07-17,Debit Card,33299.28
16726,4061,2025-04-04,UPI,28908.99
16098,2320,2025-07-21,Net Banking,300751.97
9729,529,2025-12-19,Credit Card,43869.34
2150,903,2025-04-26, UPI ,150931.83
4441,365,2022-12-02,Net Banking,98213.84
18788,2816,2022-02-06,Credit Card,43360.53
18539,1184,2023-08-24,Cash on Delivery,100527.12
1413,2313,2023-10-01,Credit Card,215165.63
10342,4198,2025-07-08,UPI,92443.62
891,4007,2019-10-19,Debit Card,416468.08
15648,2330,2025-04-18,Debit Card,20657.22
18920,1472,2025-05-31,Cash on Delivery,90049.63
16457,2678,2024-06-20, UPI ,83010.7
17855,3913,2024-07-29,Credit Card,4342.64
4167,1500,2025-06-07,Cash on Delivery,124201.75
3990,297,2024-12-15,Credit Card,
11919,3393,2022-12-26,Credit Card,232391.95
16875,2822,2025-03-28,UPI,212075.71
14553,1391,2025-08-15,,175337.11
14928,928,2024-03-27,Credit Card,104246.65
13947,728,2023-10-11,Credit Card,78554.39
17105,1826,2023-10-06,Debit Card,142943.2
15816,4711,2025-03-26,,151308.04
19857,3249,2024-08-21,UPI,177223.63
8340,3857,2025-10-22,Credit Card,320970.48
8877,1996,2025-06-11,Cash on Delivery,430004.88
6747,4710,2025-05-27, UPI ,97395.42
19374,971,2024-11-29,UPI,14977.2
14185,938,2023-08-19,UPI,192916.71
11698,2192,2021-04-01,UPI,145318.44
4680,808,2024-11-24,Debit Card,207422.72
1315,486,2021-03-18,,208935.97
8778,2550,2025-06-24,Cash on Delivery,35318.58
3863,2556,2022-02-11,,7113.54
14593,881,2024-08-10,UPI,300200.88
8223,1527,2025-01-23,Debit Card,298628.19
1400,4457,2024-08-03,Debit Card,34548.74
2093,4858,2025-04-05,Debit Card,259985.89
7874,4561,2024-05-24,Net Banking,15537.92
4105,3966,2023-04-04,Cash on Delivery,217232.22
17397,2545,2023-03-10,Debit Card,504163.42
18773,4392,2024-08-07,Cash on Delivery,293537.19
23,3441,2023-11-23,UPI,29187.51
6233,4268,2025-05-31,Net Banking,319493.32
1928,3577,2024-11-10,Cash on Delivery,56929.88
10728,1302,2025-09-05,Credit Card,89258.08
18116,3391,2023-10-08,UPI,15769.25
3248,2935,2021-08-17,Upi ,391743.78
14264,237,2021-12-16,Credit Card,52193.05
16043,3514,2024-01-30,,145208.0
6553,1829,2021-10-19,Credit Card,221458.33
8333,233,2025-02-19,,344684.58
5020,1548,2025-06-15,CREDIT CARD,317537.29
11779,4207,2025-02-11,Credit Card,103713.88
4337,4640,2024-10-05,Net Banking,280920.34
5846,4518,2024-08-10,cash on delivery,224687.79
11440,3839,2025-03-05,Credit Card,157016.65
10623,537,2021-12-18,UPI,78321.8
18022,1247,2024-01-13,UPI,28481.07
17251,863,2024-04-30,UPI,216732.33
5928,3506,2020-07-15,Credit Card,320079.91
16297,4763,2023-03-12,Net Banking,181626.36
6260,4,2025-02-02,Debit Card,296646.53
14451,3748,2024-10-05,Debit Card,34740.9
6281,1844,2024-05-04,,259815.4
5298,3803,2023-04-15,UPI,160489.55
14811,2229,2023-05-15,UPI,120514.62
7818,1103,2022-08-03,Cash on Delivery,64962.64
7217,188,2022-10-12,Debit Card,217633.21
4801,2917,2025-02-16,Net Banking,267815.31
14084,3665,2024-06-17,Debit Card,256505.97
8874,1437,2024-08-18,UPI,223138.44
5236,3883,2025-05-28,Debit Card,81639.58
6514,1823,2021-10-09,credit card,378628.11
118,996,2025-03-14,Net Banking,201558.51
12258,3117,2022-04-26,NET BANKING,256970.17
2019,1224,2022-01-11,Debit Card,31151.5
17379,3617,2025-08-21,,
16458,4169,2025-09-04,Credit Card,251057.07
10644,1757,2023-11-30,Debit Card,108211.98
9710,145,2023-01-14,Net Banking,477701.03
8029,2509,2022-02-27,Credit Card,45313.65
4673,1838,2025-11-20,NET BANKING,435216.27
13809,263,2023-03-10,Debit Card,122952.02
10549,851,2024-11-17,Cash on Delivery,376418.49
3796,2685,2024-10-06,Credit Card,
12083,83,2023-07-26,UPI,342113.41
1570,3329,2023-09-22,Net Banking,20722.47
3151,4988,2025-09-02,Credit Card,134635.71
760,3103,2019-06-26,Credit Card,321884.71
19027,931,2023-01-23,Cash on Delivery,172704.09
6577,3737,2024-03-28,UPI,61498.24
9733,2299,2022-05-29,UPI,139073.11
14053,2420,2025-01-27,Credit Card,281673.72
2430,4243,2023-07-20,Debit Card,245069.12
19460,4489,2024-11-02,Credit Card,12702.0
12890,4679,2024-07-06,Credit Card,340278.7
10387,2243,2025-10-23,Credit Card,51762.6
15456,546,2021-06-22,Net Banking,47328.84
14391,4330,2020-12-01,Debit Card,405822.89
15144,313,2024-12-19,,219288.54
18871,1831,2025-09-06,Cash on Delivery,47690.55
3280,4829,2023-06-28,Net Banking,84339.96
7074,682,2025-04-25,Credit Card,312259.5
13444,413,2025-03-30,UPI,63868.25
19405,605,2021-10-28,Debit Card,182283.7
16731,3717,2023-06-11,UPI,401838.41
2319,2072,2024-06-06,Debit Card,125651.46
12883,2173,2024-08-04,Credit Card,69338.96
5308,4131,2025-07-15,Net Banking,41831.07
17137,401,2024-08-10,UPI,126172.92
12280,3669,2024-06-27,Debit Card,85977.15
9893,4449,2023-01-17,Credit Card,155270.88
13375,1017,2025-04-18,Credit Card,133086.96
12497,1936,2024-04-09,Net Banking,311951.46
18840,3421,2022-12-10,Net Banking,89116.86
878,1334,2025-12-18,Net Banking,107797.29
9353,2767,2024-08-21,,367896.71
11938,1223,2023-09-22,UPI,32479.12
11843,3812,2023-07-23,Debit Card,231966.84
13687,4788,2025-01-11,UPI,522077.16
10694,2637,2022-11-12,UPI,507985.55
16788,1772,2021-12-20,Net Banking,312026.08
13392,4202,2025-09-24,,154016.32
18317,4261,2025-07-11,Credit Card,90503.44
17735,2480,2023-02-09,Debit Card,247603.04
18403,3012,2025-07-04,Debit Card,6483.64
19275,296,2025-10-22,,577193.14
14123,4872,2022-01-07,Cash on Delivery,129316.83
991,1030,2024-09-09,Cash on Delivery,
11693,59,2024-06-04,CREDIT CARD,100161.93
7409,1522,2021-04-11,UPI,319867.53
16889,215,2025-09-28,Cash on Delivery,250228.25
18980,1641,2021-10-25, Credit Card ,130387.62
5519,2716,2025-06-08,Credit Card,197826.55
12050,908,2025-04-24,Net Banking,204200.95
4495,1012,2025-12-15,Credit Card,67062.65
2378,4206,2021-02-22,Cash on Delivery,136014.94
1222,4045,2022-07-13,Credit Card,535628.51
12451,3677,2023-09-02,Cash on Delivery,261065.52
19430,767,2021-04-27,Debit Card,293499.69
3038,3704,2024-06-16,Credit Card,305490.46
7971,2897,2020-07-28,Net Banking,90198.64
14689,2407,2025-02-18,Cash on Delivery,62148.66
11503,1280,2025-06-01,Credit Card,252476.91
9356,4610,2024-08-28,UPI,247706.29
15990,3445,2021-02-15,Net Banking,136580.62
7061,3226,2025-08-19,Cash on Delivery,41360.11
16421,3379,2024-06-18,Net Banking,46412.26
13618,4904,2022-12-24,Cash on Delivery,11133.44
18861,1795,2022-06-07,Net Banking,212730.74
4912,4708,2022-02-06,Debit Card,
10307,1419,2023-01-22,Net Banking,303402.84
7535,3965,2021-08-03,Credit Card,56917.04
15379,796,2023-02-22,UPI,20298.17
8071,1276,2024-11-03,Credit Card,14905.88
7588,4945,2025-06-25,upi,267812.29
18960,2613,2020-01-15,Net Banking,193456.63
9564,1996,2024-09-21,Cash on Delivery,155704.48
4086,4802,2023-01-18,UPI,48791.52
12939,2099,2020-09-02,Debit Card,71958.43
11561,2874,2023-05-15,UPI,183892.25
17177,3666,2023-05-10,UPI,295026.48
901,4854,2025-03-27,Cash on Delivery,123599.4
4335,848,2025-05-29,Credit Card,70818.0
5613,4502,2025-04-19,Debit Card,85358.84
3114,4837,2023-11-04,UPI,242119.33
4,4207,2025-05-11,Net Banking,120990.6
13367,3623,2024-10-14,Net Banking,152768.22
12429,657,2024-10-07,Cash on Delivery,216335.5
2688,3399,2025-12-08,Cash on Delivery,71125.72
7083,3125,2025-07-16,Cash on Delivery,472593.96
746,1281,2025-09-23,Nan ,98024.2
2360,4275,2024-07-09,Debit Card,115703.95
12298,3309,2023-08-02,Credit Card ,262665.43
16979,3588,2023-07-05,Credit Card,189956.95
15752,3762,2025-07-15,Debit Card,224518.95
233,1891,2024-09-06,CREDIT CARD,11442.73
5101,2723,2024-10-13,Credit Card,296560.97
1099,4731,2024-05-30,UPI,200383.73
13545,2024,2021-02-05,UPI,293489.48
16173,1734,2024-03-04,Debit Card,45246.51
1603,1545,2022-04-04,Net Banking,119066.65
12490,1841,2024-05-19,Cash on Delivery,265027.01
6818,3890,2022-07-07,Credit Card,150903.53
11287,452,2025-10-03,Debit Card,199030.96
3752,3768,2025-02-20, Credit Card ,203953.92
12346,1128,2021-12-10,Debit Card,99200.94
8269,2500,2023-12-15,Debit Card,204225.57
12768,805,2024-08-25,UPI,376694.2
14166,2202,2023-06-19,Net Banking,22482.4
7806,2962,2021-05-24,UPI,262388.56
13520,2860,2024-09-28,Cash on Delivery,101829.04
15220,3958,2025-09-21,Net Banking,117506.55
7969,2626,2020-04-09,UPI,73811.76
366,155,2024-09-05,UPI,168599.31
13455,1871,2025-06-06,Debit Card,174487.04
17380,1791,2025-03-04,Cash on Delivery,186146.18
7587,3996,2022-02-22,UPI,180315.92
6311,3099,2023-06-22,cash on delivery,81893.72
6408,1482,2022-11-30,Credit Card,211756.4
4916,3150,2024-04-12,Net Banking,216429.9
6933,3661,2024-05-16,net banking,224269.36
5529,4086,2025-11-22,Cash on Delivery,89343.84
11623,4315,2024-08-30,Debit Card,58238.29
19105,1701,2023-11-12,Net Banking,371558.02
14413,4848,2024-02-28,UPI,60922.41
13214,433,2024-04-20,Net Banking,195026.33
11119,3973,2025-11-15,Credit Card,159581.21
1847,430,2023-01-29,Cash on Delivery,
11882,1715,2023-12-29,Credit Card,76109.24
2394,2219,2023-11-27,Credit Card,411607.44
14493,3212,2025-07-24,Net Banking,18032.77
16963,3137,2022-09-02,Credit Card,232317.46
13348,3378,2025-01-07,Debit Card,384780.28
17819,4657,2024-05-30,Net Banking,226444.98
4280,4438,2023-12-04,Net Banking ,154576.83
10395,1388,2025-07-13,Net Banking,115871.43
17958,906,2025-06-27,Net Banking,117073.29
19727,2787,2025-05-21,Net Banking,162719.7
5263,2353,2023-03-03,Cash on Delivery,258594.28
2422,3021,2023-11-20,Net Banking,386221.14
10209,4783,2023-10-25,Net Banking,34102.62
6342,3422,2025-08-27,Debit Card,245272.88
12055,3670,2025-06-29,Cash on Delivery,27968.3
274,1846,2020-11-18, nan ,186910.65
895,756,2025-02-02,UPI,115600.18
17136,566,2023-09-04,UPI,206220.56
17815,4942,2025-12-23,Net Banking,303377.87
15038,2765,2025-01-19,Cash on Delivery,6527.94
832,2345,2022-07-16,Net Banking,123218.95
2450,1867,2025-06-01,Net Banking,237613.18
45,1201,2022-05-13,upi,13470.74
10556,2682,2024-02-19,Net Banking,317848.91
5824,1367,2020-06-24,CASH ON DELIVERY,123863.44
10551,3313,2022-11-30,Net Banking,124803.39
18484,348,2025-03-23,Cash on Delivery,413284.11
16071,4816,2025-09-26,,76473.28
11534,687,2023-07-09,Debit Card,108709.01
13625,3186,2023-12-07,UPI,248103.24
761,1226,2019-10-29,Net Banking,403638.66
5399,3214,2024-06-10,Net Banking,116265.25
18041,1392,2025-12-20,Net Banking,138732.44
15822,4442,2023-08-09,Debit Card,187353.81
10608,1234,2023-03-28,Credit Card,248780.43
14291,4081,2020-02-23,Debit Card,159291.52
2188,2548,2021-01-01,Net Banking,3132.2
12563,2787,2024-04-05,,42002.7
2691,2105,2025-01-13,UPI,1867.06
9104,3082,2023-11-06,UPI,156057.15
3462,1649,2025-10-18,Credit Card,213142.75
16018,4872,2024-03-09,UPI,61217.12
18655,3389,2021-04-26,Debit Card,38843.54
17302,4571,2025-01-03,,57458.08
14270,1615,2025-07-17,Credit Card,160478.95
13189,3345,2024-06-14,Credit Card,175508.63
3691,2684,2025-07-25,UPI,230937.1
17296,1719,2020-03-30,Debit Card,59780.85
17554,4541,2025-03-25,UPI,93587.61
18005,256,2020-01-13,Debit Card,208030.14
2714,3583,2022-05-18,UPI,121366.74
7795,1041,2023-10-17,Cash on Delivery,59376.64
1312,520,2025-09-20,UPI,
16563,3471,2023-01-04,UPI,14197.14
16802,4514,2022-03-27,Debit Card,306952.05
9606,2623,2023-04-08,Debit Card,88793.1
2654,2119,2024-11-05,Cash on Delivery,11964.42
14149,610,2025-07-11,Cash on Delivery,224203.01
15146,1909,2024-03-27,UPI,329447.92
14986,4577,2024-07-27,,170405.91
12165,2425,2025-07-28,Cash on Delivery,9457.23
9951,3531,2024-01-10,Cash on Delivery,27359.05
11585,2744,2023-10-21,Net Banking,281365.47
16659,4653,2022-12-19,Debit Card,308165.82
14248,2854,2025-02-23,Credit Card,175413.95
405,3538,2019-12-14,Debit Card,158262.35
6996,4965,2024-11-11,Debit Card,120627.23
8785,1784,2025-03-30,Net Banking,61886.76
14725,555,2024-07-09,Cash on Delivery,11093.48
7956,584,2025-01-05,Debit Card,199092.0
12810,443,2022-06-24,Credit Card,325691.97
9695,3588,2021-02-18,UPI,386969.27
8290,803,2024-08-30,Debit Card,12185.11
12604,1289,2025-02-18,Cash On Delivery ,310945.57
9431,4913,2025-12-31,Cash on Delivery,52096.18
17009,1384,2025-02-07,UPI,
898,918,2024-05-23,Credit Card,370007.68
3350,1926,2022-09-21,UPI,210422.89
211,4310,2024-02-18,Debit Card,150979.66
12806,2609,2025-01-02, Net Banking ,168539.05
1297,1105,2019-08-26,Net Banking,40056.66
1649,3270,2020-06-19,Credit Card,227375.14
18300,3292,2024-02-24,Cash on Delivery,15411.93
17546,403,2024-04-27,Debit Card,349112.76
7306,3813,2020-03-03,UPI,179418.14
13726,4447,2025-05-25,Cash on Delivery,300683.39
11093,560,2023-10-03,UPI,139172.59
2720,4938,2022-08-27,Cash on Delivery,222726.69
5284,3568,2024-02-26,,228478.64
3476,4225,2020-12-03,Debit Card,
2454,182,2022-11-24,UPI,244612.98
10573,1825,2021-06-02,Debit Card,117475.81
14756,4051,2025-04-11,Cash on Delivery,107014.92
2074,2468,2024-08-18,Debit Card,477840.86
5423,2773,2023-06-15,Cash On Delivery ,324162.44
7087,1961,2024-08-27,UPI,203296.38
19787,1448,2023-10-12,Cash on Delivery,329642.2
13303,4634,2023-01-04,Net Banking,346826.17
7750,3198,2024-05-10,Cash on Delivery,41818.98
8765,513,2023-01-23,,289129.16
4117,3220,2025-06-02,Cash on Delivery,202135.65
8234,2015,2025-03-07,Net Banking,320373.24
8740,4640,2024-11-04,Net Banking,244138.27
6437,4356,2020-12-09,UPI,169925.71
6077,4348,2024-05-05,UPI,197657.44
2973,3542,2024-08-23,Credit Card,
12079,3340,2021-06-05,Net Banking,30882.73
18847,248,2024-12-08,UPI,180721.88
13488,3359,2024-09-25,Net Banking,166040.8
2185,1981,2025-07-23,Cash on Delivery,322749.04
16868,3708,2022-10-27,Credit Card,410910.87
13548,3725,2023-07-18,Net Banking,33193.38
3879,3539,2024-05-13,Cash on Delivery,274821.96
18372,4426,2024-12-14,,366686.3
5416,1749,2025-12-02,Debit Card,18634.12
7011,240,2024-09-01,Debit Card ,203724.81
14116,969,2024-02-14,Debit Card,4145.82
9082,1227,2025-02-12,Cash on Delivery,373932.2
11811,1980,2022-04-21,Net Banking,134449.72
19804,445,2025-10-08,UPI,213490.8
16406,607,2024-12-12,Net Banking,146373.2
10826,4288,2024-03-12,UPI,85136.45
2520,4556,2025-01-08,Credit Card,117471.56
10913,3707,2021-11-21,UPI,74550.14
8518,2693,2024-01-18,Credit Card,206377.08
9024,504,2024-10-30,Cash on Delivery,196287.72
9265,3427,2023-10-07,Debit Card,242924.83
1614,2958,2024-06-07,Credit Card,364647.64
3375,4562,2025-07-09,Credit Card,198687.63
4678,2349,2023-06-07,,205157.95
19141,1136,2025-08-21,Credit Card,237686.3
7392,973,2020-07-26,Credit Card ,13003.4
4930,3657,2024-10-18,Cash on Delivery,82393.9
9936,4646,2022-09-14,,215480.97
11710,539,2024-04-16,Cash On Delivery ,179632.09
13133,4464,2025-07-31,Debit Card,209796.53
7396,4881,2024-04-14,UPI,471142.53
12879,2208,2024-04-29,Debit Card,275156.2
8849,1770,2024-04-08,Credit Card,139117.48
18171,2229,2022-04-29,Credit Card,142491.22
10137,1967,2021-09-29,Net Banking ,286468.26
2656,583,2023-06-09,Debit Card,53239.4
13207,2096,2024-01-13,Credit Card,2781.48
16867,3606,2024-04-19,CREDIT CARD,220543.7
7518,3009,2019-09-06,Net Banking,248793.58
9812,2104,2022-05-27,Debit Card,251920.55
14916,1767,2022-11-22,Credit Card,32159.14
1561,2975,2025-03-24,UPI,259032.02
9592,4682,2024-04-22,UPI,173728.73
3668,555,2024-06-23,UPI,179397.69
5226,1349,2025-06-18,Debit Card,298612.52
614,4892,2024-10-07,Cash on Delivery,34379.25
9851,2673,2024-08-14,UPI,123889.16
8603,3658,2025-04-25,Cash on Delivery,92281.4
16610,2876,2025-06-22,Credit Card,115225.2
18400,2825,2024-05-13,Debit Card,173880.03
3394,404,2023-05-07,Net Banking,71165.8
10243,4999,2025-09-08,Net Banking,
12909,1464,2025-01-11,Debit Card,126412.23
18067,854,2025-06-02,Debit Card,9281.13
15385,1684,2021-05-02,Net Banking,155511.39
3246,4131,2022-05-04,Net Banking,157424.81
17396,2520,2024-02-11,Cash on Delivery,231245.12
7752,1326,2021-09-22,Debit Card,290701.92
3225,4159,2024-09-23,,99429.9
17787,4,2022-08-05,Debit Card,73164.35
18738,4618,2024-03-25,Debit Card,416143.66
2792,2581,2024-07-20,UPI,
19983,3935,2023-11-30,Debit Card,28876.5
14583,2815,2021-02-24,UPI,151414.72
18845,4370,2025-08-14,Credit Card,50931.48
10013,1411,2023-08-16,UPI,69134.48
4216,3147,2024-04-22, Cash on Delivery ,4983.53
16077,1787,2024-09-30,Debit Card,297117.71
5939,2876,2025-04-23,Net Banking,156426.55
15575,4154,2020-08-11,Net Banking,195686.54
3773,2540,2023-09-30,Cash on Delivery,289871.57
13700,1750,2019-02-27,Debit Card,153916.29
18332,2520,2022-02-11,Debit Card,114126.07
9199,2845,2025-08-03,Debit Card,325163.0
18237,4080,2023-03-01,Credit Card,114501.21
4642,2632,2023-04-17,Debit Card,320917.75
3234,131,2024-07-20,Net Banking,24082.5
4519,311,2020-10-22,Cash on Delivery,72929.58
13480,547,2024-11-23,Debit Card,82215.16
7181,3215,2025-07-19,,418715.06
19226,3383,2024-10-21,Net Banking,288463.94
10269,12,2023-06-17,Net Banking,272470.18
2687,3924,2023-05-13,Debit Card,272190.3
15231,4276,2025-12-31,Debit Card,428411.3
14086,1830,2024-04-26,Cash on Delivery,257429.05
17044,3645,2020-07-02,Net Banking,114201.71
1465,948,2024-07-09,Net Banking,185787.45
5135,644,2025-04-23, UPI ,371693.93
7659,3436,2024-08-06,Net Banking,137430.6
12807,4674,2025-02-18,UPI,231441.9
988,1247,2025-07-08,Credit Card,184872.51
12468,1033,2025-08-18,UPI,251420.28
2875,4630,2024-12-28,Debit Card,237616.45
1728,3715,2023-02-06,UPI,256728.04
5237,111,2024-09-07,Upi ,143684.61
2664,3273,2025-12-17,Debit Card,24799.88
8795,4610,2025-05-02,,78894.44
16338,4269,2025-03-01,Credit Card,221079.29
19150,1749,2024-01-26,UPI,240959.3
10997,1873,2021-02-01,UPI,225500.26
6534,2039,2024-07-09,Cash on Delivery,312291.64
11665,58,2025-11-03,,282426.72
15467,2148,2022-11-29,Credit Card,
3449,3245,2025-06-13,Cash on Delivery,166241.58
12915,2776,2025-10-09,Credit Card,200035.29
16193,1214,2022-09-01,Cash on Delivery,83519.87
471,2592,2019-05-05,UPI,178647.0
4033,4846,2023-12-21,Net Banking,127005.06
6384,4822,2025-09-02,Net Banking,98306.94
18881,1095,2025-06-15,Cash on Delivery,103111.95
8586,1315,2024-12-13,UPI,
2693,1556,2025-02-01,Credit Card,73588.63
14958,3212,2023-02-26,UPI,256253.82
10113,3529,2024-06-25,Credit Card,165365.94
7993,1118,2025-02-28,Credit Card,214076.56
9288,1538,2025-05-13,nan,65388.92
19090,1460,2024-06-29,Cash on Delivery,379282.27
10041,1266,2023-04-24,UPI,153268.56
9908,4753,2025-06-26,Debit Card,235714.05
5829,4641,2022-08-19,Upi ,
2831,4217,2023-06-08,UPI,341875.83
13620,2582,2025-02-23,Cash on Delivery,9545.69
11386,4545,2020-06-13,Upi ,432848.79
18844,2379,2023-03-22,,78560.16
4608,3024,2022-11-22,Cash on Delivery,180062.24
10329,4997,2024-10-30,Credit Card,167112.66
10867,1081,2023-11-02,Net Banking,165533.66
9540,2514,2025-07-05,upi,526002.06
8001,338,2022-12-02,Cash on Delivery,234968.56
19492,1879,2023-06-03,Net Banking,317333.0
8063,610,2024-06-27,Credit Card,71154.98
14282,3672,2022-04-08,Debit Card,242458.5
4682,3524,2021-12-05,Debit Card,48647.32
12652,1344,2023-07-16, nan ,194798.48
14062,3139,2022-12-25,Debit Card,269070.93
9980,2815,2022-07-02,Cash on Delivery,179270.0
3068,956,2023-12-27,Credit Card,192312.0
9148,2243,2025-08-09,UPI,218166.89
15265,3336,2023-11-11,Net Banking,187307.49
15377,3171,2021-09-09,Debit Card,196692.8
6487,4626,2025-11-28,,386234.74
6462,265,2022-09-22,UPI,148895.68
14681,2693,2024-09-01,Credit Card,58500.64
15267,947,2025-01-27,debit card,
8880,2551,2023-04-07,Debit Card,61275.95
18486,4155,2024-11-11,Net Banking ,200345.06
18371,982,2025-07-21,UPI,63763.51
6318,1737,2023-07-23,CASH ON DELIVERY,36433.24
6211,3434,2023-12-03,Cash on Delivery,289257.45
7913,401,2024-06-10,Net Banking,242274.71
8568,2504,2022-10-11,Credit Card,23413.37
6926,1807,2022-07-26,Debit Card,20091.07
13941,763,2024-08-24,UPI,85149.68
19811,1862,2025-04-08,,19027.04
18781,273,2025-05-30,Net Banking,21189.2
2817,3899,2023-05-08,Debit Card,372530.08
19895,1242,2021-09-02,Net Banking,266786.18
17527,1419,2020-06-18,Debit Card,27140.4
9027,1317,2020-08-23,Cash on Delivery,405693.61
19385,3454,2021-06-11,UPI,24839.99
16668,1239,2021-09-29,Net Banking,13047.09
19186,3430,2025-05-10,,17137.42
11078,1284,2024-12-12,Upi ,326108.48
13528,2923,2022-12-24,,113172.68
17763,1758,2025-06-26,Net Banking,110811.47
2805,1353,2025-12-28,Cash on Delivery,157212.12
7347,16,2025-04-19,UPI,474680.61
15877,1003,2025-01-03,Cash on Delivery,194813.65
7288,4970,2024-12-26,Cash on Delivery,296484.26
13302,507,2023-10-18,Credit Card,174301.74
18415,1309,2025-06-02,Credit Card,170205.24
3657,2559,2024-06-28,UPI,44750.13
4859,398,2022-03-08,,175931.61
17280,2367,2022-01-22,UPI,291535.55
7328,3735,2022-10-19,Cash on Delivery,275561.65
11563,4799,2025-07-13,Debit Card,355229.11
19936,4050,2025-06-15, UPI ,265542.61
6837,1965,2025-03-13,Debit Card,195291.97
2622,227,2025-04-15,UPI,156358.92
6908,1592,2024-11-12,Credit Card,120278.54
11536,1886,2025-05-26,Debit Card,154713.75
14308,3953,2025-08-26,Net Banking,95862.79
10221,646,2024-11-04,Cash on Delivery,27073.26
14023,1148,2019-07-13,Net Banking,53416.65
6559,2141,2025-05-21,Cash on Delivery,76004.88
15954,4066,2022-08-09,UPI,9762.69
13756,477,2025-10-21,UPI,394640.4
2359,3350,2024-11-04,UPI,486259.92
5705,1727,2025-10-15,Net Banking ,153302.83
2350,318,2023-08-31,Credit Card,53822.46
7386,3661,2022-12-29,Credit Card,214795.45
5065,249,2022-02-04,Debit Card,233942.7
1145,932,2025-04-01,Cash on Delivery,306791.65
12697,3666,2023-11-29,Credit Card,168994.14
12196,287,2023-12-27,net banking,238974.98
16209,221,2024-05-09,Cash on Delivery,245432.21
3682,1457,2021-04-04,UPI,194477.64
12207,3677,2023-02-15,Debit Card,
10027,4396,2024-08-22,Debit Card,124266.44
7910,843,2024-04-27,UPI,214856.51
13933,1466,2022-01-09,Credit Card,245667.15
295,3945,2025-09-23, Cash on Delivery ,9761.06
6836,2999,2023-03-19,Cash on Delivery,155440.51
13501,4531,2024-03-18,Debit Card,280905.67
8114,260,2024-04-10,UPI,156172.72
9134,2165,2021-02-11,Debit Card,200915.82
13368,239,2022-03-18,Debit Card,115273.57
12562,4051,2023-03-29,Credit Card,403599.55
11603,3211,2022-06-14,Cash on Delivery,175495.72
12016,4117,2025-12-10,Net Banking,151430.56
10836,1547,2025-06-21,UPI,215298.42
5966,1001,2024-09-01,Net Banking,41226.98
19954,3369,2023-12-17,Cash on Delivery,535193.56
11572,4108,2022-07-17,Cash on Delivery,305314.46
6889,2252,2024-07-14,Cash on Delivery,232844.35
3192,3752,2025-12-01,Net Banking,392266.22
5911,3017,2023-05-20,UPI,264515.27
11408,2994,2024-01-28,Credit Card,25102.98
6470,1156,2025-07-16,Credit Card,90139.95
19674,3517,2022-03-17,Credit Card,306903.39
17172,3459,2025-09-12,Debit Card,285894.82
11402,4954,2022-12-06,Cash On Delivery ,45049.4
13662,4600,2023-03-10,Net Banking,110964.93
5045,684,2020-07-23,Debit Card,41121.45
19608,4759,2025-11-02,Debit Card,63019.14
17245,3242,2024-10-07,UPI,285754.99
16109,1152,2020-08-20,Debit Card,122842.82
19835,1803,2023-01-16,Debit Card,174177.68
8991,3981,2022-03-25,UPI,6666.14
15943,794,2023-01-12,Cash on Delivery,162666.82
10732,4902,2025-06-21,Cash on Delivery,174245.63
564,3408,2025-04-23,Debit Card,32553.51
17244,2388,2021-07-06,Credit Card,16684.62
10756,7,2023-01-25,Cash on Delivery,85411.03
5353,3683,2023-10-11,UPI,6954.89
18905,3342,2024-08-14,Debit Card,227102.44
13151,2105,2024-12-27,Credit Card,258384.02
17545,2644,2024-11-08,,170263.85
1858,4116,2024-08-30,Net Banking,29400.83
19429,2841,2024-08-13,cash on delivery,474.9
19102,1965,2025-06-28,Cash on Delivery,44254.4
14372,650,2025-01-18,UPI,69736.8
12659,2787,2025-12-30,Net Banking,331826.03
6568,2685,2023-07-20,Cash on Delivery,170570.81
16667,1790,2019-12-25,Credit Card,6325.32
9875,2401,2022-10-14,Credit Card,23656.26
18125,1835,2022-12-24,credit card,404672.94
11326,4759,2025-02-13,Credit Card,206857.32
18483,836,2021-02-19,Net Banking,242035.67
2903,3417,2022-03-29,Credit Card,221954.21
12290,683,2025-04-05,Debit Card,228594.01
14047,4843,2024-04-07,,169715.84
6346,2858,2025-03-05,Net Banking,202258.55
8316,1555,2022-03-27,Net Banking,246406.86
1282,2753,2021-09-20,Net Banking,67512.77
16132,1218,2023-05-03,Credit Card,282811.95
18505,169,2021-07-05,Net Banking,192430.9
13448,2662,2022-09-11,Debit Card,125658.51
15936,986,2021-07-27,debit card,168541.64
9982,3589,2023-12-24,,165457.23
11700,2208,2024-11-16,Credit Card,20212.95
9543,1391,2024-12-11,Credit Card,71681.86
5324,3736,2025-10-24,Net Banking,148571.02
5801,450,2024-08-30,Credit Card,118177.66
10078,4124,2024-04-01,Debit Card,47140.25
2052,4224,2024-08-19,Debit Card,2250.2
8993,1150,2023-02-16,UPI,325695.06
5936,3031,2022-04-16,UPI,283616.27
14150,801,2022-04-22,UPI,265097.16
4974,4999,2025-04-30,UPI,206607.0
6112,3704,2024-03-15,Cash on Delivery,57191.06
11107,388,2023-08-05,credit card,174648.44
17191,1485,2021-02-12,Cash on Delivery,274147.73
7998,2384,2024-09-29,Credit Card,288890.8
2964,1372,2024-11-22,Cash On Delivery ,267057.53
5649,192,2023-05-18,Debit Card,63033.47
11854,1170,2025-01-13,UPI,228646.89
3264,3912,2024-06-26,Credit Card,253467.86
2730,2563,2025-12-02,,248817.92
10703,2538,2024-04-16,Net Banking,58206.87
182,2540,2025-01-15,Credit Card,65395.05
16841,108,2024-12-16,Cash on Delivery,168154.05
12378,3096,2023-10-07,Debit Card,28029.08
1871,3534,2024-09-21,,145692.35
14456,2436,2025-01-10,,152950.63
7677,2437,2022-08-05,Cash on Delivery,5340.82
14616,3689,2025-06-13,UPI,9432.3
5581,4817,2025-10-03,Cash on Delivery,99078.28
4154,2982,2022-07-08,Cash on Delivery,64783.66
9511,3117,2025-01-28,Cash on Delivery,167669.32
9687,4776,2022-02-27,,38014.69
16774,4392,2024-11-10,Debit Card,102232.56
18078,2547,2022-06-11,Net Banking,198308.16
6330,1476,2024-06-09,Cash on Delivery,184085.73
16689,2635,2025-02-23,Debit Card,334233.9
14008,4138,2024-11-05,Credit Card,156749.14
12195,1197,2024-05-16,Net Banking,343613.45
16335,4943,2025-01-23,UPI,251277.98
17726,896,2024-05-06,Cash on Delivery,64086.04
9052,2533,2023-05-24,UPI,136368.06
15416,4739,2024-12-20,Net Banking,121276.3
205,3913,2025-05-24,Cash on Delivery,242430.72
8395,4818,2019-06-01,Debit Card,294457.75
9026,3740,2020-10-25,Credit Card,
9402,1179,2024-12-22,Debit Card,255405.34
2347,3834,2025-08-22,Net Banking,222259.12
6866,2785,2024-04-04,UPI,147419.7
139,12,2024-08-21,UPI,120238.5
8906,540,2025-04-10,Net Banking,471899.32
886,1263,2020-11-24,CREDIT CARD,172565.83
1130,3863,2020-06-24,UPI,175785.78
14478,4847,2022-09-13,UPI,251085.83
17171,2382,2023-06-19,UPI,33693.4
8873,392,2025-08-09,UPI,227170.97
359,247,2024-09-09,Cash on Delivery,137166.59
11807,619,2025-09-28,Cash on Delivery,116940.09
3785,853,2025-03-03,Net Banking,301337.88
10646,3353,2024-06-26,Cash on Delivery,3824.69
3316,2773,2023-03-04,Debit Card,33678.48
17684,1218,2025-02-21,Debit Card,87338.46
17268,4448,2025-12-07,Cash on Delivery,135711.6
11716,2465,2022-05-25,Debit Card,221371.18
13164,3629,2022-02-07,Debit Card,208115.99
19045,3261,2020-04-25,UPI,184036.26
17707,3319,2022-05-01,net banking,293482.92
2542,942,2025-04-09,Debit Card,107678.6
18757,717,2024-01-28,UPI,
11721,2404,2023-05-01,UPI,211943.55
11893,239,2024-12-08,UPI,193246.59
1348,2247,2023-11-21,Debit Card,216584.49
17131,4389,2023-06-09,UPI,312079.62
10929,4832,2021-12-10,Credit Card,2093.3
4621,4752,2019-11-30,Debit Card,241416.15
8463,4296,2025-06-10,Debit Card,433387.85
14375,985,2020-12-02,Cash on Delivery,
16194,79,2022-08-08, Credit Card ,74506.89
15410,783,2025-03-28,Net Banking,286390.13
4933,470,2024-12-31,Net Banking,331162.84
2137,2947,2020-04-20,Credit Card,267519.38
18767,4367,2019-07-27,UPI,92806.71
18989,1349,2022-06-25,Net Banking,105735.06
19708,2391,2023-09-13,Debit Card,380151.21
13645,4646,2023-02-06,Debit Card,44825.7
16877,2242,2019-12-26,,19367.61
6299,2590,2021-10-25,Debit Card,83561.85
421,4347,2025-10-12,,185127.81
11819,1299,2024-06-14,UPI,70929.56
5830,4709,2025-01-28,Credit Card,264250.81
19619,2705,2023-02-11,UPI,170267.84
1171,4293,2023-09-29,UPI,33337.13
18804,959,2024-01-19,Debit Card,248752.71
13796,3989,2025-11-02,Debit Card,120265.52
14422,907,2025-01-15,Debit Card,156135.42
16721,1823,2023-03-19,Credit Card,69857.28
9317,1576,2025-06-28,CREDIT CARD,296545.1
18043,4780,2025-07-20,Net Banking,139644.41
1602,3047,2024-03-28,Net Banking,14675.82
7134,615,2023-07-11,Credit Card,254856.18
1321,4547,2025-09-19,Net Banking,255064.54
5814,61,2021-10-15,UPI,243379.03
11733,388,2025-01-15,Debit Card,15413.98
7461,1638,2025-02-14,Net Banking,69922.08
2561,2387,2024-10-20,credit card,91802.62
9186,904,2025-11-07,Cash on Delivery,42634.8
8456,534,2024-06-06,Debit Card,188198.59
5730,1289,2024-08-22,Debit Card,192936.56
3768,4010,2024-03-24,Cash on Delivery,81392.93
18635,3806,2021-08-06,UPI,269407.2
393,873,2020-03-03,UPI,65314.26
1835,1606,2024-07-16,UPI,209407.96
13498,2000,2024-06-07,Debit Card,163344.73
2312,1056,2023-02-04,Net Banking,45617.7
10364,4048,2022-04-05,Net Banking,373002.2
1897,1477,2024-11-18,Net Banking,91708.06
8280,803,2024-10-08,Cash on Delivery,121022.07
12308,1520,2023-10-18,Credit Card,245702.3
5240,201,2024-08-30,UPI,160240.86
13177,2392,2024-08-02,Cash on Delivery,69326.7
5141,3368,2025-12-15,UPI,36159.79
19826,2443,2023-02-19,cash on delivery,119082.96
11511,921,2025-03-03,Net Banking,415452.26
18417,2399,2023-03-09,Net Banking,364861.9
607,3280,2024-07-25,UPI,217404.36
14030,2408,2025-12-12,Debit Card,97290.9
18893,4552,2021-08-02,Credit Card,47711.94
11173,2606,2024-11-07,Debit Card,301049.32
13682,4836,2022-07-28,Debit Card,111925.16
7590,4048,2024-07-20,Cash on Delivery,462761.22
15311,930,2025-08-07,Cash on Delivery,22375.41
14835,148,2024-08-14,UPI,151269.6
6225,2505,2024-06-27,Debit Card,352312.15
3908,2020,2023-09-12,Cash on Delivery,82052.52
7407,3411,2024-03-10, Debit Card ,393472.51
19243,1549,2024-07-22,UPI,409366.46
8655,1947,2024-12-05,Debit Card,52077.3
1828,1383,2024-02-27,Cash on Delivery,323935.9
11864,2504,2022-04-10,Credit Card,247740.88
15585,4576,2024-08-10,Credit Card,471914.04
19845,3266,2024-07-12,Net Banking,493263.04
17405,3128,2025-06-20,Debit Card,384707.63
16553,3744,2025-10-18,UPI,201906.53
8889,663,2024-11-16,UPI,185672.2
18359,16,2023-01-13,Cash on Delivery,265388.43
5180,3045,2024-02-09,Net Banking,281437.7
14390,1914,2025-11-29,Net Banking,156871.72
6760,4698,2025-12-23,,78341.09
9197,3905,2023-02-28,Net Banking,374391.35
15278,4699,2021-12-09,UPI,7115.27
5242,181,2025-10-18,UPI,203841.64
7914,3818,2024-06-01,cash on delivery,370838.56
2597,3058,2023-07-04,Net Banking,150861.39
8448,3016,2025-06-14,Net Banking,27845.35
19519,3011,2020-01-20,Credit Card,121743.36
10418,3742,2023-11-04,Net Banking,95271.57
11670,3371,2025-10-11,NAN,103143.75
1994,907,2024-03-28,Credit Card,
18627,2721,2022-12-27,Credit Card,80927.35
13848,687,2023-10-17,Cash on Delivery,354101.46
19820,187,2024-11-20,Net Banking,31635.7
4656,3457,2022-08-22,UPI,157153.86
4307,3485,2024-09-01,UPI,260061.38
16215,1409,2025-06-07,Net Banking,145347.22
13134,438,2023-06-27,Cash on Delivery,431727.64
8449,3160,2021-09-07,Debit Card,102747.48
12320,3335,2025-04-16,Net Banking ,67100.19
16331,203,2025-02-28,Debit Card,214159.98
132,909,2025-11-04,UPI,145868.37
4830,1124,2019-11-19,UPI,296052.83
2900,2088,2024-07-22,Credit Card,371181.21
675,2836,2025-08-09,Cash on Delivery,251971.08
19703,4087,2024-02-22,Upi ,147575.74
12919,1433,2024-09-29,Cash on Delivery,171214.29
6929,1611,2024-08-29,Cash on Delivery,86651.06
4821,2723,2024-07-25,Credit Card,55309.8
7997,4676,2020-07-17,Credit Card,159778.36
858,4655,2023-11-24,UPI,324481.53
8162,2658,2025-04-28,UPI,75714.35
16286,1571,2025-09-14,,58764.15
9533,1010,2023-06-06,,28444.48
13386,1492,2024-01-11,Debit Card,52505.68
17551,3503,2023-08-18,UPI,132576.2
7184,132,2019-12-03,Credit Card,401121.53
13047,3068,2025-05-05,UPI,398236.48
12101,824,2023-01-28,,
17719,3454,2025-05-14,,426729.75
16811,2918,2024-01-05,Cash on Delivery,98982.8
1403,1207,2025-01-27,UPI,131692.02
1082,1842,2024-09-14,UPI,93568.45
183,1655,2019-09-01,Cash on Delivery,177205.68
8330,4080,2024-10-17,Credit Card,285576.0
1951,4460,2025-09-26,upi,369270.95
14386,1554,2023-01-09,UPI,40215.2
19773,2535,2024-01-11,Cash on Delivery,476340.09
9446,14,2024-10-06,Nan ,256591.52
3852,4716,2025-11-25,Cash on Delivery,162499.25
5667,4992,2022-01-12, Credit Card ,111818.58
6088,3488,2024-01-30,Debit Card,287484.74
5638,1966,2024-11-04,UPI,137710.53
5702,2567,2023-05-24,Cash on Delivery,62783.18
15875,1408,2025-08-30,Cash on Delivery,264257.83
16586,2454,2023-05-01,UPI,250383.36
8266,4808,2022-12-19,Debit Card,182823.91
19258,2054,2024-03-23,,517133.17
12248,2405,2025-03-02,Net Banking,409969.79
14211,3330,2025-09-14,UPI,226325.62
462,4148,2023-06-17,Cash on Delivery,401253.76
11267,476,2024-05-28,Net Banking,156616.16
15561,29,2025-03-30,Credit Card,101242.4
17739,2719,2023-10-15,Debit Card,145713.55
7170,2886,2022-12-18,Net Banking,12885.0
16179,4787,2025-10-16,,229444.95
12431,320,2025-07-27,Cash on Delivery,377281.51
17838,2076,2024-09-25,Net Banking,208979.76
12950,2511,2024-03-30,Debit Card,275220.4
2106,3027,2024-07-09,UPI,232339.09
17325,3553,2023-04-03, Cash on Delivery ,121164.75
15292,2821,2021-08-24,UPI,210323.72
7677,2437,2022-08-05,Cash on Delivery,5340.82
5161,1298,2024-11-21,Credit Card,109987.9
41,2994,2025-03-08,Cash on Delivery,103792.99
2469,2119,2024-08-11,Credit Card,58847.97
14459,3449,2022-10-13,Cash on Delivery,162321.33
15773,2015,2025-10-07,UPI,86411.52
1758,3575,2024-05-08,Credit Card,212450.08
19351,91,2021-10-18,Debit Card,76829.69
16033,2203,2025-08-25,Debit Card,212742.91
16137,119,2023-07-03,upi,228165.99
3395,2279,2022-03-22,Credit Card,96936.15
5433,4596,2025-02-16,Debit Card,200950.2
19977,2021,2024-10-12,Cash on Delivery,232806.42
14505,105,2024-02-09,UPI,
7252,560,2024-05-09,Cash on Delivery,264455.48
5874,359,2023-12-27,Debit Card,206654.9
6516,4025,2024-06-12,Debit Card,46630.84
17893,2640,2024-12-04,Credit Card,154752.96
865,2479,2022-12-23,Debit Card,195308.35
9210,4210,2025-06-29,,145566.8
13434,2410,2023-09-01,UPI,384234.16
4901,2397,2022-07-11,Cash on Delivery,175869.34
14852,3000,2024-08-11,UPI,34497.6
7111,347,2024-12-05,Cash on Delivery,71925.66
9411,2145,2024-10-19,Debit Card,72088.1
2729,632,2025-12-21,UPI,108865.95
14013,2120,2023-04-20,Net Banking,156339.65
1821,246,2022-09-05,Cash on Delivery,4838.16
5744,4173,2025-01-22,Credit Card,15488.1
10962,2623,2024-07-10,Debit Card,304956.71
522,4724,2025-09-12,Net Banking,307507.12
1958,3018,2024-08-24,Debit Card,114695.77
8898,3213,2022-09-28,Cash on Delivery,406206.58
5585,173,2024-11-29,Credit Card,189714.0
10812,1688,2024-09-15,UPI,86787.57
15656,2204,2023-02-20,Cash on Delivery,17819.9
18901,4039,2024-09-28,Debit Card,55704.25
15445,830,2023-05-13,Net Banking,333479.2
13193,1699,2021-12-30,Debit Card,82641.25
17549,2464,2023-09-22,Net Banking,251414.63
4914,2505,2023-08-10,Upi ,296245.51
3920,542,2025-10-29,Cash on Delivery,183459.93
11613,4127,2024-03-11,Upi ,327169.18
16781,4474,2020-12-26,Net Banking,50069.52
2043,1219,2024-11-12,Cash on Delivery,163779.13
6013,1785,2024-09-29,Net Banking,410995.36
913,254,2022-03-01,Net Banking,99256.86
15389,1930,2023-04-03,Net Banking,175256.25
9768,3523,2023-01-08, Debit Card ,155224.8
5006,966,2023-08-12,Credit Card,377342.74
13311,2737,2023-07-17, Cash on Delivery ,
3790,1484,2024-05-23,CASH ON DELIVERY,99257.2
9006,4911,2025-07-19,Cash on Delivery,28176.54
15529,533,2025-03-31,Net Banking ,301117.65
6511,2892,2020-10-01,Cash on Delivery,237029.7
9990,4329,2024-12-09,Debit Card,17491.84
14136,710,2023-12-02,Net Banking,138296.0
15436,3666,2025-10-17,Debit Card,180057.4
7012,77,2024-04-12,UPI,289575.01
4658,523,2025-10-10,,388844.07
9360,1641,2025-07-17,Net Banking,41912.99
9668,216,2024-07-11,,94505.67
7377,4160,2025-10-02,UPI,469080.19
17804,2016,2021-02-12,credit card,41034.0
10520,4459,2024-11-17,UPI,178100.31
7852,1937,2025-12-31,Debit Card,79716.94
4811,2901,2023-01-07,Cash on Delivery,334368.88
5680,2848,2025-11-09,Net Banking ,218512.18
19392,4083,2023-04-27,Credit Card,345311.08
13827,1909,2024-10-29,Cash on Delivery,175669.79
18383,254,2025-10-25,Credit Card,215427.19
13445,1423,2025-05-01,Debit Card,215897.98
18579,2365,2024-12-29,Credit Card,307195.43
12959,3653,2025-12-19,Credit Card,286256.46
14994,2307,2025-12-13,Credit Card,143129.05
11676,1927,2025-04-09,CASH ON DELIVERY,191437.1
69,2311,2025-03-15,Net Banking,189387.29
4569,3368,2025-07-27,Net Banking,141534.88
2085,4724,2023-12-14,Cash on Delivery,230288.27
3765,762,2022-06-17,Debit Card,25896.1
15443,872,2023-04-23,Debit Card,185438.64
17749,3832,2021-10-12,Credit Card,148058.04
2445,4359,2025-06-12,credit card,358436.86
12447,2496,2024-02-08,,290991.25
1307,488,2025-03-09,Net Banking,256032.76
7257,1271,2025-03-23,Cash on Delivery,149283.1
3041,486,2023-02-18,Net Banking,546653.42
18528,3606,2025-06-25,UPI,124790.59
15174,3357,2024-09-28,Debit Card,251492.61
18027,2718,2022-10-23,UPI,111303.68
2383,183,2022-10-01,Net Banking,105948.76
16111,4947,2021-01-23,Net Banking,291053.03
4158,2597,2025-05-02,Net Banking,107752.11
2259,2895,2023-10-16,Cash on Delivery,121327.36
13570,3981,2019-03-03,Credit Card,110009.45
19714,2635,2024-07-02,Net Banking,110267.41
9415,1139,2024-04-12,Net Banking ,64546.76
7863,698,2025-01-31, Debit Card ,228488.73
14914,4868,2023-01-01,UPI,77439.3
8760,2016,2020-04-20,Credit Card,288659.96
7927,3503,2024-07-23,Net Banking,416843.09
5155,1076,2023-04-22,Net Banking,263078.23
1131,4451,2025-08-08,Debit Card,226224.12
4454,1270,2022-09-24,Debit Card ,481269.62
3667,115,2024-08-28,UPI,272519.22
6183,3150,2025-06-30,Credit Card,135791.57
11254,1579,2025-03-03,Credit Card,295307.78
362,3159,2025-04-05,Debit Card,201980.51
5318,3628,2022-05-31,Credit Card,
2949,1945,2025-11-07,UPI,22914.4
6381,4247,2021-09-24,UPI,188903.88
13002,435,2024-03-17,Cash on Delivery,112826.41
18284,3268,2021-08-08,Debit Card,148852.05
5049,2308,2020-12-31,Debit Card,210570.72
16044,2988,2019-03-20,Cash on Delivery,341883.76
9696,4470,2024-11-08,Net Banking,199772.89
13436,4563,2022-01-04,Net Banking,334391.91
5205,1845,2022-08-07,CASH ON DELIVERY,86814.45
10902,372,2024-09-13,UPI,42910.06
14111,4054,2021-06-05,Credit Card,69819.36
16692,4091,2024-03-13,net banking,154957.24
15652,4156,2022-11-08,Credit Card,164305.23
19015,2455,2024-04-28,Credit Card,140023.42
3477,116,2022-12-18,Debit Card,215294.11
8921,4428,2023-11-15,Net Banking,62599.34
288,2533,2023-01-27,Credit Card,91433.68
11265,3176,2023-09-25,Debit Card,199975.15
1193,4207,2025-04-24,Credit Card,128222.28
1959,1586,2024-03-25,,75517.95
2121,407,2023-03-15,Cash on Delivery,178736.23
8058,1104,2023-07-24,,219123.55
9999,2505,2024-01-25,UPI,276633.76
6215,1935,2022-12-26,Cash on Delivery,
5847,1677,2025-08-12,Debit Card,92176.44
16449,1570,2023-07-12,UPI,277113.97
1108,83,2024-09-20,UPI,7396.41
3748,3431,2023-02-18,Net Banking,35607.66
10320,2026,2024-07-14,Cash on Delivery,198201.0
14396,876,2025-05-26,,127802.52
19281,1449,2025-01-25,Net Banking,251105.97
19746,3684,2025-08-12,Net Banking,52279.38
15708,1502,2025-05-18,UPI,165626.64
4311,2278,2025-09-21,Debit Card,383484.04
397,4451,2025-03-30,Net Banking,72274.88
11125,2449,2022-03-29,Net Banking,188053.55
19649,2407,2025-12-23,Net Banking,121714.25
9878,385,2025-01-17,Cash on Delivery,258667.31
11486,3056,2023-08-14,Debit Card,129855.0
15215,2807,2021-06-05,Credit Card,188686.47
19375,3795,2025-07-02,Credit Card,146765.5
19329,4180,2023-12-25, UPI ,135191.45
4588,1711,2025-02-07,,250253.12
6028,2678,2021-11-11,Cash on Delivery,103311.0
763,1856,2023-01-09,Cash on Delivery,208463.38
1164,658,2024-06-10,UPI,
16883,486,2021-04-10,Net Banking,112081.3
7473,2860,2025-07-17,UPI,227594.33
6379,1476,2025-07-06,Net Banking,112576.56
14825,1819,2025-11-07,UPI,269929.53
1184,3619,2025-01-05,Credit Card,
7372,3245,2025-06-01,Net Banking,171105.35
19164,2267,2020-07-27,Cash on Delivery,75408.75
4023,424,2022-11-08,UPI,9550.15
1705,267,2024-12-22,CREDIT CARD,187081.32
3224,4942,2024-10-18,Credit Card,54869.97
7106,554,2022-02-25,Debit Card,199497.97
4482,3657,2025-09-25,Cash on Delivery,62481.77
2041,505,2025-03-23,Debit Card,253106.93
13326,645,2022-04-06,Credit Card,188243.2
15500,3960,2025-04-02,UPI,203768.9
14429,770,2022-12-22,,181341.7
18589,1860,2022-09-18,UPI,219616.6
1848,1703,2024-08-14,Cash on Delivery,128552.62
9563,4773,2025-05-05,Cash on Delivery,156286.16
1749,3665,2021-10-03,debit card,269273.84
10135,4242,2022-05-13,Credit Card,206297.4
16682,1148,2022-04-08,Credit Card,192542.33
16799,2031,2024-09-20,Cash on Delivery,261659.4
15881,534,2024-10-08,Credit Card,157129.65
19051,975,2022-10-19,Credit Card,161087.48
2293,544,2020-08-25,UPI,351516.41
14631,3514,2024-10-31,UPI,240905.26
2551,197,2020-04-27,Cash on Delivery,75100.23
18165,4170,2020-02-22,,177208.21
19365,4741,2025-03-16,upi,12454.15
16141,4159,2025-08-06,Debit Card,4769.06
12833,1929,2022-10-19,UPI,272895.71
1665,2203,2025-04-04,Credit Card,20626.64
19880,4679,2020-07-01,Debit Card,480607.63
7053,2506,2025-11-20,Upi ,133719.55
9465,61,2021-08-04,Credit Card,
13685,2233,2019-10-01,Credit Card,
18267,732,2023-11-11,Credit Card,157388.37
13531,4198,2024-05-16,Net Banking,11578.38
11635,4297,2023-08-02,Credit Card,193876.76
16653,3214,2024-10-25,Cash on Delivery,79044.24
11611,4153,2024-02-13,Cash on Delivery,
8764,3466,2025-09-30,,332245.32
19452,541,2024-01-16,Credit Card,118577.42
4720,289,2025-09-18,Cash on Delivery,19526.67
6340,1136,2025-02-15,UPI,357640.07
13223,298,2023-02-24,Cash on Delivery,492340.06
18553,2685,2022-05-15,Net Banking,258582.29
8256,677,2025-11-17,Debit Card,185757.68
15537,2255,2024-11-01,Credit Card,16076.44
17712,4155,2025-05-22,Cash on Delivery,121525.15
16234,1000,2025-09-28,Net Banking,169854.47
9513,1370,2025-02-18,Credit Card,144765.2
14855,944,2023-06-20,UPI,
18398,3640,2021-03-04,UPI,163250.48
13244,895,2025-05-31,UPI,258636.53
4767,3056,2022-09-08,Credit Card,143373.98
10375,960,2023-06-21,Credit Card,103862.91
1931,623,2024-11-19, UPI ,58941.53
19175,4886,2022-07-13,UPI,101382.75
10699,3774,2025-02-22,Debit Card,188561.02
11902,4075,2021-03-17,Net Banking,289598.51
9215,2064,2023-04-08,Debit Card,171921.04
10526,2157,2023-05-13,,163388.4
12355,2274,2023-11-01,,83426.18
6258,4587,2023-06-24,Net Banking,79341.76
15784,1176,2024-05-02,Debit Card,283010.48
2400,2758,2022-11-23,UPI,113201.1
6848,8,2024-09-20,UPI,154477.36
1420,957,2020-11-01,Cash on Delivery,139837.26
5156,1306,2024-10-22,Net Banking,141160.02
15688,2915,2024-08-26,Cash on Delivery,124937.82
9870,3320,2022-06-29,Debit Card,483146.2
2316,2276,2025-01-06,Cash on Delivery,339742.19
17301,2820,2023-01-30,,455640.09
504,3913,2025-06-23,,187036.2
6615,4299,2020-05-22,Credit Card,231895.76
18820,2662,2020-07-20,Debit Card,96498.04
3651,1497,2025-11-04,Cash on Delivery,201834.05
6331,1028,2025-02-13,Net Banking,71702.82
838,2567,2020-09-02,UPI,145759.56
4496,880,2025-02-03,Cash on Delivery,68749.26
1476,1694,2025-10-23,UPI,228157.43
10752,2843,2024-10-27,Debit Card,351123.28
4240,4561,2022-07-29,Cash on Delivery,125406.46
18586,4004,2025-11-21,UPI,481395.73
12820,2720,2025-09-05,Net Banking,106773.09
8076,848,2025-05-23,Cash on Delivery,21521.47
18636,2854,2024-10-16,Net Banking,90250.4
13216,1573,2025-02-09,,227601.15
5385,3289,2024-08-26,Cash on Delivery,196731.93
1021,1744,2025-06-16,Credit Card,120059.05
3622,4266,2024-11-23,debit card,234140.97
7945,4655,2025-03-09,Net Banking,7391.16
3142,2109,2024-02-18,UPI,154160.48
7593,963,2022-06-24,Debit Card,105263.94
14575,2851,2020-04-20,UPI,401655.73
9051,2488,2025-12-27,Net Banking,108653.48
11040,2385,2024-04-20,Debit Card,
18508,2316,2024-07-04,Credit Card,
10627,3455,2025-08-16,Cash on Delivery,84680.7
17026,1534,2025-05-27,Net Banking,228950.64
14119,1042,2021-04-07,Debit Card,132526.95
1845,2182,2023-08-27,Net Banking,311737.79
15790,467,2025-10-02,Cash on Delivery,144682.16
5987,4525,2025-03-09,Debit Card,138318.68
3184,4840,2023-03-07,UPI,188856.76
9337,2909,2025-07-09,Debit Card,3397.3
3556,2821,2020-01-10,Debit Card,133132.66
2091,496,2023-03-19,UPI,460370.62
16185,2876,2022-11-24,UPI,44627.37
13623,3045,2023-12-12,,78382.49
843,331,2023-04-10,Cash On Delivery ,217104.26
6405,1930,2023-01-03,Net Banking,115394.24
8167,3817,2022-01-23,Cash on Delivery,205531.64
12699,3343,2022-06-15,UPI,29749.25
17359,1743,2023-09-11,,4524.4
14437,3201,2025-04-04,Net Banking,12469.8
6508,1840,2025-11-24,Credit Card,368959.54
2615,379,2022-08-28,,163790.19
12972,4316,2024-06-04,Cash on Delivery,
4037,3736,2025-07-19,Debit Card,89591.04
1313,995,2025-03-24,Credit Card,179195.54
12665,4896,2023-06-27,DEBIT CARD,484196.84
3453,4123,2023-09-11,Cash on Delivery,134303.6
4133,1835,2025-11-16,Net Banking,173260.48
10504,1604,2025-07-04,Credit Card,150840.66
130,2302,2024-07-27,Credit Card,155544.84
14537,304,2025-01-19,Net Banking,87057.18
1589,2620,2024-02-18,UPI,143767.93
15260,1105,2024-04-22,Cash on Delivery,51198.33
16569,2023,2019-12-20,UPI,138305.0
8567,1762,2023-07-29,Credit Card,81562.54
16694,1832,2022-07-07,Debit Card,54887.37
15774,470,2024-02-27,Cash on Delivery,60747.58
1438,1554,2021-02-17,Debit Card,204751.89
11328,3350,2025-06-10,UPI,392478.88
18013,1642,2022-10-04,Net Banking,
5625,1920,2019-12-05,UPI,112722.27
4589,59,2023-11-28,Credit Card,538302.64
9714,3353,2022-02-25,Debit Card,285893.38
7295,4776,2025-03-20,Cash on Delivery,104432.56
1742,1250,2024-10-21,Cash on Delivery,364199.06
4540,3859,2024-10-31,,89650.93
18386,2605,2024-08-21,Credit Card,245530.92
3088,612,2022-12-12,Net Banking,270999.4
17672,3293,2023-08-16,Cash on Delivery,33509.13
5826,954,2024-10-19,Debit Card,
19756,4229,2025-12-19,Cash on Delivery,184332.9
7749,2707,2025-10-18,Cash On Delivery ,14529.65
6548,4589,2024-12-07,Net Banking,97575.6
4736,754,2024-10-07,Debit Card,57203.95
19662,3072,2023-01-21,Debit Card,38789.5
4145,3222,2024-10-14,Credit Card,253966.71
13166,4725,2020-12-13,cash on delivery,
3967,3545,2023-06-23,Cash on Delivery,104270.39
10289,283,2023-08-18,Net Banking,127095.76
13143,4788,2025-12-04,Cash on Delivery,274039.05
10181,3303,2024-07-02, Net Banking ,134345.76
15172,4789,2025-04-18,UPI,163249.78
7264,1839,2022-10-01,Cash on Delivery,466709.05
19241,3369,2021-03-15,Net Banking,325833.03
15165,4679,2020-12-13,Cash on Delivery,252596.72
14768,2928,2023-07-15,Debit Card,282588.2
16298,439,2025-10-11,Net Banking,194887.12
9953,4174,2022-08-30,,209636.01
2409,1344,2024-09-13,Cash on Delivery,132745.8
10947,3725,2025-02-15,Debit Card,396114.67
6594,2568,2025-05-25,Debit Card,70503.95
18979,4908,2024-04-19,Cash on Delivery,384437.3
18691,4279,2024-06-04,Credit Card,239294.67
6547,3446,2025-09-23,Credit Card,141645.54
1567,1685,2021-08-21,Cash on Delivery,95381.85
662,955,2024-03-23,UPI,333341.66
12208,1156,2024-10-27,Cash on Delivery,133859.09
13477,2383,2023-12-31,UPI,
12038,3320,2025-08-13,Debit Card,265601.52
4724,1650,2023-04-27,UPI,222714.22
3354,885,2021-02-13,net banking,164430.34
19135,3339,2023-03-07,,101700.78
5615,1226,2025-06-28,Credit Card,1410.88
13813,3850,2024-12-15,Cash on Delivery,198533.45
10292,4231,2024-07-21,Cash on Delivery,81291.08
3006,1602,2024-09-06,Net Banking,203076.65
1178,730,2022-07-04,Credit Card,441048.19
4520,1431,2025-02-28,Credit Card,365756.47
19198,4984,2025-10-17,Credit Card,639614.22
8210,3976,2025-06-30,UPI,176029.48
14728,2820,2024-07-08,Debit Card,510620.19
14813,4792,2024-12-31,Debit Card,217849.63
8683,4478,2022-09-23,Cash on Delivery,12197.86
13784,4760,2025-08-14,Cash on Delivery,265427.33
7558,1132,2025-10-03,Credit Card,176509.66
5545,1340,2024-10-18,Debit Card,162016.7
11527,2665,2024-01-07,Debit Card,150667.17
12370,2108,2025-08-14,Net Banking,220715.17
8222,4844,2022-06-10,UPI,228588.99
17367,1784,2024-12-27,UPI,279720.83
286,4442,2024-10-22,Net Banking,
1349,1173,2024-12-07,Net Banking,211552.85
4298,4921,2022-09-19,Credit Card,344140.45
4049,3786,2023-06-05,Net Banking,190885.5
15457,543,2020-09-24,,100530.21
14628,3825,2024-10-22,UPI,185561.65
13359,356,2024-08-30,UPI,189538.52
14035,3591,2025-12-21,Net Banking ,31704.21
7804,1537,2025-10-09,Credit Card,413764.77
4122,3196,2023-02-24,Net Banking,92776.95
16720,2045,2024-06-25,Credit Card,99298.41
67,3093,2022-04-12,Cash on Delivery,181601.72
449,2538,2024-07-21,UPI,393884.23
11253,1554,2023-12-22,Cash on Delivery,468439.73
10270,718,2023-04-06,Debit Card,234734.2
12222,2540,2025-05-01,Net Banking,79007.8
18072,3715,2025-12-25,,100546.71
4080,191,2025-11-09,UPI,189656.71
17971,4959,2024-12-06,Debit Card,
680,4996,2023-01-12,UPI,132881.99
4858,79,2024-04-19,Credit Card,316224.69
9090,2894,2023-07-17,Cash on Delivery,133051.04
1486,1267,2021-01-26,,106567.24
857,4684,2022-10-09, Net Banking ,139352.14
6798,842,2025-10-02,Debit Card,235833.26
2880,3500,2021-11-03,NET BANKING,77914.08
19448,483,2019-09-20,UPI,237673.9
9558,1987,2024-11-22,Net Banking,288661.85
1685,2804,2024-07-16,Cash on Delivery,271717.98
1759,1618,2024-01-09,Cash on Delivery,105373.92
4383,1846,2024-07-15,Credit Card,248828.74
5426,4017,2025-03-10, Debit Card ,88166.36
14201,2537,2025-09-02,Debit Card,260483.63
8925,4763,2023-07-10,Credit Card,445197.7
16559,1864,2024-06-28,UPI,330638.48
18230,3306,2025-02-07,Credit Card,79403.04
6078,32,2023-12-11,UPI,113851.48
531,192,2024-06-05,,241604.72
7843,810,2024-08-05,Debit Card,241052.93
12265,237,2024-10-30,Net Banking,112698.19
4618,3001,2025-06-24, Cash on Delivery ,184555.13
19630,3111,2023-10-06, UPI ,154564.56
125,4910,2021-04-11,Debit Card,309533.18
19791,2867,2025-01-25,Nan ,113585.98
17429,2026,2024-10-07,Cash on Delivery,293614.61
13106,1779,2020-10-16,UPI,237308.84
2028,3874,2022-05-18,Debit Card,206072.06
18303,2435,2024-09-26,Credit Card,170214.67
4354,4368,2025-10-08,Net Banking,263655.92
8310,4227,2023-02-06,net banking,121727.94
8112,3193,2023-09-12,Net Banking,136149.95
14309,4155,2024-10-16,Debit Card,352876.83
5563,727,2021-08-06,UPI,166815.85
7015,2593,2024-09-11,Cash on Delivery,257265.91
9997,1535,2024-09-01,UPI,363712.29
5252,1236,2023-12-06,Credit Card,117808.08
2313,4400,2020-11-14,Net Banking,166346.43
17825,4400,2024-10-16,Debit Card,34680.35
8726,2087,2025-04-19,Debit Card,134046.44
18315,3918,2023-07-27,UPI,177639.09
1194,257,2020-10-05,Credit Card,79859.34
9934,4745,2023-01-25,Cash On Delivery ,162017.48
16895,3637,2024-05-17,Net Banking,40915.64
5473,1676,2024-08-07,Debit Card,350782.5
11251,3346,2024-07-04, Net Banking ,78053.48
11548,2160,2025-10-19,Cash on Delivery,163521.35
3721,4690,2024-10-25,Credit Card,281028.95
10842,1479,2024-10-17,Net Banking,271724.97
17078,3383,2025-01-06,,115097.95
7219,1956,2022-03-07,Debit Card,21362.04
18703,1381,2024-04-30,Net Banking,28834.11
8533,4008,2024-08-28,UPI,419551.75
8104,4800,2022-11-03,Debit Card,40692.78
893,93,2025-05-09,Credit Card,138039.2
17592,1599,2024-07-05,UPI,334340.7
15336,2050,2022-06-07,Cash on Delivery,158773.25
9789,4674,2024-09-02,Credit Card,283551.98
10438,724,2025-06-11,UPI,295963.3
2808,4167,2024-07-15,Net Banking,133938.55
15838,2396,2025-11-17,Net Banking,59555.65
10653,1362,2022-05-18,Debit Card,278687.8
4312,4536,2022-08-25,Net Banking,166792.7
13870,4095,2025-04-04,net banking,97748.88
4740,1905,2025-09-10,Debit Card,132246.57
8221,2384,2022-05-23,debit card,199829.14
12880,2498,2024-03-07,Net Banking,32398.38
19104,4792,2025-10-22,Credit Card,133071.98
12293,2436,2021-03-23,Debit Card,224256.56
10306,22,2023-09-15,Cash on Delivery,120960.85
14067,3794,2024-01-10,Debit Card,236926.21
6006,274,2024-10-29,,200269.94
15558,1457,2020-01-04,cash on delivery,346777.17
14613,4321,2024-12-30,Net Banking,131584.65
11363,512,2025-07-09,Debit Card,187603.48
12524,4183,2024-05-24,Cash on Delivery,
9181,4152,2024-07-24,Cash on Delivery,76658.85
515,4757,2023-02-25,UPI,190898.95
18231,922,2025-05-03,UPI,53781.85
8057,3820,2023-11-02,Credit Card,180972.5
8082,4728,2024-04-03,Net Banking,112961.13
11726,3417,2022-06-16,UPI,190477.93
11620,3561,2025-11-07,Cash on Delivery,308391.37
11102,386,2025-03-26,Cash on Delivery,234675.94
10498,3028,2020-12-29,nan,165099.09
19357,613,2024-01-15,UPI,247990.85
16703,3331,2025-06-10,UPI,358749.07
13238,3018,2023-12-03,Credit Card,121708.63
1943,1191,2021-06-15,Net Banking,278652.4
2059,932,2023-08-14,Net Banking,31254.05
13971,3643,2025-09-08,,53247.22
19161,1206,2019-06-20,cash on delivery,338433.76
2102,4331,2024-02-20,Net Banking,472695.39
17839,3122,2025-06-29,Debit Card,131734.85
9844,1127,2025-03-05,Net Banking,281135.36
6697,2526,2022-10-02,Cash on Delivery,96701.02
6009,1525,2022-01-06,Cash on Delivery,88050.1
16906,4506,2023-12-20,Net Banking,200656.38
7790,4914,2024-08-16,Net Banking,68188.38
3594,8,2025-04-19,Credit Card,36129.79
16695,4523,2024-11-18,Credit Card,86123.02
3683,1474,2024-10-16,Net Banking ,117875.1
8717,479,2024-10-23,Debit Card,51422.72
12111,2071,2020-11-12,Debit Card,178183.15
9898,674,2024-07-10,Net Banking,138996.32
5245,2714,2024-03-23,Net Banking,204094.6
62,299,2025-07-23,Net Banking,61160.7
8476,691,2020-04-12,UPI,178364.97
538,2535,2022-11-08,Cash on Delivery,128109.82
4838,1208,2024-11-30,Debit Card,147398.31
19334,1133,2025-12-19,Credit Card,214690.06
170,2302,2025-07-18,Debit Card,76459.55
3664,1253,2024-05-06,Net Banking,194466.49
13616,3643,2025-11-10,Cash on Delivery,173961.95
13178,939,2024-04-22,Debit Card,136817.87
1446,4895,2023-09-20,Debit Card,134443.25
5682,1248,2022-07-11,Net Banking,271085.7
13485,1796,2025-02-08,Credit Card,86215.44
13510,2048,2025-05-05,Cash on Delivery,247859.31
17338,115,2025-01-31,Cash on Delivery,
2292,356,2022-11-09,Debit Card,148101.52
9371,3057,2024-07-15,Cash on Delivery,311578.59
9037,2936,2023-05-11,Net Banking,83117.34
9320,1604,2025-12-28,Debit Card,339302.53
15281,3291,2024-02-17,Debit Card,70821.34
5560,46,2025-05-30,Cash on Delivery,244823.08
323,3260,2024-05-04,UPI,13065.92
14239,1055,2023-12-26,UPI,259705.86
11791,486,2020-12-03,Credit Card,182092.64
2905,4600,2025-12-18,Net Banking,55269.9
5692,3630,2025-10-07,Cash on Delivery,503937.47
11143,2921,2025-11-09,UPI,560608.14
19909,193,2024-06-10,cash on delivery,287955.32
10586,4610,2024-07-21,UPI,72251.86
8479,423,2024-04-26,Net Banking,425853.95
19881,1947,2025-07-04,Debit Card,386894.46
678,1344,2025-09-29,Cash on Delivery,52072.98
11815,3803,2025-04-29,DEBIT CARD,207701.72
3520,1986,2023-07-26,Credit Card,493079.43
17613,57,2025-10-16,upi,498675.03
17629,2401,2025-05-16,UPI,144317.41
9788,1906,2023-05-04,Net Banking,
11420,4640,2025-06-19,Cash on Delivery,26424.78
5271,3126,2024-05-08,Credit Card,169927.84
13352,661,2021-01-06,Net Banking,61502.77
3528,3326,2025-06-14,Cash on Delivery,152390.12
15883,826,2023-10-31,UPI,288299.07
4556,1251,2024-02-29,Credit Card,
17863,4112,2022-10-10,Net Banking ,227592.39
6782,4696,2023-02-17,Debit Card,266578.81
6795,4096,2020-08-10,UPI,64843.02
14357,1662,2025-05-19,Credit Card,313107.61
13761,3187,2023-10-28,Net Banking,16042.4
7534,1152,2021-09-05,UPI,181220.49
19888,3358,2025-08-15,Upi ,90436.64
6164,1217,2023-12-27,UPI,187579.95
15078,2765,2025-04-06,Credit Card,340271.85
6270,3602,2024-12-18, Cash on Delivery ,282210.48
14551,447,2022-01-13,UPI,294716.58
4906,4443,2021-11-28,Credit Card,127321.1
4760,3460,2019-11-23,Credit Card,413982.0
2740,3343,2023-05-28, Credit Card ,176622.35
14698,671,2024-09-20,upi,22715.8
9405,4737,2025-09-23,Debit Card,358540.55
13958,2396,2022-06-07,UPI,321025.37
5747,4401,2025-08-23,UPI,129662.19
17010,4723,2022-03-22,Cash on Delivery,130828.8
8481,4208,2021-10-11,Credit Card,43988.3
4237,1936,2023-03-12,Cash on Delivery,116137.18
11729,722,2024-04-10,UPI,83588.18
4419,1411,2025-07-30,Credit Card,28474.96
12216,143,2025-04-08,UPI,324385.29
407,1804,2024-03-14,Debit Card,167807.07
6752,48,2020-05-03,,134756.62
4485,4974,2024-12-01,Credit Card,262744.99
695,4439,2023-09-02,Cash on Delivery,353917.62
19268,4023,2024-11-10,Debit Card,478084.78
6901,3466,2024-09-07,Credit Card,235563.96
19995,4884,2025-06-03,UPI,185966.04
14325,841,2025-04-15,Credit Card,185670.69
4435,2141,2024-05-10,,244938.3
14234,4060,2023-11-19,Debit Card,105149.79
8224,1345,2024-11-21,Debit Card,350860.33
4192,4450,2025-05-25,Net Banking,229244.36
4060,3647,2025-11-08,Cash on Delivery,33319.3
12139,1279,2024-09-08,Credit Card,30756.98
14673,3621,2025-07-13,UPI,318246.83
3516,4183,2024-09-13,Cash on Delivery,175359.19
4869,46,2022-01-21,UPI,135964.41
7973,1390,2024-03-04,Debit Card,102054.66
14075,1848,2025-08-08,Credit Card,258464.06
4170,860,2025-02-09,Credit Card,265004.62
9025,4702,2024-12-17,Cash on Delivery,214470.03
18101,1166,2021-01-10,Net Banking ,211384.36
18470,325,2024-08-29,Debit Card,220926.68
3929,777,2019-09-28,UPI,162728.25
4220,3346,2022-10-06,credit card,220046.43
12857,2940,2023-09-22,Debit Card,164069.9
978,4103,2024-07-29,Cash on Delivery,186990.34
17402,4787,2025-01-17,Net Banking,
4971,4550,2022-11-07, Credit Card ,273390.0
16431,3751,2022-09-12,Debit Card,351439.56
15988,876,2024-07-14,UPI,62406.24
7835,38,2025-02-06,Debit Card,118312.89
3377,28,2025-12-01, Cash on Delivery ,165458.01
18218,4177,2025-04-16,Debit Card,118094.67
847,465,2024-12-08,Debit Card,212845.0
4750,1114,2025-07-16, Debit Card ,87768.6
4393,4977,2021-10-11,UPI,44629.56
3797,4500,2025-04-20,UPI,361495.03
15597,722,2024-05-16,Cash on Delivery,39390.05
19239,274,2024-01-16,Credit Card,161531.65
17715,4580,2025-12-08,Debit Card,160130.43
8997,3192,2025-04-23,UPI,248163.05
18289,2591,2023-03-19,Debit Card ,333426.05
5698,1627,2025-11-13,Debit Card,392604.22
19550,2414,2024-10-09,debit card,110079.42
5891,2815,2021-06-27,Net Banking,315865.68
3312,2365,2025-02-06,Credit Card,113168.32
15528,797,2025-04-03,,12276.51
18914,138,2021-12-06,Debit Card,285064.89
10716,2433,2024-11-12,UPI,59822.79
9407,3698,2025-08-27,Credit Card,276452.24
9749,2185,2025-06-28,Net Banking,
19531,388,2025-07-13,Cash on Delivery,10466.65
3366,2535,2023-01-12,UPI,62083.92
9626,436,2024-08-23,Debit Card,154114.11
7700,851,2024-02-28,Credit Card,12157.8
2215,1893,2023-01-30,,53072.25
11373,1040,2025-12-30,Net Banking,197077.04
11244,2613,2022-06-23,Debit Card,34027.57
11835,4363,2025-08-09,Net Banking,222324.95
11159,411,2024-10-31,Net Banking,288863.49
8258,2225,2025-04-25,Net Banking,19050.77
2922,1986,2025-04-08,Cash on Delivery,167971.59
11111,2205,2024-03-05,Net Banking,27944.18
6413,3444,2024-05-12,Cash on Delivery,283587.64
10295,2969,2020-10-27,Net Banking,61683.73
10854,1078,2022-08-22,UPI,141870.48
4905,2059,2025-01-11,UPI,
5812,1307,2024-12-11,Debit Card,364739.55
6072,4269,2025-03-21,Cash on Delivery,42431.79
16222,73,2021-08-19,Cash on Delivery,150091.42
3936,979,2022-09-18, Cash on Delivery ,256873.77
8181,2063,2025-10-24,UPI,58421.16
14783,3101,2025-01-15,Credit Card,132651.26
9700,323,2024-03-13,Cash on Delivery,353349.82
17869,1711,2024-11-23,Debit Card,122686.66
9109,4707,2025-02-28,Cash on Delivery,113681.19
19236,1932,2024-01-16,Debit Card,299334.35
4958,4020,2024-04-05,Debit Card,51133.12
15052,3896,2022-10-07,Net Banking,6615.04
16116,156,2024-05-27,Cash on Delivery,84490.64
15684,4263,2025-11-08,Cash on Delivery,223861.39
18084,190,2022-02-20,Credit Card,62000.74
8165,395,2024-09-24,Credit Card,345038.53
13776,4376,2025-10-14,Debit Card,174756.22
6754,1587,2023-06-12,UPI,196469.22
5314,3460,2025-03-20,,188581.68
6701,2367,2025-01-20,cash on delivery,253343.2
1846,4020,2023-08-01,Credit Card,269601.86
19680,1193,2024-06-22,Cash on Delivery,422222.88
15944,2725,2024-03-21,Cash on Delivery,285506.57
9884,1941,2025-01-07,Cash on Delivery,73830.68
19867,569,2023-12-25,Credit Card,183059.8
6116,4566,2024-10-23,Net Banking,72721.07
15715,4267,2021-03-06,Credit Card,92351.49
14307,673,2024-07-18,Debit Card,215551.92
18744,1587,2019-04-14,CASH ON DELIVERY,295161.56
4081,799,2025-02-23,Credit Card,
16538,1518,2022-12-30,Cash on Delivery,268524.39
19458,28,2025-07-15,Cash on Delivery,203863.54
6515,475,2024-11-14,Cash On Delivery ,344211.59
14143,1592,2019-05-20,Net Banking,28987.04
3818,3028,2024-06-30,UPI,179758.2
12599,2480,2022-11-28,Credit Card,330437.98
2932,2007,2020-07-13,Cash on Delivery,305964.96
9724,2072,2024-02-10,Debit Card,26093.99
15874,3734,2023-08-13,,97647.68
7891,3964,2020-08-16,Cash on Delivery,17203.04
13481,647,2022-06-19,Net Banking,203092.39
10429,1879,2020-09-17,,290576.11
4829,799,2025-12-10,Net Banking,153960.72
11579,1470,2024-11-18,Cash on Delivery,24932.46
18736,3743,2023-10-21,Net Banking,14786.96
15332,1442,2022-11-11,Debit Card,55308.17
16008,4661,2024-11-11,Credit Card,
894,4489,2025-10-20,Net Banking,165108.12
11718,3196,2021-12-01,UPI,330314.11
6617,3439,2022-01-14,Cash on Delivery,170781.79
1699,766,2024-12-04,UPI,392736.71
15063,3727,2022-10-02,Cash on Delivery,211217.01
7351,797,2024-11-06,Debit Card,223951.21
2781,4665,2021-05-14,Cash on Delivery,64915.56
5212,1988,2022-08-14,Debit Card,315548.48
7214,3820,2025-06-25,UPI,276597.35
6060,4547,2021-02-16,Credit Card,121862.64
7152,152,2025-04-23, Cash on Delivery ,205040.71
7041,164,2025-03-02,UPI,407542.38
13536,3021,2024-08-18,Cash on Delivery,249503.24
431,1862,2021-01-13,Cash on Delivery,34762.77
6148,2093,2021-07-07,Credit Card,226517.4
14955,108,2025-09-26,Cash on Delivery,49713.76
6694,1110,2024-12-13,UPI,428925.63
8458,3952,2023-05-24,Net Banking,311636.81
3417,3277,2025-04-05,UPI,553540.91
3512,3854,2025-09-11,Credit Card,121820.64
17853,2791,2022-02-22,Cash on Delivery,
18498,106,2022-05-04,Debit Card,83234.59
17889,1126,2021-06-09,Debit Card,209697.8
8686,3444,2024-05-23,Net Banking,81316.04
18570,4492,2025-09-11,Net Banking ,394596.91
15757,4366,2025-01-08, Credit Card ,400835.05
10122,3234,2024-05-09,Cash on Delivery,209138.75
797,3812,2025-06-23,Cash on Delivery,399284.88
186,4701,2024-08-31,UPI,174961.09
501,883,2024-10-19,Net Banking,224176.74
3593,1827,2021-04-17,Net Banking,252275.96
15455,661,2021-02-24,Cash on Delivery,153058.55
19673,860,2025-06-27,Debit Card,177084.61
18143,650,2024-08-04,Debit Card,304503.74
17705,4016,2023-09-19,UPI,8579.1
13173,2560,2024-01-27,Credit Card,113822.81
11346,3477,2023-12-13,UPI,215863.5
1833,2680,2024-08-28,Cash on Delivery,153648.27
9309,4189,2022-04-04,Debit Card,131506.28
12635,970,2025-06-15,Credit Card,71970.62
16769,1769,2024-11-07,Net Banking,338124.68
18892,3847,2021-12-14,UPI,256327.91
6565,3037,2022-12-03,Cash on Delivery,
18275,894,2021-04-25,,
11248,1813,2025-03-21, Debit Card ,312789.27
18801,4046,2024-08-14,Cash on Delivery,187768.01
12181,4514,2022-09-17,Credit Card,1582.45
13716,676,2025-01-18,UPI,119763.4
8372,765,2023-10-22,Net Banking,211590.02
17573,1189,2023-02-25,UPI,127305.6
15399,182,2022-11-23,,
15188,1110,2025-05-22,,158861.4
19,4000,2021-12-25,UPI,82839.96
9901,2581,2025-07-17,DEBIT CARD,152364.73
17081,2250,2023-06-14,,206757.28
14503,2688,2020-12-31,Debit Card,220066.53
4676,3462,2024-07-14,Debit Card,53496.38
15419,3120,2024-01-27,Cash on Delivery,60139.11
2968,3837,2025-09-17,Credit Card,106155.65
15101,2643,2023-11-23,cash on delivery,192999.29
9773,1850,2025-12-05,Net Banking,
8411,1517,2021-08-10,UPI,263607.35
10932,3579,2022-10-19,Cash on Delivery,28086.2
150,1760,2025-01-30,Debit Card,141107.93
7115,4042,2025-06-21,Debit Card,60544.42
6857,4840,2025-01-15,Credit Card,170037.07
2569,869,2023-05-05,Cash on Delivery,58219.55
9750,1538,2023-08-08,Credit Card,71104.6
7272,3922,2024-12-21,Cash on Delivery,351081.93
12656,3995,2021-09-26,Net Banking,94812.16
16422,3099,2025-03-16,UPI,81962.88
15339,3417,2024-09-14,Debit Card,108274.12
4579,779,2023-01-27,Credit Card,229251.08
4255,2275,2022-01-17,Cash on Delivery,92088.16
12595,3791,2022-04-15,Net Banking,397471.81
14037,2280,2025-08-09,Debit Card,404350.09
6536,771,2025-08-03,Cash on Delivery,113784.5
4612,1230,2025-03-05,Credit Card,105450.92
5066,4188,2023-06-28,Debit Card,252875.65
9429,1796,2025-10-19,Credit Card,27136.52
1020,963,2025-04-01,Cash on Delivery,41409.85
2069,3060,2025-09-24,UPI,169340.74
19059,3275,2025-12-26,Debit Card,411283.4
8033,617,2025-03-23,Debit Card,159083.36
5342,2354,2024-09-18,Debit Card,66214.88
5228,2822,2024-11-23,CREDIT CARD,281066.6
8814,451,2025-11-21,UPI,212233.18
10633,3215,2023-07-15,UPI,124717.47
12835,1943,2023-04-18,Debit Card,136895.7
7740,4026,2025-06-21,Debit Card,211481.88
12978,2644,2024-11-08,Net Banking,
9886,3028,2021-09-29,Credit Card,152608.34
15975,859,2024-10-22,Credit Card,55852.42
14971,1313,2025-08-06,UPI,103763.05
9843,4766,2021-06-28, Debit Card ,
10293,212,2023-09-03,,143229.76
5656,2089,2023-05-07,Cash on Delivery,347610.43
3840,3765,2022-01-15,Net Banking,214226.44
15933,2565,2020-08-20,Credit Card,164042.65
1815,4454,2022-10-24,Debit Card,214843.32
4199,2630,2019-12-31,Cash on Delivery,100423.53
4181,2894,2024-09-23,UPI,127614.38
15711,4244,2025-03-22,Credit Card ,204610.93
4032,1092,2025-06-09,Credit Card,61944.79
8755,880,2024-08-23,Cash on Delivery,321249.33
18175,675,2025-07-05,Credit Card,238689.72
385,394,2024-11-03,Net Banking,124320.56
5679,3389,2021-10-18,Cash on Delivery,295612.1
426,64,2025-07-23,NET BANKING,17554.92
12071,4663,2025-05-29,Cash on Delivery,243804.34
9760,3786,2025-10-07,Net Banking,51500.69
2764,1059,2025-06-14,Cash on Delivery,117677.13
12462,2845,2024-11-28,Net Banking,213280.65
9902,2949,2024-05-08,Cash on Delivery,23491.85
2429,2731,2021-10-04,Net Banking,15748.95
18459,580,2025-12-15,Net Banking,221809.48
6918,3976,2025-11-10,UPI,127236.17
19462,4853,2022-11-07,Credit Card,70297.81
14570,2162,2025-01-29,Credit Card,187687.81
1675,2006,2023-06-23,Debit Card,601408.11
19088,1895,2025-10-17,,136722.03
15643,1911,2025-03-04,Debit Card,141806.36
1998,164,2021-08-02,UPI,2723.85
5323,2118,2023-11-03, Net Banking ,67509.72
3337,3520,2025-09-30,Cash on Delivery,371189.43
19590,1016,2022-05-08,UPI,47121.84
16975,2700,2024-03-19,Net Banking,200564.63
13073,46,2025-11-04,Net Banking,54029.31
11948,4851,2025-06-08,DEBIT CARD,209489.52
12851,3466,2024-05-09,Cash on Delivery,41233.91
5098,4051,2025-05-02,Net Banking,83040.24
10789,2526,2020-11-27,Debit Card,144815.63
9707,919,2023-01-06,UPI,48713.9
19336,4343,2025-09-21,Cash on Delivery,135562.04
18302,2960,2025-04-03,Cash on Delivery,390079.8
12393,3859,2025-10-23,Credit Card,281038.59
12593,440,2024-08-15,Credit Card,238375.74
5328,4418,2024-07-04,Cash on Delivery,52567.57
3164,2794,2025-12-04,Cash on Delivery,238476.14
3747,3060,2023-10-04,Cash on Delivery,92061.51
11369,1795,2024-11-08,UPI,181888.47
17091,503,2025-02-11,UPI,156201.71
4109,1695,2019-11-18,UPI,122091.56
8077,3518,2024-02-27,Net Banking,118363.15
8926,3098,2023-12-01,CASH ON DELIVERY,74699.01
15123,2020,2025-06-13,Credit Card,103454.88
17854,3415,2025-12-03,Debit Card,175323.24
17309,2589,2025-09-03,Credit Card,39573.4
6353,2224,2023-06-06,Net Banking,357003.97
10637,2838,2020-04-30,UPI,147176.26
16699,3140,2025-02-25,Cash on Delivery,214708.8
12336,4106,2025-01-14,Debit Card,242536.45
11242,1657,2022-03-28,Credit Card,218406.13
19516,737,2024-04-22, Cash on Delivery ,116082.27
4940,4066,2022-05-10,Net Banking,115378.02
16417,911,2023-05-17,UPI,151599.43
12365,460,2021-07-18,UPI,63683.39
7918,4767,2023-05-29,UPI,294650.91
11775,463,2025-01-13,UPI,72221.12
751,747,2025-08-10,Credit Card,27620.48
10923,4160,2024-04-17,Net Banking,74612.28
7797,1115,2023-02-25,Cash on Delivery,259638.46
19974,362,2021-01-06,Credit Card,99983.56
5359,2074,2020-01-27,UPI,295181.91
3160,1790,2025-12-09,,218422.03
17354,3863,2021-04-06,Credit Card,100148.45
819,174,2023-07-27,Cash on Delivery,159544.52
17951,3260,2024-02-29,Net Banking,158961.05
5147,909,2025-10-09,UPI,387937.55
12332,2597,2023-11-26,Credit Card,183572.96
18783,4898,2021-12-06,Credit Card,141553.62
8137,1094,2024-09-14,Cash on Delivery,
10002,4230,2025-05-29,UPI,31060.13
19309,2572,2025-04-30,UPI,80809.39
8451,3981,2023-01-07,Cash on Delivery,210274.21
1156,3512,2023-10-24,Net Banking,147599.16
16537,4324,2019-11-06,UPI,38456.67
17986,1913,2025-11-22,UPI,210013.71
9458,3832,2025-05-28,Cash on Delivery,33669.48
15632,2407,2024-08-16,UPI,169197.56
1275,2899,2025-05-24,UPI,243363.73
12133,2071,2025-03-01,Cash on Delivery,42455.01
6068,1640,2025-02-17,Cash on Delivery,201932.41
17634,2235,2024-05-11,Debit Card,374456.47
2768,3585,2021-04-16,Cash on Delivery,271320.77
6135,1070,2024-08-25,Debit Card,128790.41
4301,1895,2024-11-04,CREDIT CARD,190672.04
4789,4904,2023-08-29,Net Banking,91575.71
14846,2816,2022-11-02,Cash on Delivery,75694.32
13405,2036,2024-07-11,DEBIT CARD,244152.21
6859,2372,2023-07-18,UPI,354876.53
9803,4705,2024-02-10,UPI,226036.07
2388,2166,2023-08-07,Cash on Delivery,71320.14
996,2119,2023-12-12,Net Banking,141775.49
2806,3261,2025-03-02,Credit Card,316247.31
4994,508,2025-07-16,Net Banking,175804.16
9587,4745,2025-03-07,UPI,
16247,3341,2023-12-16,Debit Card,92889.46
7186,4401,2025-04-12,Credit Card,65934.32
2830,1672,2022-10-13,UPI,351604.98
14012,355,2024-07-16,Cash On Delivery ,325571.71
1127,1526,2022-11-01,Net Banking,158690.2
2017,2966,2024-07-02,Net Banking,131810.74
10283,622,2025-06-03,Debit Card,75762.28
9249,180,2019-04-05,Cash on Delivery,96210.06
14780,3885,2020-08-08,UPI,354863.88
18598,1651,2025-08-15,NET BANKING,258107.76
2275,760,2020-03-27,UPI,89316.82
16305,3168,2023-03-04,Net Banking,89860.13
1042,679,2023-03-07,Net Banking,209468.59
11133,208,2025-09-17,Credit Card,27135.28
2175,4239,2025-06-23,Credit Card,255043.34
15823,400,2023-07-14,Credit Card,65965.08
18614,4428,2019-03-24,Net Banking,373836.92
19486,1928,2023-02-03,Credit Card,47696.94
14764,1102,2021-07-30,Cash on Delivery,20718.12
6463,1261,2023-06-03,Cash on Delivery,
3141,2280,2024-08-21,Credit Card,454177.8
7180,3833,2022-10-05,Cash on Delivery,442332.12
8666,4789,2023-04-24,UPI,311935.38
2530,1224,2024-02-18,Net Banking,79006.66
18205,998,2024-10-06,Cash on Delivery,66035.28
588,2799,2023-11-03, Cash on Delivery ,432299.68
5587,2433,2024-02-12,Credit Card,126998.85
12366,880,2024-09-09, Net Banking ,115224.6
7099,437,2022-08-31,UPI,56576.0
10152,544,2025-10-10,Debit Card,326610.19
19313,445,2021-08-24,UPI,24735.01
13105,1035,2024-12-28,Net Banking,62935.41
12525,3852,2025-09-15,Credit Card,98198.59
187,300,2023-02-11,Net Banking,399754.13
5843,4058,2023-05-19,Cash on Delivery,52198.56
8117,227,2021-06-20,Credit Card,195183.78
5840,613,2023-08-06,Cash on Delivery,34272.49
4860,4084,2025-02-27,Debit Card,60749.22
7329,3631,2023-10-03,Debit Card,
17372,2894,2020-02-28,UPI,434684.09
4166,2668,2022-11-01,Net Banking,175632.63
17101,2668,2023-03-14,Cash on Delivery,220031.81
908,3092,2024-09-13,Credit Card,61570.79
7337,1550,2023-05-06,UPI,286513.54
692,1181,2025-06-23,CREDIT CARD,93175.85
18885,2506,2024-11-11,Cash on Delivery,417082.77
12930,1089,2023-06-28, Net Banking ,388972.83
18033,531,2022-01-27,Debit Card,341189.28
10315,3870,2022-06-19,Net Banking,75499.26
2078,2882,2022-12-19,Net Banking,224030.74
7262,3921,2024-02-17,Debit Card,
13766,3147,2023-04-21,UPI,181555.54
6445,2224,2025-04-27,Cash on Delivery,125532.6
3472,1443,2024-02-12,Cash on Delivery,169061.12
5952,4548,2024-10-05,Debit Card,306170.99
5206,11,2025-11-24,,150524.4
8094,2900,2024-09-29,Cash on Delivery,199821.4
13949,2496,2025-06-28,UPI,62302.72
6621,4307,2025-09-09,Net Banking,46961.95
298,1245,2021-01-21,Debit Card,53426.56
4503,864,2024-10-25,Cash on Delivery,471026.27
2921,1772,2020-10-08,Credit Card,146699.08
16583,3422,2025-03-15,Net Banking,79180.73
11736,2663,2025-11-16,UPI,322867.71
9675,1037,2025-07-08,Debit Card,280795.95
6700,4364,2025-10-18,Cash on Delivery,332019.35
12438,966,2023-05-19,Net Banking,19500.82
16685,3544,2024-12-16,Debit Card,352007.23
18849,4640,2025-02-28,Cash on Delivery,34978.1
7821,2156,2025-12-13,Cash on Delivery,30726.27
13798,792,2025-02-06,Net Banking,173775.22
10917,3588,2022-08-24,Credit Card,104524.98
19240,4611,2022-09-05,UPI,187017.05
12615,1681,2023-03-13,Debit Card,104389.6
13632,493,2025-02-16,Net Banking ,243276.21
18762,3614,2025-03-18,debit card,308394.15
2963,1357,2025-12-31,Credit Card,535813.84
472,4030,2025-03-29,Net Banking,311391.95
6250,2272,2024-04-11,Cash on Delivery,78965.73
12363,4190,2022-05-03,credit card,93472.29
6303,3787,2025-06-30,Net Banking,67840.4
8802,3473,2022-12-31,Cash on Delivery,244538.77
13060,1380,2025-02-21,Debit Card,180984.82
15675,838,2025-11-23,Credit Card,90994.95
5336,4352,2023-03-14,Net Banking,288054.63
19023,3365,2024-09-20,CASH ON DELIVERY,297580.39
6510,818,2022-06-06,UPI,202703.01
19777,1201,2023-11-25,Credit Card,118876.26
8629,4831,2023-07-22,Credit Card,428841.25
9007,1208,2025-01-07,Net Banking,112654.99
15829,2403,2025-01-23,Net Banking,39653.42
4306,2493,2021-01-27,Debit Card,77215.69
11290,2845,2025-07-08,Cash on Delivery,164862.71
2972,2102,2025-04-26,CREDIT CARD,78017.6
7826,3753,2024-04-10,Debit Card,83376.5
9628,1568,2025-02-18,Debit Card,80786.98
1868,2059,2024-11-16,Credit Card,259978.17
17446,1631,2024-07-05,Credit Card,300226.87
15164,3988,2025-12-09,Debit Card,390747.29
9141,1764,2023-07-03,UPI,207468.02
4413,3155,2023-10-23,Debit Card,329588.65
14397,3871,2025-05-13,UPI,257485.59
19816,4604,2021-02-06,Credit Card,352539.97
3315,4014,2025-04-26,,119409.78
16277,3554,2021-01-24,UPI,311135.65
13901,1441,2024-01-06,UPI,257186.4
10730,3674,2022-12-07,UPI,43381.94
6647,2877,2023-03-27,UPI,58717.32
126,3983,2024-08-13,Net Banking,257289.46
10775,4069,2022-08-20,Credit Card,362485.05
1578,2225,2024-05-07,UPI,200959.25
4539,344,2024-11-30, Credit Card ,156536.62
1154,1192,2025-02-15,Cash on Delivery,111821.1
12566,488,2025-02-06,Cash on Delivery,331976.66
3408,4439,2024-02-11,UPI,42757.82
17208,3551,2022-03-21,Credit Card,118935.92
1490,3939,2022-12-26,Cash on Delivery,2168.28
5635,4389,2022-01-23,Net Banking,19399.35
820,4023,2024-11-12,Net Banking,199763.1
4796,4710,2022-07-05,Cash on Delivery,105158.82
6317,3342,2025-02-28,Credit Card,121575.24
7073,4995,2021-07-05,Debit Card,27535.85
6863,305,2025-04-27,Net Banking,369933.8
14041,551,2024-12-02,Credit Card,370103.86
19692,1690,2025-06-21,Net Banking,329128.71
7879,2039,2025-10-08,Cash on Delivery,387451.8
1768,3255,2024-01-22,Credit Card,176092.85
18829,1148,2020-08-17,Debit Card,186376.85
13937,2320,2021-11-04,Cash on Delivery,113885.68
9000,4396,2025-04-12,Cash on Delivery,264686.9
9067,1563,2019-12-14,Cash On Delivery ,90733.04
12119,3074,2021-10-16,Credit Card,183774.71
1126,4074,2024-03-08,Credit Card,57633.69
19885,3361,2024-03-08,UPI,111537.52
4230,2618,2025-07-05,UPI,114039.54
16147,2408,2025-05-18,Debit Card,48807.98
1837,4779,2022-01-05,net banking,36174.44
2810,3952,2023-02-08,UPI,116964.72
12305,3914,2024-10-18,Cash on Delivery,21668.88
13928,1119,2024-01-27,Credit Card,176475.55
12436,2320,2022-11-19,UPI,34749.98
5751,1230,2025-01-13,Credit Card,388400.19
5553,2586,2025-10-29,Cash on Delivery,396095.18
2426,1597,2023-01-31,Net Banking,8636.18
10024,3479,2025-03-10,UPI,94674.37
12693,4009,2024-10-09,UPI,265097.38
2629,2531,2023-04-16,Credit Card,17155.68
17188,1430,2021-05-16,Net Banking,83650.6
9712,4667,2023-04-30,Cash on Delivery,333473.89
5087,697,2025-01-13,Credit Card,467202.76
19979,4588,2023-06-16,Debit Card,154335.78
13195,3910,2025-08-24,Debit Card,98782.6
12981,3848,2024-10-26,,544135.62
10246,4225,2025-06-29,Net Banking,93623.64
202,3152,2024-09-25,Cash on Delivery,223163.68
19933,3890,2022-05-16,Cash on Delivery,27787.19
12666,1609,2022-07-21,Credit Card,174506.46
172,4911,2025-05-31,Net Banking,258267.42
18091,3625,2022-11-10,UPI,172464.0
732,3410,2021-02-11,Debit Card,137690.47
777,2822,2025-08-23,UPI,264482.66
18440,3860,2023-04-22,Credit Card,
8096,3422,2025-06-22,Debit Card,269404.67
15635,1279,2025-10-30,,188134.3
4197,2538,2025-10-18,Debit Card,39422.5
17058,1994,2025-04-22,Debit Card,101347.92
8305,3401,2022-04-09,Credit Card,26279.02
10459,3466,2023-10-06,Net Banking,404032.89
11393,1382,2025-08-24,Debit Card,44578.94
1520,4005,2024-01-20,Cash on Delivery,26210.14
9977,3691,2025-12-20,UPI,253390.47
18639,903,2025-09-25,Cash on Delivery,82463.52
7240,3865,2024-04-02,UPI,273669.79
7769,1653,2024-06-18,UPI,252403.61
2698,4111,2024-03-14,Debit Card,149574.16
830,680,2025-03-24,upi,50668.47
15785,2463,2025-03-09,Net Banking,243043.35
14695,4545,2025-12-01,Credit Card,82558.37
943,197,2022-03-15,Debit Card,38546.7
18168,278,2024-09-09,Debit Card,87870.96
4006,3853,2020-02-29,Credit Card,138594.9
17677,3925,2024-09-02,Debit Card,278747.3
11636,3704,2022-01-27,Cash on Delivery,2775.63
14979,4242,2023-05-19,Net Banking,287595.57
12586,4503,2022-11-21,CREDIT CARD,397027.04
1795,2870,2020-03-20,UPI,
19091,203,2025-11-28,,300262.12
13892,1578,2025-10-10, Net Banking ,42807.24
16615,4063,2022-06-03,Credit Card,317139.09
10675,3249,2023-11-26,Credit Card,275155.95
1680,2189,2020-03-12,Net Banking,430444.93
4095,4827,2025-01-19,Cash on Delivery,12242.3
14194,2541,2020-08-17,UPI,102066.53
11788,1677,2025-08-15,Net Banking,66426.9
4597,864,2022-08-17,UPI,49560.81
3690,1362,2022-10-23,UPI,501051.28
11943,3243,2025-04-25,Cash on Delivery,
14401,980,2025-07-02,Cash on Delivery,18333.78
9259,2655,2019-12-31,Debit Card,193440.6
9967,1217,2021-08-25,,188576.8
9613,2867,2020-08-17,Cash on Delivery,54908.5
14020,1997,2025-09-16,Debit Card,354351.1
10197,1957,2022-07-27,Cash on Delivery,43197.06
16607,3239,2024-01-15,Cash On Delivery ,128276.47
11389,4856,2025-04-14,UPI,42423.14
6432,2066,2024-02-15,Cash on Delivery,186783.68
4596,4504,2023-05-10,Credit Card,78983.8
10577,1803,2022-07-29,Upi ,35708.2
15366,1172,2025-02-03,debit card,184846.15
2333,1930,2025-09-17,Credit Card,157547.29
13294,2138,2023-07-29,Credit Card,104221.77
10952,4961,2024-07-25,Net Banking,355377.95
16407,200,2023-12-29,Cash on Delivery,159077.7
19896,2529,2021-11-04,UPI,228874.63
13759,3343,2022-09-03,Debit Card,369074.68
7676,4028,2023-12-22,,226048.94
17321,229,2024-03-16,CASH ON DELIVERY,153933.58
2508,98,2021-08-17,Cash on Delivery,272664.58
8288,1345,2025-02-23,UPI,125174.5
6307,1959,2024-04-15,Cash on Delivery,207172.05
17286,4680,2023-03-14,Debit Card,160556.89
3884,3375,2025-05-23,Debit Card,48244.12
6778,2451,2022-09-28,Credit Card,175218.95
17454,4450,2024-12-17,Upi ,341167.72
11931,4059,2021-08-04,Credit Card,470082.19
16047,2922,2021-10-10,Cash on Delivery,321536.19
19522,36,2025-04-30,Debit Card,344625.49
15499,2121,2023-10-25,Net Banking,37132.0
6721,2653,2025-10-29,Cash on Delivery,177699.87
5170,240,2023-03-24,Credit Card,390786.18
1285,4361,2025-02-05,UPI,87381.21
14480,3411,2025-11-11,Credit Card,120355.07
7313,703,2024-04-17,Net Banking,125318.39
5981,287,2023-11-08,Cash on Delivery,57393.85
19121,53,2024-10-08,Credit Card,43590.18
19247,1818,2023-06-05,UPI,146774.25
4432,3420,2024-05-27,UPI,103770.3
14266,4218,2023-09-16,Nan ,124569.83
15315,1611,2023-09-01,Debit Card,300348.33
11350,2358,2021-09-15,UPI,3195.63
5946,894,2021-06-26,UPI,158164.33
9816,4071,2023-12-27,cash on delivery,108358.41
4619,3607,2023-02-20,Debit Card,55046.92
6496,2246,2025-03-15,Debit Card,107302.04
16768,1243,2023-11-21,Debit Card,346572.65
14068,112,2025-03-20,Credit Card,116529.43
16564,107,2023-10-18,Credit Card,40651.32
19711,1985,2022-02-20,Net Banking,34662.58
4252,1992,2023-09-21,Credit Card,
5696,1412,2023-01-24,Net Banking,176516.31
8557,2106,2023-08-05,Credit Card,13427.38
5931,658,2023-05-30,DEBIT CARD,238291.57
2840,4226,2023-03-31,Credit Card,314762.91
12986,4188,2022-05-08,Debit Card,352425.23
18121,3397,2025-04-09,Upi ,230651.65
11061,1322,2025-03-23,Credit Card,229337.82
17206,2313,2025-09-04,UPI,215075.79
1147,136,2024-07-21,DEBIT CARD,18440.69
17118,4501,2025-08-24,UPI,162090.03
14876,3923,2022-03-26,Net Banking,49420.1
4404,4834,2024-02-18,UPI,26848.1
9101,1135,2025-11-18,Credit Card,26743.68
4002,1426,2023-09-01,Debit Card,149108.9
1977,469,2023-10-31,Debit Card,241111.0
7233,2728,2023-10-27,UPI,190970.04
5991,3784,2021-01-17,net banking,334721.28
11134,4876,2023-07-25,Net Banking,173453.91
13140,861,2020-11-18,Cash on Delivery,63984.0
16341,4760,2023-05-29,Net Banking,422075.3
11955,2385,2023-01-26,Cash on Delivery,275400.35
14216,1341,2023-04-15,upi,102285.39
1583,2743,2025-04-02,Cash on Delivery,293815.92
3656,868,2024-03-03,Credit Card,221622.86
8872,4727,2019-08-26,Debit Card,325772.58
15921,2048,2024-10-13,Credit Card,329059.69
6350,2586,2025-08-09,Debit Card,126376.64
14115,3369,2023-01-16,Cash on Delivery,259206.76
7805,4643,2024-04-29,Debit Card,329752.62
237,4778,2021-02-07,Debit Card,312801.09
11457,4561,2023-02-17,UPI,161289.1
7855,829,2023-10-11,Debit Card,48888.82
7819,1271,2024-11-05,Net Banking,47596.09
8233,4080,2021-10-04,Credit Card,290236.02
9903,2021,2024-04-24,Nan ,
19338,4998,2024-05-29,Credit Card,134391.44
5197,4390,2022-09-15,Debit Card,267049.97
11969,2799,2023-12-03,Credit Card,221237.13
18348,669,2025-11-05,Cash on Delivery,154370.2
13926,2246,2023-05-28,Debit Card,91378.43
19951,1138,2025-05-23,Net Banking,5410.09
7129,483,2021-10-06,Cash on Delivery,178533.64
5138,3490,2024-05-26,Net Banking,228626.81
15313,388,2022-12-03,Credit Card,244650.44
12185,4107,2022-10-17,Debit Card,80327.57
16015,1739,2022-09-26,Cash on Delivery,62113.7
7112,756,2024-12-26,UPI,372292.69
9017,236,2023-07-17,Net Banking,69489.53
2814,4817,2023-04-29,UPI,84711.52
958,3280,2021-09-02,UPI,184727.63
16641,372,2025-01-30,Cash on Delivery,169660.73
15869,3671,2021-12-25,UPI,231249.25
8485,4315,2023-03-07,,77139.52
9938,1174,2021-11-29,UPI,90017.6
13787,288,2023-04-05,Cash on Delivery,458834.22
7146,3318,2019-10-22,Net Banking,13129.69
5374,854,2023-11-08,Net Banking,253390.55
16,1314,2024-10-11,Nan ,111384.53
11128,1392,2025-07-14,UPI,73031.79
7419,1056,2022-01-01,Debit Card,204032.28
15920,1383,2025-04-15,Net Banking,172580.46
3548,3633,2025-03-03,Debit Card,224781.78
5795,1716,2025-10-18,Credit Card,218639.36
10726,4851,2025-03-28,Upi ,45580.32
12075,2618,2024-04-15,Net Banking,364263.28
10896,2221,2024-01-29,Credit Card ,157218.7
11427,3632,2020-06-04,Net Banking,100314.68
17210,3734,2022-01-02,Cash on Delivery,29435.54
3007,255,2020-03-29,Net Banking,67651.88
19722,2455,2025-03-29,UPI,35323.54
1641,2797,2020-07-30,Debit Card,275383.25
3956,2116,2021-01-30,Net Banking,240620.45
15870,3660,2024-01-23,Cash on Delivery,90346.7
14557,4352,2021-07-04,,300550.15
15766,2670,2024-05-11,Net Banking,225536.69
7408,4044,2024-06-10,Credit Card,136848.65
19732,4028,2024-06-15,UPI,93916.75
5513,4954,2019-10-18,UPI,2069.17
4024,504,2022-09-04,UPI,172170.81
7007,2369,2024-01-20,Debit Card,91549.17
16601,136,2023-03-28,Cash on Delivery,181188.16
8413,2090,2023-07-30,UPI,340947.65
11991,2812,2022-09-03,UPI,
2171,1014,2024-10-19,Credit Card,
2749,4318,2024-05-09,UPI,12112.44
14412,3550,2024-05-06,Debit Card,9820.48
16236,2517,2025-03-25,Cash on Delivery,206762.36
18749,2621,2025-09-09,Net Banking,85221.34
4013,4681,2024-04-12,Debit Card,38509.38
13393,2934,2024-01-04,Credit Card,25671.4
4041,1530,2021-10-03,UPI,94951.76
11275,2023,2024-03-14,UPI,134930.65
17981,1703,2025-01-01,Net Banking,1833.32
4510,2262,2025-09-29,Credit Card,157161.26
6733,4176,2023-08-03,Credit Card,168700.88
8573,3020,2024-10-04,Net Banking,288391.0
573,4507,2024-02-07,Debit Card,48340.74
7107,1731,2025-03-02,UPI,146826.93
11420,4640,2025-06-19,Cash on Delivery,26424.78
3410,4911,2025-12-27,Credit Card,58119.4
8630,1534,2025-12-26,Debit Card,145535.21
12122,1877,2024-10-24,Credit Card,277479.74
17219,4413,2024-12-29,,26686.68
6327,4180,2024-08-26,NAN,125746.35
18825,2297,2022-11-11,UPI,233744.35
19372,1629,2023-06-15,Credit Card,234265.15
18036,413,2023-11-07,CASH ON DELIVERY,310064.07
4702,1978,2021-06-29,Cash on Delivery,272361.37
8334,1109,2021-06-15,Credit Card,212065.04
7335,4896,2024-12-11,UPI,70820.32
17229,2801,2025-12-20,UPI,142086.37
9981,2670,2025-10-18,,158013.28
11977,3816,2025-07-31,Net Banking,176134.84
15035,2118,2025-12-17,Debit Card,13671.71
3149,2652,2025-03-03,Cash on Delivery,333518.52
9955,2102,2025-09-02,Net Banking,53384.73
5304,4321,2024-02-13,Net Banking,364356.82
18740,2983,2023-04-28,UPI,152170.84
18814,2779,2023-12-31,Cash on Delivery,
17822,4826,2020-04-21,Net Banking,313333.98
2254,1414,2021-08-28,Net Banking,266810.18
337,2417,2021-12-11,Net Banking,127600.66
9383,4051,2024-06-13,Net Banking,124526.6
19326,2305,2022-07-14,Net Banking,88750.47
13407,3510,2024-12-14,Credit Card,107288.56
2057,4497,2025-04-19,Debit Card,247914.21
6446,2712,2023-09-15,Debit Card,82751.94
17200,4560,2022-12-15,Credit Card,230907.99
19311,170,2025-03-17,Credit Card,47511.87
10215,4081,2019-10-20,Cash on Delivery,199218.29
15917,454,2024-11-06,Cash on Delivery,94918.82
1671,1060,2024-04-22,Credit Card,85734.34
12240,1639,2023-04-07,UPI,100396.14
11540,4172,2021-02-10,Debit Card,132011.13
11962,3174,2024-01-12,Credit Card,
2770,2766,2025-04-28,Debit Card,184483.6
6584,1549,2023-07-03, Credit Card ,424285.17
13708,626,2023-03-26,UPI,38516.61
19771,3742,2023-03-09,Cash on Delivery,41219.14
14290,679,2023-06-02,Debit Card,295064.3
15148,3119,2022-05-12,Cash on Delivery,186722.96
2967,908,2023-02-19,Cash on Delivery,173869.25
9124,3413,2023-02-07,Credit Card,7387.36
10957,2346,2024-10-09,Net Banking,100408.63
17614,4617,2023-02-24,Cash on Delivery,166928.5
17802,922,2025-10-31,Debit Card,255137.71
3235,1632,2024-05-15,Credit Card,24461.24
4665,1001,2022-12-08,Cash on Delivery,238477.0
10487,3257,2023-06-19,Net Banking,453259.32
8721,158,2023-06-18,Debit Card,89484.27
9108,2702,2024-11-16,Net Banking,286237.93
17368,2448,2020-11-01,DEBIT CARD,130353.12
15143,357,2024-12-05,Net Banking,22165.9
4575,112,2025-10-16,Cash on Delivery,
8623,3888,2022-09-25,Credit Card,110951.05
4628,4282,2025-12-29,Net Banking,370803.79
10156,484,2023-12-24,UPI,432132.57
1288,4394,2024-10-02,Debit Card,24816.96
4776,2494,2023-11-02,Net Banking,118799.46
3213,2330,2024-06-21,,89137.44
11976,1809,2023-11-17,UPI,297012.93
14906,3796,2021-11-04,Cash on Delivery,256357.6
11717,378,2024-06-28,Net Banking,304074.15
15130,2758,2023-04-30,Net Banking,321289.47
13376,3845,2023-08-25,Debit Card,138509.39
11194,3352,2020-08-10,CASH ON DELIVERY,202252.85
9754,545,2024-03-13,Cash on Delivery,72304.6
706,1711,2024-12-30,Cash on Delivery,245667.09
10414,2934,2023-08-09,Credit Card,112291.63
12277,3301,2022-09-18,Cash on Delivery,140398.96
16554,1841,2022-10-23,Credit Card,162391.56
2423,873,2022-03-21,Net Banking,188386.78
14098,51,2024-05-22,Debit Card ,281720.46
10688,4911,2024-10-25,Net Banking,177269.1
4299,4996,2022-05-24,UPI,506058.27
4088,4629,2025-08-18,Cash on Delivery,903.46
2678,2954,2024-08-11,,275444.21
14968,425,2023-07-17,UPI,139458.5
12186,2140,2025-06-04,Net Banking,266234.21
14276,4540,2023-08-31,Debit Card,228595.07
498,2533,2023-04-25,Debit Card,152317.68
8736,4000,2021-05-30,Cash on Delivery,34552.85
3606,2674,2023-02-22,Net Banking,81815.16
12066,1524,2024-05-10,UPI,
6541,2470,2024-10-22,Net Banking,246757.92
6419,1580,2022-01-26,UPI,23948.99
16707,2653,2024-09-25,Debit Card,52812.49
2659,2586,2024-12-12,Net Banking,55602.5
11557,3826,2025-07-01,UPI,80797.41
1672,4212,2022-04-30,Net Banking,159712.87
2210,1571,2025-09-26,CREDIT CARD,210888.25
3331,3403,2021-06-06,Credit Card,94503.81
14415,4440,2025-06-13,UPI,95354.65
840,2453,2023-12-04,Cash on Delivery,154360.5
9793,515,2022-02-01,Net Banking,121219.49
3219,3340,2021-01-10,UPI,63431.22
9659,1811,2024-08-31,Net Banking,66585.76
3229,1658,2022-11-02,,328744.2
155,3221,2025-12-25,Debit Card,233357.13
9766,4369,2025-11-06,debit card,354467.05
11941,2305,2024-06-05,Debit Card,139446.48
16576,4039,2023-03-16,Cash on Delivery,270218.13
14096,2554,2023-02-25,Debit Card,282417.25
1092,3236,2024-01-22,Cash on Delivery,32562.06
19740,2518,2024-09-03,Credit Card,93376.72
8486,3718,2019-08-02, UPI ,183187.5
1138,1725,2023-06-26,Debit Card,205802.21
16742,1813,2024-04-24,Cash on Delivery,405780.19
56,104,2020-08-20,Credit Card,48638.1
3614,489,2025-01-13,Cash on Delivery,14190.56
158,3157,2021-01-17,CREDIT CARD,287226.61
8349,875,2024-10-20,,257941.1
17997,3461,2025-04-05,UPI,57839.28
16145,2862,2024-12-08,Debit Card,20843.96
3650,359,2025-10-20,UPI,
7270,2801,2024-05-31,Net Banking,109788.37
12626,4581,2025-09-13,Cash on Delivery,216636.55
12988,1826,2025-07-26,Debit Card,57236.35
8690,2603,2024-01-04,UPI,66334.16
4528,272,2023-04-08,Debit Card,217419.79
1011,1133,2021-01-30,,182887.63
11757,124,2021-12-23,Credit Card,257543.44
5495,1469,2023-07-28,Credit Card,62686.18
15186,2842,2019-12-07,Credit Card,118638.2
17318,434,2023-10-31,CASH ON DELIVERY,171850.94
10973,4630,2025-08-05,,90052.26
9442,1249,2024-07-10,Cash on Delivery,81358.25
17370,4431,2022-02-13,UPI,67099.53
9477,241,2024-06-08,Debit Card,188999.21
16378,3658,2024-10-15,Cash on Delivery,102857.56
7712,899,2022-02-09,Cash on Delivery,166235.1
7,2303,2025-02-15,UPI,459032.87
3333,612,2024-11-27,Credit Card,209861.08
5139,3870,2022-07-16,Credit Card,438099.4
17756,4995,2022-11-18,Credit Card,24704.33
5319,1011,2022-02-20,Net Banking,279139.52
18714,2947,2025-08-11,Cash on Delivery,138772.44
16126,4131,2022-01-04,Credit Card,372440.79
3837,1537,2025-03-29,Credit Card,54823.32
3563,1830,2024-05-20,Cash on Delivery,
10253,3881,2023-06-05,Debit Card,137665.37
7175,2488,2024-05-31,CREDIT CARD,198095.13
1637,2062,2024-02-27,Debit Card,166640.12
19038,4383,2025-11-26,,109653.5
914,3106,2024-03-18,UPI,366454.8
2606,2797,2025-06-16,Net Banking,66157.58
5858,3243,2025-08-05,Credit Card,14444.43
5523,2448,2025-10-04,Debit Card,9632.28
4415,1269,2023-12-10,Credit Card ,100325.3
16151,4777,2024-08-21,Debit Card,59096.94
7671,1038,2022-07-31,Cash on Delivery,17168.65
408,2417,2024-11-16,Debit Card,343215.61
15628,2264,2023-09-23,CASH ON DELIVERY,75611.81
1398,1823,2022-06-21,CREDIT CARD,44512.28
556,4585,2022-04-27,Cash on Delivery,115299.56
8020,3930,2022-01-03,Credit Card,459159.65
3389,4155,2024-02-29,Credit Card,144702.6
18590,3245,2023-11-02,Debit Card,57041.12
9738,3545,2023-01-24,upi,55214.9
1341,285,2024-10-19,Credit Card,28282.91
13092,691,2020-08-01,Cash on Delivery,300113.47
8817,1501,2024-11-07,UPI,292836.47
11461,2099,2021-12-05,Debit Card,102588.15
798,238,2023-03-26, Cash on Delivery ,500035.3
8226,1020,2024-09-28,Credit Card,264774.07
13509,615,2020-11-03,Net Banking,511972.24
13707,1442,2024-12-02,Credit Card,396212.85
9503,3771,2025-05-09,Credit Card,
10440,1546,2024-05-03,Cash on Delivery,186558.82
4160,3841,2024-08-08,Debit Card,122292.48
3097,4669,2020-09-08,Debit Card,75738.52
14900,3339,2023-01-05,Cash on Delivery,222445.34
16292,1831,2025-04-20,Net Banking,174201.0
15100,1149,2023-03-22,Cash on Delivery,187721.24
5865,1822,2024-06-20,Credit Card,100533.01
11755,1434,2024-10-12,UPI,283794.41
8354,3585,2024-03-26,UPI,21609.3
2856,133,2025-03-10,Credit Card,172314.01
17139,2947,2021-03-16,Debit Card,162019.6
17378,564,2022-05-05,UPI,105581.49
5522,584,2025-11-18,Credit Card,139122.48
19500,4164,2024-09-13,Debit Card,75833.1
16430,328,2024-12-23,Cash on Delivery,207032.86
12285,777,2021-12-14,DEBIT CARD,53042.16
14566,3934,2023-06-08,Net Banking,364207.94
18874,2471,2023-02-24,,174150.52
7731,2247,2024-10-12,,
5597,1221,2025-08-16,Credit Card,185132.38
13838,2030,2024-04-25,Cash on Delivery,240024.63
14558,1918,2024-11-26,Net Banking,463203.64
13329,1272,2024-05-08,Debit Card,103240.32
9852,4512,2025-07-07,Cash on Delivery,125695.25
16905,1329,2024-07-21,Credit Card,230997.61
9916,3498,2023-09-23,cash on delivery,158535.78
16928,4410,2023-09-27,Cash on Delivery,27279.6
15812,3624,2024-04-02,Cash on Delivery,428005.18
11090,4879,2023-11-04,Cash on Delivery,444346.46
11531,3286,2020-05-05,Debit Card,130075.95
18044,1917,2023-05-23,Net Banking,28464.25
9907,1975,2024-09-06,Cash on Delivery,152699.52
10806,2474,2021-03-25,Cash on Delivery,364414.42
5498,4064,2025-08-30,UPI,429541.49
1572,3442,2022-03-24,upi,128668.6
10165,3445,2022-09-26,DEBIT CARD,224174.22
13857,4890,2025-11-13,Cash on Delivery,140634.05
12559,314,2025-10-12,CASH ON DELIVERY,270677.7
3047,4979,2024-04-06,Credit Card,4680.55
4166,2668,2022-11-01,Net Banking,175632.63
13569,3215,2024-07-04,UPI,71317.38
18604,2563,2025-09-03,UPI,349553.5
14434,1074,2024-08-27,UPI,95949.88
13355,2542,2025-07-05,Cash on Delivery,103161.24
18099,3513,2025-05-01,Debit Card,119508.59
16143,4642,2025-12-18,net banking,106802.18
12765,12,2023-08-11,Credit Card,307254.65
19438,3532,2025-09-09,UPI,33112.23
13251,993,2025-01-22,Net Banking,45429.1
15898,3918,2025-03-17,UPI,306089.32
8380,4717,2022-11-07,Debit Card,120437.23
1102,500,2022-04-12,Cash on Delivery,32088.99
11554,940,2025-07-16,Net Banking,44814.0
3320,900,2024-05-23,Debit Card,431416.21
4723,442,2024-07-21,Net Banking,127983.98
17766,580,2025-03-18,Net Banking,9531.08
13918,1049,2023-01-03,Debit Card,91037.88
4198,3379,2023-04-26,Debit Card,122232.72
19269,1752,2024-11-17,Net Banking,93583.71
2267,4384,2025-08-12,Cash on Delivery,204385.16
18476,667,2025-05-13,UPI,114686.48
17272,4710,2023-11-11,UPI,250861.5
6727,914,2024-04-06,NAN,
11206,3520,2025-05-17,Debit Card,323785.93
612,1843,2025-07-08,Net Banking,114376.94
18390,1426,2023-01-04,UPI,183426.7
10543,3742,2023-06-08,Net Banking,60399.87
7492,2731,2021-06-20,Net Banking,224623.87
3864,3247,2024-01-02,Net Banking,41932.42
18247,4311,2024-10-21,Debit Card,355806.54
17609,3294,2024-12-26,Net Banking,312976.01
9440,157,2024-09-24,Net Banking,196948.19
3698,3256,2024-07-25,Credit Card,114878.54
4745,3942,2022-02-19,UPI,240439.37
16593,2699,2023-10-09,Cash on Delivery,106151.32
13183,797,2025-01-06,Debit Card,282002.98
4465,4434,2024-09-02,UPI,366155.65
11238,2425,2025-11-05,Cash on Delivery,26100.45
6707,303,2024-10-30,Credit Card,
18015,4677,2025-02-08,Net Banking,197943.44
16057,1671,2024-10-11,Cash on Delivery,141589.12
6512,629,2024-12-30,UPI,239569.94
5054,3770,2025-10-23,UPI,211034.68
4962,1725,2023-01-18,Debit Card,82928.1
7274,2063,2025-02-03,Debit Card,282608.14
10845,1341,2023-12-10,Debit Card,23518.7
14313,3940,2025-04-11,Cash on Delivery,270421.71
2672,1516,2023-06-27,Cash on Delivery,83511.74
17995,76,2024-10-15,Debit Card,126294.08
9470,2923,2022-12-30,Net Banking,338440.64
5733,496,2024-11-22,Debit Card,174686.65
12080,3950,2023-06-22,Cash on Delivery,364279.64
11209,287,2020-02-15,UPI,327026.86
18445,1679,2024-06-07,Credit Card,46357.15
16223,2886,2022-03-28,UPI,55706.35
5492,3040,2022-12-02,Cash on Delivery,59479.59
8580,3948,2024-04-06,UPI,30761.87
4662,616,2020-08-14,Cash on Delivery,124918.66
8912,3473,2025-04-11,Credit Card,352612.35
12686,3220,2024-05-09,Net Banking,47939.56
1965,2209,2023-03-08,UPI,31247.55
11880,1759,2025-09-05,Net Banking,164329.1
346,941,2025-06-01,Net Banking,115265.88
969,596,2025-02-27,Net Banking,200588.22
9167,838,2024-03-09,Credit Card,202468.97
3339,4750,2025-02-23,Net Banking,179983.27
2783,4421,2024-10-08,Net Banking,9321.96
16635,1578,2025-09-12,UPI,119220.37
6507,3179,2024-02-21,UPI,
12645,2796,2020-11-04,Net Banking,64957.91
16740,1480,2024-10-14,Net Banking,165783.29
3964,3185,2019-03-21,Net Banking,159940.87
10938,295,2024-11-01,Credit Card,232063.47
495,302,2024-07-18,Cash on Delivery,214492.07
18537,1722,2022-04-01,UPI,222164.38
13041,747,2023-08-12,Cash on Delivery,53029.98
2262,3615,2024-12-13,Net Banking,205156.32
12334,909,2025-04-06,Credit Card,6601.48
438,1731,2025-09-29,Cash on Delivery,308171.01
16152,2901,2024-01-25,Debit Card,302316.57
5048,3121,2024-11-26,Credit Card,163597.21
7576,1050,2022-09-01,UPI,105541.31
6380,1985,2024-07-10,Cash on Delivery,222124.23
14717,582,2025-07-24,UPI,144525.29
13673,3725,2022-04-17,,236401.39
10228,2591,2024-08-07,Credit Card,209470.39
10154,510,2021-03-04,UPI,150911.4
3640,4294,2024-01-22,Debit Card,82062.66
14295,3287,2023-01-27,,116154.7
17266,742,2025-03-26,Cash on Delivery,27776.22
14723,1966,2025-11-01,Cash on Delivery,54294.94
6669,4206,2022-02-22,Debit Card,
19701,785,2023-04-01,Cash on Delivery,228156.36
3077,2975,2021-04-14,Debit Card,205400.24
11559,4682,2025-07-09,Cash on Delivery,
5934,231,2025-03-04,Debit Card,40565.69
10770,263,2022-07-17,Credit Card,225583.56
7168,4720,2022-07-04,Credit Card,335926.64
12935,2352,2020-12-29,UPI,68551.51
6787,1718,2021-02-27,Net Banking,252227.41
1983,4253,2025-11-21,Debit Card,128857.12
10087,4438,2024-02-11,Credit Card,175739.8
328,907,2021-03-15,Cash on Delivery,353390.64
6333,4188,2022-04-09,Credit Card,30451.92
6113,208,2025-11-06,Cash on Delivery,99970.72
154,4985,2023-01-09,Credit Card ,61798.1
316,4323,2025-01-01,Credit Card,107151.51
386,4492,2024-08-07,Cash on Delivery,250215.84
16067,513,2022-09-30,Cash on Delivery,120370.77
2550,2292,2023-10-08,Credit Card,166001.97
15647,2301,2022-02-03,Cash on Delivery,165200.71
5446,4087,2025-10-23,Debit Card,84897.52
11512,1411,2024-03-31,Net Banking,290359.96
19103,4389,2022-02-19,Credit Card,23978.24
4472,1736,2023-08-21,Net Banking,28580.19
14625,1918,2024-08-16,Net Banking,295125.23
1295,1151,2022-03-05,Credit Card,48047.69
1268,3286,2019-12-14,UPI,142102.08
4029,3662,2025-03-26,Cash on Delivery,387896.02
13046,3308,2023-09-27,Cash on Delivery,325718.92
12512,3060,2023-06-01,UPI,312078.96
15262,4639,2024-04-29,Debit Card,19947.31
18797,4237,2025-11-22,Debit Card,38790.09
14753,1093,2024-12-11,Net Banking,44791.58
10981,3437,2023-10-04,UPI,105455.17
14560,143,2025-04-30,Credit Card ,93366.45
1731,4794,2025-08-02,UPI,274105.23
3150,3579,2021-12-11,Cash on Delivery,342536.24
348,1056,2024-04-22,Credit Card,31334.18
16267,2246,2024-04-05,Credit Card,58033.69
5605,481,2024-03-31,UPI,341324.4
1237,2650,2021-01-22,Credit Card,68913.17
7981,233,2022-06-08,Credit Card,218617.91
3071,1451,2024-07-11,Credit Card,167672.76
15492,2408,2024-12-22,Credit Card,179346.62
4626,1338,2022-12-13,UPI,57847.99
10985,521,2025-12-04,CASH ON DELIVERY,292156.37
18021,3977,2025-10-31,Net Banking,109799.28
19214,4671,2023-12-06,Debit Card,67193.6
3659,4028,2025-07-25,NET BANKING,167944.98
7560,1040,2025-04-09,UPI,295361.4
9775,4306,2025-10-10,Upi ,181472.54
11566,3941,2022-03-03,Credit Card,78860.12
6175,171,2021-11-29, Debit Card ,33477.34
17923,3933,2025-12-18,Credit Card,191675.73
3289,1392,2023-10-09,Credit Card,261918.5
5154,3551,2024-10-13,Cash on Delivery,406782.81
6554,2766,2025-11-19,UPI,352786.73
10114,2958,2024-09-09,Credit Card,73621.28
1417,1222,2023-11-20,Debit Card,226312.72
9291,1370,2021-09-02,Debit Card,93870.6
778,2558,2020-11-30,Debit Card,283941.58
4428,771,2025-11-28,,206715.06
16010,4179,2024-09-14,Net Banking,60315.24
11385,856,2021-01-06,Debit Card,75446.91
15722,3851,2023-09-25,UPI,416230.04
12183,3280,2022-09-12,debit card,83845.45
655,2913,2024-07-24,Debit Card,80743.47
3608,4748,2025-11-01,Net Banking,60873.18
3016,4643,2024-04-15,Net Banking,
10330,636,2025-06-11,Credit Card,65469.24
12204,2702,2022-01-07,UPI,133776.35
19340,2387,2024-10-14,Cash on Delivery,45432.21
5196,1674,2025-12-15,upi,277279.64
13242,1776,2024-05-14,UPI,167340.72
8796,4469,2024-08-27,Debit Card,342634.81
17639,4678,2023-08-30,Credit Card,139658.59
1262,4119,2024-07-25,,377030.84
8264,3669,2025-02-04,Cash on Delivery,89515.54
12741,1930,2024-01-13,,13867.93
8881,3604,2022-03-08,NET BANKING,237696.77
13142,1464,2023-05-25,,94110.04
4814,1924,2022-09-05,UPI,258092.96
11832,312,2020-11-20,Cash on Delivery,248683.34
9390,3546,2025-04-13,Debit Card,181139.81
11667,4931,2024-08-21, UPI ,393418.5
9376,887,2025-05-09,UPI,218239.31
2363,2463,2025-01-16,UPI,275706.98
3725,243,2024-07-24,Debit Card,303087.0
13204,2281,2020-02-16,Credit Card,261447.12
7510,2519,2021-03-16,Debit Card,170459.33
12755,1931,2025-11-23,Cash on Delivery,81667.95
17086,2391,2023-05-20,Credit Card,121105.5
18618,3242,2025-12-31,UPI,233416.37
16117,334,2020-04-28,Credit Card,210437.22
6153,4863,2025-04-22,UPI,324914.3
16619,4761,2024-09-11,Debit Card,216054.87
12558,1433,2023-01-18,net banking,457411.4
3627,3174,2021-10-20,Upi ,187595.45
12339,4762,2024-02-06,Credit Card,136858.3
10456,2665,2025-10-18,NAN,176406.92
5815,1075,2025-08-09,Credit Card,131303.16
7596,1067,2021-08-08,Cash on Delivery,174880.36
2204,4863,2022-02-11,Cash on Delivery,157659.08
16187,80,2021-06-15,UPI,56769.16
11999,3226,2024-10-15,Cash on Delivery,179311.51
1245,1449,2021-04-15,credit card,
3735,849,2023-12-23,,159323.08
4377,4811,2021-07-02,Credit Card,117009.09
11200,1858,2025-04-02,UPI,189214.38
17989,1632,2024-02-21,Net Banking,256977.09
13247,1239,2025-02-08,Debit Card,169591.11
8370,3335,2023-11-08,Cash on Delivery,205789.25
2640,550,2024-01-31,Credit Card,65276.88
18811,1396,2024-05-25,Cash on Delivery,331940.15
2577,2949,2024-11-01,Debit Card,134988.0
10521,953,2024-11-27,CASH ON DELIVERY,55121.75
8022,2593,2025-04-05,Debit Card,235651.85
10642,1497,2025-08-30,Net Banking,85370.72
9481,3540,2025-11-12,UPI,395456.7
2211,3764,2024-10-31,Cash on Delivery,12363.44
7315,2391,2021-10-28,Credit Card,240997.41
8757,4008,2022-09-04,UPI,90711.58
19842,2658,2025-04-04,UPI,92455.95
17552,885,2025-01-31,UPI,175003.2
7131,3518,2024-03-19,Debit Card,213849.7
8510,2075,2025-07-10,,42452.76
14156,163,2023-10-09,Net Banking,165130.04
14418,1162,2025-10-08,Debit Card,203188.64
3803,525,2025-04-28,Cash on Delivery,142246.93
17654,4908,2023-10-01,UPI,446997.33
16163,1322,2023-09-24,Cash on Delivery,328140.22
5954,2031,2025-09-26,Net Banking,284796.34
8645,2838,2023-04-09,Credit Card,180439.63
9531,2883,2022-05-24,Debit Card,86879.02
6675,4234,2024-08-03,Debit Card,434961.74
4641,3358,2023-07-14,Net Banking,150593.44
6352,4882,2025-04-02,Debit Card,57289.86
11091,4616,2024-10-08,UPI,73411.85
9616,3370,2023-03-26,Debit Card,208870.36
8837,1089,2024-11-01,Net Banking,47318.31
1549,1837,2025-04-13,UPI,82895.62
19840,562,2022-11-11,UPI,148310.64
15779,1980,2024-11-22,Credit Card,165967.93
1999,4968,2025-02-05,Cash on Delivery,197213.33
452,1110,2025-01-23,Debit Card,55832.56
7395,4140,2021-10-21,Net Banking,229561.21
1150,3012,2025-03-31,Net Banking,196341.46
19793,4501,2021-02-23,UPI,149161.5
766,1865,2024-01-19,Debit Card,54901.97
6282,2204,2023-12-18,Debit Card,9642.74
10031,3431,2023-07-09,UPI,136246.15
7035,996,2024-08-08,Cash on Delivery,4519.56
17515,3421,2025-08-24,Net Banking,233929.28
13197,3316,2024-04-27,Debit Card,264576.31
2521,249,2025-03-09,Net Banking,160792.2
17083,3619,2024-05-13,Credit Card,110809.56
2101,3673,2023-04-29,Credit Card ,91655.18
17957,3279,2023-06-08,UPI,152304.71
2125,2929,2024-04-12,Cash on Delivery,300118.04
11089,2483,2025-04-22,UPI,124115.01
7909,10,2025-01-07,Cash on Delivery,107572.81
18923,3865,2024-07-04,UPI,147574.27
1451,2969,2021-10-27,Credit Card,282757.0
541,1494,2025-07-14,UPI,132055.76
8206,103,2025-02-21,UPI,424341.28
16001,3643,2022-04-24,Credit Card,215264.42
19990,1715,2024-09-05,CASH ON DELIVERY,317286.73
6008,61,2021-02-23,Debit Card,233090.53
1016,3661,2022-09-02,Debit Card,95176.59
638,2390,2020-09-24,Debit Card,560921.76
4141,2735,2024-11-15,Debit Card,302839.17
15930,3914,2024-12-06,Credit Card,303034.66
884,4689,2023-10-02,Net Banking,318782.92
17311,2813,2020-12-03,Cash on Delivery,229191.1
11117,3846,2025-03-15,Credit Card,222497.55
5183,3104,2025-10-17,UPI,200737.0
12460,881,2023-03-19,,69367.52
17451,1907,2023-12-17,Debit Card ,9809.04
10095,548,2022-04-02,Cash on Delivery,96965.08
16105,3401,2022-06-02,Cash on Delivery,299833.82
5164,3464,2024-08-03,Debit Card,230150.2
13855,308,2023-01-03,Debit Card,221697.31
1293,3462,2023-09-03,Credit Card,57934.36
4630,4538,2025-04-09,CREDIT CARD,144250.52
17929,3745,2024-11-26,UPI,151836.12
13658,3531,2024-11-10,Credit Card,113806.73
4046,4377,2025-01-01,Net Banking,35568.52
8609,2020,2021-01-25,Upi ,179705.81
2212,4227,2022-09-11,Cash on Delivery,142148.03
10502,2370,2024-12-21,Debit Card,251901.28
18446,1614,2021-12-26,Credit Card,102985.2
5976,3801,2025-12-01,Cash On Delivery ,187342.4
84,457,2019-09-04,Credit Card,316087.28
12425,3694,2024-03-27,Net Banking,47175.42
14945,663,2023-06-14,UPI,192669.12
29,3042,2020-09-16,,130896.71
17658,810,2025-01-21,Net Banking,431.88
19032,3726,2025-06-03,Cash on Delivery,28070.91
8462,3176,2022-02-17,Credit Card,101210.43
6750,3771,2025-11-01,Cash on Delivery,117123.02
12233,468,2023-07-19,UPI,318124.36
14494,1068,2025-02-15,Credit Card,200355.55
18981,4246,2025-07-04,Cash on Delivery,186899.67
11325,4784,2023-06-04,UPI,101987.06
10751,4046,2023-10-29,UPI,57770.93
12752,3422,2025-07-27,Credit Card,26163.96
14609,3966,2023-07-21,Credit Card,271823.01
16815,3270,2025-11-29,Cash on Delivery,186443.02
15193,4801,2025-11-28,,46644.66
10892,1133,2023-02-20,UPI,295704.52
1209,1264,2025-03-18,Debit Card,200936.77
19263,2198,2022-11-21,UPI,85933.3
17401,3301,2023-03-22,Credit Card,414310.97
4365,3825,2025-05-13,debit card,431896.79
11183,1232,2023-02-26,Cash on Delivery,32753.79
17798,413,2025-07-15,Credit Card,115100.82
3004,1292,2021-11-04,Credit Card,178764.15
13387,1228,2023-02-02,UPI,169264.85
19362,2289,2024-11-12,Credit Card,94756.23
6552,3589,2025-02-13,Credit Card,31870.51
13883,4265,2024-01-30,Net Banking,265805.65
13310,4464,2024-04-29,Cash on Delivery,130791.2
12669,2917,2024-11-07,CASH ON DELIVERY,
4248,2005,2022-09-18,Net Banking,258806.48
11474,1885,2025-09-09,Debit Card,55993.68
3483,4149,2025-01-27,Debit Card,
1060,463,2025-04-24,Net Banking,278311.05
2047,3028,2022-07-29,UPI,121587.4
5149,4536,2023-07-18,Credit Card,237967.07
4235,623,2022-01-24,Debit Card,49695.96
6792,1654,2025-01-31,Debit Card,16714.12
1389,3390,2019-07-12,Debit Card,110142.54
3487,1901,2023-02-15,Net Banking,396423.11
17336,2106,2024-09-24,Net Banking,134471.23
9966,4936,2025-03-16,Net Banking,130768.01
9965,3464,2022-07-03,Debit Card,266829.06
9147,3940,2023-08-30,Net Banking,393591.37
6415,4696,2021-12-30,Debit Card,88073.64
12388,632,2023-10-03,UPI,30569.98
19540,2477,2021-05-13,UPI,22268.64
16153,586,2022-08-31,Net Banking,128284.21
18535,474,2021-08-12,Credit Card,37860.23
19753,2685,2022-06-05,,151645.08
16592,2470,2024-10-24,UPI,222006.24
16289,3623,2025-12-27,Debit Card,139470.5
15811,1544,2025-03-25,Credit Card,150538.19
4066,2688,2021-05-10,UPI,37924.17
2284,1506,2025-10-08,,91403.5
16026,4882,2021-02-26,Net Banking,40874.25
9720,4387,2019-09-03, Net Banking ,144377.94
17394,653,2024-12-21,Debit Card,143422.62
6004,4154,2025-05-08,Cash on Delivery,124518.51
3918,2058,2025-12-28,Debit Card,94163.31
16600,3255,2022-09-13,UPI,133428.86
7357,1433,2023-03-27,UPI,11950.74
1664,2469,2024-10-19,Net Banking,40280.26
12912,4310,2025-05-06,Debit Card,48034.02
14389,2991,2023-10-14,Debit Card,199817.84
8347,4633,2024-06-29,Cash on Delivery,
13957,3653,2024-05-09,upi,312591.67
4244,4332,2024-11-23,DEBIT CARD,214044.2
3017,4556,2024-10-02,Credit Card,302925.25
16484,4266,2021-09-22, Net Banking ,128435.93
4896,2028,2021-10-09,Net Banking,359059.95
12157,2745,2021-07-27,Credit Card,
4910,4040,2025-12-17,Net Banking,196816.7
9610,4924,2024-05-01,UPI,91786.69
6428,2432,2023-11-10,Net Banking,183351.19
8981,1517,2024-02-02,UPI,368813.61
14055,646,2024-03-29,cash on delivery,225989.18
4425,3698,2024-04-14,Cash on Delivery,168298.8
13265,3780,2024-10-04,UPI,162863.17
12380,2317,2024-06-29,Debit Card,363172.43
15294,609,2025-02-02,UPI,380429.51
14730,956,2025-03-15,Net Banking,73987.0
14428,3177,2023-11-06,UPI,58693.14
13576,1474,2025-04-29,CASH ON DELIVERY,219608.59
9681,2676,2023-09-04,Cash on Delivery,110706.78
8301,1305,2023-06-30,UPI,14259.09
8662,4487,2023-06-25,UPI,319348.01
3231,2305,2022-03-28,Net Banking,165391.17
9425,1796,2025-05-08,Debit Card,55144.29
7710,3270,2025-07-23,DEBIT CARD,185608.6
12945,4127,2024-12-14,Net Banking,
4488,1287,2025-12-09,Cash on Delivery,228253.05
11477,2782,2025-09-25,Cash on Delivery,86924.77
6391,4159,2025-04-18,Debit Card,50059.66
15927,2247,2024-02-12,Cash on Delivery,511776.41
13383,4214,2023-03-13,Credit Card,356608.45
15842,1495,2025-05-17,Debit Card,72417.59
1782,2918,2021-12-08,Debit Card,209534.32
7765,3025,2024-09-20,Debit Card,183321.5
16389,1154,2025-09-23,,12338.57
16019,763,2025-06-04,Debit Card,193100.1
10832,3830,2023-04-21,Net Banking,172924.63
15622,3193,2024-09-26,Credit Card,97279.44
731,4421,2023-03-09,Cash on Delivery,218828.66
15,3279,2025-10-30,Net Banking,300315.18
8637,2636,2023-10-28,Debit Card,256987.65
8348,4152,2025-05-14,Debit Card,435414.61
1360,1012,2024-09-28,Debit Card,305744.66
5145,4050,2024-11-18,UPI,105086.51
8551,2087,2021-08-10,Cash on Delivery,320644.07
13544,3667,2025-10-31,Cash on Delivery,187134.64
14650,4370,2024-02-08,UPI,104878.72
4210,4556,2024-11-02,Cash on Delivery,23225.96
11050,48,2023-05-05,UPI,192294.48
12492,316,2025-03-19,Cash on Delivery,103127.76
16565,4324,2020-05-03,Net Banking,237204.82
7989,1539,2023-03-03,Debit Card,155471.32
157,2462,2021-08-08,Upi ,235444.25
4429,302,2025-03-18,Credit Card,42667.85
7484,1356,2022-11-14,Debit Card,33987.71
445,71,2022-08-14,Cash on Delivery,300761.21
14577,4979,2025-10-14,UPI,264515.57
1393,698,2023-11-24,Net Banking,172672.96
3577,4456,2019-05-30,Credit Card,334321.69
1854,2004,2022-08-29,Debit Card,203464.57
14095,3218,2021-07-13,Net Banking,284123.84
1078,3662,2020-07-01,Credit Card,339910.64
1121,3560,2022-08-15,Credit Card,367398.14
19067,1051,2025-09-10,Debit Card,55227.54
11130,4365,2023-03-04,Credit Card ,153671.02
19099,3134,2024-06-09,Net Banking,322654.77
8172,1408,2024-08-08, Net Banking ,153707.16
12476,4502,2025-04-25,Credit Card,218528.38
18921,4656,2024-11-13,Debit Card,75523.0
17249,570,2024-08-23,Cash on Delivery,27722.8
3525,864,2023-01-08,Cash on Delivery,328234.33
8405,2377,2025-10-09,Net Banking,211056.85
1608,3757,2024-10-29,UPI,148273.5
19042,1386,2025-07-21,UPI,187973.2
11409,987,2021-01-27,Credit Card,414817.82
16584,4876,2025-04-10,Cash on Delivery,32306.2
1004,3797,2023-08-09,UPI,30669.03
14843,4596,2023-01-29,Credit Card,223615.36
14514,2148,2022-03-14,Net Banking,162470.99
42,1698,2023-08-12,Credit Card,53960.67
18576,819,2020-03-29,cash on delivery,148824.87
15863,2405,2025-07-14,upi,215543.09
312,2088,2025-10-08, Debit Card ,291844.76
2510,1353,2023-08-09,Debit Card,46614.18
4264,1536,2020-03-04,UPI,129332.42
11524,2996,2024-10-24,Credit Card,205792.45
19114,4269,2024-05-12,Net Banking,167708.55
6326,4203,2024-12-20,credit card,234392.45
16707,2653,2024-09-25,Debit Card,52812.49
13449,1495,2025-07-28,Debit Card,39392.61
8217,4946,2025-09-27,Net Banking,
593,609,2025-03-30,Cash on Delivery,242586.09
9191,2240,2024-11-25,UPI,159203.82
4944,3573,2024-12-01,Credit Card,248747.79
9285,1501,2023-02-11,Credit Card,587070.2
9157,3241,2024-02-08,Cash on Delivery,105823.68
11483,1089,2019-11-01,Credit Card,123488.9
1466,4840,2021-03-10,Cash on Delivery,100499.45
15441,4198,2025-11-29,Cash on Delivery,1419.57
16452,289,2021-09-02,UPI,321144.39
15781,3518,2025-09-07,Debit Card,61192.19
3187,1831,2025-07-21,Debit Card,165649.72
15677,59,2025-07-06,Net Banking,153807.16
1638,3664,2025-03-28,Debit Card,275601.55
4183,2753,2024-03-03,Net Banking ,59621.92
12701,4765,2023-07-09,Credit Card,238239.36
2757,4629,2025-07-02,Cash on Delivery,142055.14
19734,4236,2024-04-03,Net Banking,217728.93
18495,3246,2021-05-20,Debit Card,142266.94
16307,563,2025-02-05,Net Banking,26653.65
18616,404,2024-07-20,Cash on Delivery,225746.74
3981,4527,2025-01-13,,31445.01
1018,2332,2024-11-04,Net Banking,290964.38
1876,178,2024-07-11,Cash on Delivery,246353.28
8304,2920,2025-10-22,Credit Card,30624.62
2924,2385,2022-04-04,Net Banking,21992.5
10534,4655,2025-08-03,Debit Card,41157.25
15210,4794,2024-03-24,Cash on Delivery,22096.74
4777,859,2023-10-05,Cash on Delivery,206353.55
5879,3033,2025-06-16,Debit Card,214143.22
594,3097,2023-07-03,Cash on Delivery,43974.24
5104,1471,2023-11-11,Cash on Delivery,124811.43
5658,596,2025-09-28,Credit Card,1433.55
923,886,2025-03-28,Debit Card,64097.1
2373,2523,2025-06-27,cash on delivery,152036.1
10140,1718,2022-03-01,UPI,210978.67
18173,741,2025-10-02,,78808.3
15479,4064,2021-05-19,Net Banking,55301.09
61,4833,2020-06-11,Net Banking,212019.79
8830,2395,2025-11-29,UPI,104162.05
18884,1056,2023-06-20,Net Banking,47787.84
821,3775,2020-02-16,Debit Card,112858.6
4251,3198,2024-04-18,Cash on Delivery,45222.51
12970,4363,2022-01-12,Credit Card,250134.17
4826,633,2023-11-28,,23391.08
12053,4016,2023-08-01,UPI,30920.32
16009,4262,2020-05-21,Net Banking,6744.54
9660,129,2024-07-25,UPI,130408.97
15834,4293,2025-06-02,UPI,43936.64
5051,4209,2021-03-29,Credit Card,323418.49
14987,4356,2021-01-07,UPI,450910.78
6002,4247,2024-04-10, Credit Card ,409768.97
2564,4426,2023-12-04,Debit Card,272907.48
53,4849,2021-12-02,Cash on Delivery,220890.44
19571,3929,2019-07-27,UPI,388868.74
16330,3249,2023-12-27,Credit Card,68938.98
17752,1570,2023-05-05,Credit Card,252775.0
1057,1514,2022-09-30,Cash on Delivery,15576.54
10580,1802,2024-09-07, Cash on Delivery ,373609.13
16839,755,2023-09-14,Credit Card,201849.08
6185,3424,2020-08-09,Debit Card,239562.12
8218,4603,2024-01-23,Cash on Delivery,
16369,3233,2023-10-30,Cash on Delivery,332432.17
17166,4744,2024-02-19,Debit Card,267148.05
220,49,2025-03-30,Debit Card,177338.94
10062,3857,2025-01-17,Cash on Delivery,154931.65
1544,3226,2023-07-20,Cash on Delivery,243758.62
11004,940,2025-07-28,Debit Card,29771.65
1090,2848,2022-11-19,Cash on Delivery,174360.36
9949,634,2022-12-11,Upi ,133002.37
532,3752,2025-10-21,,136482.2
11450,3973,2024-10-08,Debit Card,118385.22
4247,2968,2025-01-11,UPI,394847.56
17604,4758,2024-04-12,Credit Card,132952.98
18198,3430,2025-02-03,Debit Card,175803.58
13234,22,2024-03-01,UPI,383073.01
19942,3044,2022-02-18,Debit Card,111572.24
6814,4058,2022-10-16,Credit Card,34019.4
873,1235,2022-10-02,Credit Card,151043.26
8394,2492,2025-05-14,Cash on Delivery,32416.53
19398,4674,2025-07-29,Cash on Delivery,148793.62
8790,476,2024-01-28,UPI,41989.04
4751,1854,2025-12-17,UPI,187338.65
15947,4982,2025-02-16,Credit Card,
10622,3700,2023-12-26,Credit Card,62562.27
10872,2837,2024-09-01,Cash on Delivery,352332.86
5440,168,2024-04-24,Credit Card,134115.2
17595,727,2021-01-24,Debit Card,307860.04
13429,1527,2025-01-06,Net Banking,70724.07
4661,4530,2020-12-20,Debit Card,59269.47
11519,1487,2024-12-29,Cash on Delivery,14376.41
12148,4838,2024-01-13,Credit Card,191869.41
4367,3327,2025-05-30,UPI,153435.76
18780,293,2025-06-25,DEBIT CARD,237562.71
10525,2180,2023-06-04,Credit Card,256801.25
16843,1265,2021-06-30,UPI,200484.85
5544,728,2022-07-25,debit card,113194.8
6949,3821,2025-08-03,DEBIT CARD,197549.69
12347,2414,2023-04-06,Debit Card,133899.56
1230,742,2025-11-12,Net Banking,151469.7
10115,184,2025-08-05,Debit Card,5313.09
16346,1168,2025-02-20,Net Banking,336220.91
6102,1233,2025-05-19,UPI,351408.6
19646,491,2024-06-12,Credit Card,4281.88
6646,2207,2025-01-04, Debit Card ,171828.19
447,2332,2024-09-20,debit card,71922.6
336,3680,2023-11-06,Net Banking,156460.36
7068,4233,2024-09-22,Cash on Delivery,177154.43
1881,1537,2024-02-12,CREDIT CARD,140545.62
13442,167,2025-04-27,UPI,167692.82
14531,1585,2020-06-11,Cash on Delivery,7889.0
5116,4015,2023-05-06,Net Banking,114405.9
2321,693,2025-04-20,Credit Card ,122686.84
7620,2362,2025-10-15,Cash on Delivery,79458.72
12756,1599,2025-05-07, Debit Card ,166528.97
18739,3855,2023-10-02,,632226.03
17027,2159,2024-06-22,credit card,61567.39
3922,1617,2024-12-10,Cash on Delivery,285009.55
5052,150,2022-11-27, UPI ,248736.36
16616,2063,2025-06-08,Debit Card,114934.22
17012,903,2025-09-24,Debit Card ,6532.08
12262,3782,2025-05-16,Credit Card,387727.13
17051,3733,2019-07-31,UPI,186655.6
2431,230,2025-12-07,Cash on Delivery,64404.94
10517,989,2024-09-20, Cash on Delivery ,140307.79
5596,4327,2024-10-20,Cash on Delivery,268486.37
18054,3023,2023-03-06,Debit Card,391811.16
14642,785,2025-06-18,Net Banking,18093.25
17314,821,2025-05-15,Cash on Delivery,246377.84
4444,1552,2025-08-31,Credit Card,186310.52
7974,3344,2024-10-17,Debit Card,235266.14
16469,2643,2025-01-24,Cash on Delivery,326678.26
17486,4567,2023-02-05,UPI,202394.28
10069,2197,2023-10-10,Net Banking,125216.43
10109,822,2022-08-01,Net Banking,274456.54
1533,107,2025-05-15,Cash on Delivery,219774.96
10116,1829,2022-05-03,Cash on Delivery,285002.68
12828,2818,2022-11-24,Cash on Delivery,281733.06
8251,360,2024-05-02,UPI,23074.6
13293,1163,2024-06-09,Debit Card,405070.63
3491,3097,2025-08-29,UPI,456182.5
19609,3189,2023-07-12,Net Banking,315281.2
4640,758,2024-03-19,upi,5343.2
8748,66,2021-04-25,Net Banking,205786.35
14486,3969,2021-02-20,Net Banking,178384.1
134,704,2025-01-21,Credit Card,282539.65
5756,1299,2025-06-29,Debit Card,97586.71
11348,4172,2020-07-31,debit card,246080.04
5722,4287,2020-08-27,Debit Card,101993.74
6497,827,2022-04-16,Cash on Delivery,104939.63
5211,2580,2025-02-28,Net Banking,44148.04
6954,4555,2025-05-04,Net Banking,230995.58
10124,2252,2025-07-25,Cash on Delivery,223832.91
17121,1893,2025-06-08,Debit Card,83284.14
12782,1465,2025-07-19,UPI,86089.02
7173,2409,2025-02-21,Cash on Delivery,133813.91
10096,2961,2021-09-17,Cash on Delivery,361474.24
4985,3442,2023-06-28,Net Banking,167452.67
4864,273,2023-12-16,Net Banking,235266.4
19259,4991,2020-08-22,Credit Card,277824.22
6056,3292,2024-05-13,Cash on Delivery,187742.46
15595,2325,2022-05-08,Credit Card,1032.66
119,3349,2020-11-15,Cash on Delivery,217854.81
10712,2326,2022-11-12,upi,164265.65
113,3007,2021-03-25,Credit Card,284893.94
19303,343,2019-10-26,Credit Card,326846.97
5114,173,2024-09-12,Net Banking,17398.84
3300,4125,2020-08-15,Upi ,482593.27
17678,1330,2024-12-21,Net Banking,6400.87
16199,164,2022-12-04,Credit Card,204151.1
13374,1878,2023-08-27,Debit Card,111598.75
3611,4786,2025-12-12,Cash on Delivery,213335.87
13262,2109,2023-08-29,UPI,237807.44
2459,496,2024-01-30,Credit Card,192633.56
3072,3287,2021-09-22,Net Banking,158250.64
3105,1406,2024-09-08,Debit Card,302668.26
945,3510,2023-07-20,Net Banking,569104.0
459,4225,2022-06-25,Net Banking,243522.35
16577,1137,2024-04-21,Cash on Delivery,378193.64
12805,4371,2022-12-01,Credit Card,354470.69
19698,655,2024-10-28,,160556.7
8434,1486,2025-11-05,Debit Card,307577.23
11549,4295,2025-03-04,Net Banking,10767.52
712,3336,2021-03-20,UPI,167321.92
5913,1190,2019-05-01,Cash on Delivery,404323.25
16700,2823,2025-03-05,Net Banking,605971.76
3174,3191,2023-10-30, Credit Card ,212764.92
8774,2354,2024-10-30,Credit Card,330672.3
11375,3345,2025-03-22,Cash on Delivery,
19476,1118,2025-01-28,Net Banking,163156.23
15071,2025,2023-03-10,Credit Card,11908.89
8767,3473,2024-06-11,Debit Card,161579.67
4450,2548,2024-05-22,Debit Card,346753.83
18479,3625,2023-03-14,Net Banking,182078.75
9008,2645,2023-04-19,UPI,383559.01
1647,698,2023-09-30,Credit Card,
6651,3732,2022-05-02,Net Banking,118487.7
10257,2685,2022-07-27,,126278.93
10344,853,2022-12-23,Debit Card,15289.8
7846,4205,2023-11-05,Net Banking,
7704,1347,2024-03-06,Credit Card,
5959,68,2020-12-28,Net Banking,164497.33
347,2097,2025-10-22,,327058.24
1834,3305,2023-09-27,Credit Card,120384.34
15098,3687,2025-05-16,Cash on Delivery,289920.2
14601,1962,2024-07-20,Net Banking,73519.68
17533,3338,2023-09-09,Net Banking,319312.03
14001,1395,2024-08-12,Net Banking,231009.29
17344,2670,2025-11-13,Cash on Delivery,142243.78
7234,284,2023-04-16,Credit Card,224353.76
6332,3464,2019-06-01,Cash on Delivery,2117.65
9959,1901,2025-12-30,Debit Card,270755.08
18460,2107,2022-07-08,Debit Card,212763.2
16216,4726,2025-10-16,,235824.76
2587,1312,2025-02-27,,102516.39
7670,2077,2023-11-09,Debit Card,19522.5
11148,2075,2022-12-07,UPI,150424.74
7937,1607,2024-04-16,CASH ON DELIVERY,8898.24
18374,876,2022-07-08,Cash on Delivery,265891.26
12480,4572,2021-02-06,Cash on Delivery,258995.49
17048,2378,2024-06-19,Credit Card,523226.55
6978,1558,2024-12-31,UPI,127515.66
14323,2234,2023-10-01,,
5269,260,2025-08-30,Net Banking,27665.4
14787,1446,2023-03-20,UPI,283597.57
17114,1879,2021-04-14,Debit Card,106922.07
7866,883,2024-06-05,Cash on Delivery,110516.06
19250,983,2024-04-15,Debit Card,162227.89
17000,1539,2025-06-16,UPI,211105.17
17494,578,2024-10-06,Net Banking,37378.3
17485,3872,2023-12-20,Net Banking,38534.9
13819,611,2025-02-16,Credit Card,537651.98
1736,220,2024-11-22,Cash On Delivery ,165673.35
10161,2911,2025-07-16,UPI,45812.92
14226,4999,2023-02-13,Net Banking,107007.31
5041,4314,2024-09-20,Cash on Delivery,76722.88
14970,26,2022-11-17,Credit Card,24994.5
19591,4011,2025-11-15,Credit Card,7112.73
11074,1375,2024-10-10,Credit Card,394740.98
14706,1153,2024-11-08,UPI,11787.27
2737,3417,2025-08-13,Credit Card,191976.8
935,2745,2024-03-29,UPI,331089.69
3102,3934,2025-06-06,credit card,97401.55
3678,4710,2023-01-27,Debit Card,37951.92
15465,3401,2024-10-11,Cash on Delivery,304505.75
3343,4683,2025-06-06,CREDIT CARD,185912.39
3223,1471,2024-09-04, Debit Card ,186288.05
15346,4783,2023-04-15,Credit Card,112186.2
2107,758,2025-11-18,Cash on Delivery,585092.04
7799,1471,2022-06-20,Credit Card,61164.0
17465,2892,2021-12-20,Debit Card,161489.52
3533,3637,2024-06-17,Cash on Delivery,62412.76
8703,2633,2023-05-14,Debit Card,135256.08
14163,4412,2024-09-28,Cash on Delivery,5491.61
10839,1263,2021-12-23,Cash on Delivery,165299.42
14411,3558,2025-06-03,Debit Card,283025.4
18467,3868,2024-05-09,Upi ,256971.57
11501,4075,2021-10-05,Cash on Delivery,256397.67
9113,1245,2025-11-18,,253129.0
10660,1339,2021-12-26,Debit Card,163285.2
3152,4859,2022-09-23,UPI,234295.58
18542,3907,2025-04-28, UPI ,374397.6
19285,2694,2024-04-12,UPI,263795.54
5871,227,2025-11-23,Debit Card,103050.8
14003,1998,2021-08-24,Debit Card,31972.84
18203,2658,2025-01-31,Debit Card,534099.35
6578,4059,2022-12-20,Credit Card,104328.12
7561,2505,2025-02-16,Cash on Delivery,206252.75
1373,4077,2025-04-26,,107077.6
14669,3029,2025-03-01,Credit Card,26553.3
16702,1489,2024-10-07,Cash on Delivery,325005.44
10495,3077,2025-09-26,UPI,349945.47
7067,4037,2025-10-18, Cash on Delivery ,67384.59
16928,4410,2023-09-27,Cash on Delivery,27279.6
7398,2863,2022-08-04,Cash on Delivery,11316.12
15897,1385,2023-04-13,Debit Card,295503.15
469,802,2024-08-01,Cash on Delivery,262967.71
7559,3920,2025-01-04,UPI,211588.11
6232,3989,2023-06-06,Net Banking,243817.44
7664,4694,2023-04-11,Cash on Delivery,148577.39
15545,2081,2020-04-10,Net Banking,140892.4
888,4601,2025-05-14,Credit Card,158516.57
1548,2807,2025-08-02, Cash on Delivery ,169865.28
6542,1647,2022-04-24,Cash on Delivery,71299.1
6608,794,2023-12-13, Debit Card ,127791.55
13215,822,2025-07-28, Net Banking ,26317.98
11193,3461,2025-10-03,Debit Card,308013.2
4655,4810,2022-07-27,Debit Card,119615.0
18436,3052,2025-04-05, Net Banking ,32735.06
12444,3108,2022-05-14,Cash on Delivery,95240.5
539,3576,2025-01-17,Cash on Delivery,112313.55
15420,3111,2024-09-10,UPI,287311.84
18940,308,2025-09-09,Cash on Delivery,25332.09
1168,2973,2020-06-02,upi,102357.34
17828,4156,2024-04-20,Credit Card,192479.69
10366,227,2024-06-30,Cash On Delivery ,160879.54
3049,131,2021-12-06,DEBIT CARD,198533.46
11652,2476,2025-07-21,Net Banking,45881.83
7800,835,2025-04-16,Debit Card,284220.65
10367,1458,2024-05-27,UPI,418097.09
2361,2240,2024-10-07,Cash on Delivery,397850.64
13580,482,2025-10-03,Debit Card,295061.54
15373,3313,2024-10-10,Debit Card,228561.74
13978,3725,2020-06-17,Cash on Delivery,49214.4
3973,2484,2024-07-04,Net Banking,126018.51
17246,4037,2024-08-09,Credit Card,112998.56
2479,1582,2024-08-25,Cash on Delivery,409802.7
15206,2387,2021-02-23,,37899.31
3897,248,2024-08-03,UPI,28263.1
11352,4086,2025-06-13,net banking,98584.38
19321,2739,2020-09-05,debit card,137540.02
2413,1014,2025-05-04,UPI,92539.16
18157,3351,2021-09-10,Debit Card,13472.79
8441,1823,2024-10-16,Credit Card,176050.37
13081,1971,2025-07-19,NAN,158882.44
4296,2395,2025-01-04,,205220.84
10702,1328,2025-10-06,Credit Card,449390.59
16453,4341,2024-04-06,UPI,56519.96
17031,1402,2025-10-22,Credit Card ,288116.68
6624,1599,2025-05-08,net banking,7466.45
4952,701,2022-06-12, Debit Card ,374492.18
4359,4128,2023-12-23,,126620.74
8859,3264,2023-03-29,credit card,55666.83
4364,702,2023-12-10,UPI,237738.53
13559,1184,2023-08-27,UPI,94652.35
6876,2354,2025-02-28,UPI,406533.9
18001,1080,2023-08-09,Cash on Delivery,133550.92
7349,3502,2025-08-05,Net Banking,43369.7
11507,3278,2021-10-12,Credit Card,52015.94
245,3766,2021-08-07,Net Banking,260767.04
10382,36,2025-12-31,Net Banking,114384.51
7713,859,2024-08-02,Debit Card,244307.45
11905,3330,2022-08-12,UPI,
5297,4441,2021-09-25,Debit Card,91228.3
1721,3431,2025-10-21,Net Banking,448323.25
4305,1947,2024-05-24,Debit Card,34347.1
1540,1629,2023-07-24,Debit Card,169126.16
15407,465,2025-07-10,Credit Card,75619.01
2046,4713,2023-10-24,CREDIT CARD,35411.6
8396,2914,2024-07-17,Credit Card,159950.44
19264,4572,2021-11-01,UPI,431915.26
9996,3880,2022-08-03,UPI,552131.8
12077,2484,2025-07-15,Debit Card,370798.92
9456,14,2025-10-20,Cash on Delivery,391024.64
4111,4910,2020-12-28,Debit Card,239447.24
12281,222,2023-09-01,Cash on Delivery,102120.12
3030,790,2024-03-04,UPI,419874.84
16405,1447,2021-01-12,UPI,91682.94
15857,185,2023-03-04,Net Banking,99268.44
14302,3434,2024-05-25,Cash on Delivery,303179.28
8019,1975,2024-08-03,,323880.62
18468,475,2025-07-28,Net Banking ,356479.58
19510,1582,2025-05-06,Debit Card,218839.35
8190,2739,2024-08-28,Credit Card,166972.08
16637,325,2022-07-04,Credit Card,107613.32
18608,1331,2022-12-26,Net Banking,258378.14
14212,2972,2025-01-29,Credit Card,161170.28
10015,44,2024-10-24,UPI,66852.78
10163,4031,2021-09-14,Debit Card,15250.04
13419,1940,2025-03-01,UPI,41704.1
13187,1820,2025-08-24,Debit Card,394178.22
995,176,2025-08-05,Credit Card,173556.05
6062,1322,2025-09-06,Net Banking,165976.82
14710,4775,2024-07-19,Net Banking,276075.8
16556,4747,2024-07-28,Credit Card,273835.58
2311,3807,2025-07-08,UPI,149098.48
2366,942,2022-10-12,UPI,155358.44
6361,4767,2021-11-28,UPI,31602.31
12878,4968,2024-08-09, UPI ,166301.26
18810,4800,2023-04-27,UPI,193023.26
10559,3765,2022-01-14,Cash on Delivery,69952.72
4494,1568,2021-04-06,Cash on Delivery,40459.06
12848,3187,2021-11-16,CASH ON DELIVERY,363641.57
990,4810,2023-01-29,Debit Card,49452.14
9443,3194,2023-05-17,Debit Card,122035.06
6672,2110,2024-08-15,UPI,126639.75
13044,456,2023-12-10,Debit Card,192732.73
11032,3348,2023-12-29,Cash on Delivery,207454.48
8,3162,2022-02-27,Net Banking,197194.05
19352,896,2024-09-12,Credit Card,134003.41
5718,54,2025-05-18,Credit Card,187315.65
17837,4724,2024-04-26,Credit Card,168617.65
18448,562,2025-08-19,Credit Card,136441.16
14298,262,2021-12-23,Debit Card,
1853,2677,2024-01-19,Net Banking,81030.81
11126,4738,2024-01-03,Cash on Delivery,158570.1
6320,2306,2024-02-11,UPI,218645.66
1650,4670,2022-01-02,Credit Card,314142.81
5457,4161,2024-01-23,Net Banking,129010.89
16595,1837,2024-04-26,Credit Card,245588.68
2908,4461,2019-10-08,UPI,382899.84
18052,2614,2025-05-10,UPI,217640.24
2796,2665,2025-12-28,UPI,318602.55
16520,931,2022-11-13,Credit Card,236056.0
13690,2617,2023-03-12,Credit Card,60474.6
7289,512,2025-01-25,Credit Card,109524.81
4502,786,2024-11-27,UPI,86957.32
18120,4652,2024-01-02,Credit Card,158384.15
4578,947,2024-05-13,Credit Card,11816.66
5995,1871,2025-02-18,UPI,196913.16
2474,4669,2024-01-03,DEBIT CARD,237775.64
6495,4309,2025-05-04,Cash on Delivery,162182.96
2402,222,2025-03-14,Credit Card,402596.1
1909,904,2025-04-16,Cash on Delivery,206771.04
16361,857,2025-10-14,Net Banking,186898.15
7717,4677,2025-04-29,UPI,51314.38
5291,238,2025-03-04,Credit Card,83485.16
9344,2185,2025-03-13,UPI,452885.82
10626,4739,2024-05-01,UPI,178022.75
10462,2162,2023-05-23,UPI,33805.23
1581,4037,2025-08-31,Debit Card,267457.07
12825,2362,2022-12-03,Debit Card,119703.05
11179,3394,2025-02-14,Credit Card,346926.83
13529,3553,2023-11-21,Upi ,81284.05
417,3373,2024-04-20,Cash on Delivery,53717.72
5476,1774,2023-08-02,CREDIT CARD,228479.34
14881,1477,2023-09-04,Credit Card,170085.81
7730,1947,2025-08-12,,247710.25
5881,3183,2025-05-17,Credit Card,211302.93
13781,4287,2021-08-13,Cash on Delivery,169127.91
11280,3863,2023-11-07,Credit Card,146684.4
16621,2671,2021-01-25,Net Banking,81214.71
6479,1363,2023-07-27,Net Banking,223513.41
15013,3402,2021-12-06,UPI,282151.6
19224,4564,2024-08-08,Cash on Delivery,86980.35
4842,3151,2024-12-01,Net Banking,239856.02
11660,1064,2025-12-28,Net Banking,15083.11
2456,2075,2025-04-11,Debit Card,145458.05
646,4067,2021-05-13,Cash on Delivery,237690.44
2061,4828,2025-01-02,Debit Card,181819.79
9914,3713,2025-10-14,Debit Card,45385.94
4965,2798,2022-01-07,upi,55116.04
8156,2456,2021-11-14,UPI,4305.93
12376,565,2023-09-22,Credit Card,228511.63
7338,1825,2025-07-14,Cash on Delivery,34697.74
14743,4158,2022-10-03,,169814.27
15075,3437,2025-05-09,Debit Card,196293.73
6278,3249,2024-08-09,Debit Card,333338.82
600,1952,2025-02-28,Debit Card,106657.03
16311,1835,2025-12-02,Cash on Delivery,191011.84
14388,419,2025-06-10,Debit Card,420743.02
7681,4935,2025-05-26,Cash on Delivery,226251.95
3666,2180,2025-11-03,Debit Card,45429.23
13606,215,2025-08-24,Net Banking,291631.36
2948,2085,2024-01-15,UPI,28282.14
6455,4424,2025-08-28,Debit Card,345875.33
9454,2870,2022-03-24,Credit Card,157483.65
11016,1546,2025-09-10,Debit Card,413783.74
9417,365,2023-02-15,UPI,214553.26
8931,3966,2024-06-02,nan,115461.39
7901,1601,2022-09-02,Net Banking,36476.1
9968,1688,2022-09-29,Credit Card,87633.6
9586,981,2022-11-04,,135289.1
3113,109,2025-03-18,Cash on Delivery,63233.53
19545,2903,2023-10-31,Credit Card,82789.4
2531,152,2022-07-07,NET BANKING,208417.65
17068,1052,2025-01-31,Net Banking,70196.92
2813,324,2021-02-17,UPI,60318.38
10879,4867,2024-03-31,Net Banking,35723.8
4735,3773,2021-08-16,Debit Card,273884.2
7880,2775,2022-04-20,Credit Card,184013.35
6217,3987,2025-01-11,Net Banking,228616.19
6422,743,2023-06-22,Credit Card,319781.48
9286,4266,2022-12-31,credit card,287149.34
19064,1012,2023-11-05,DEBIT CARD,374928.77
14913,2788,2020-06-27,Credit Card,91446.09
3781,166,2023-06-02,UPI,168592.48
138,4116,2024-08-05,Cash on Delivery,108665.8
13743,3170,2024-09-28,Net Banking,103939.68
13566,3329,2024-03-13,Cash on Delivery,498465.2
16340,2934,2025-04-26,Credit Card,53361.58
18480,1916,2022-08-26,Net Banking,219154.14
12379,2334,2025-01-13,Credit Card,461188.63
7999,435,2025-06-16,Credit Card,402403.18
17508,4736,2024-07-18,Debit Card,
8574,1219,2025-08-29,UPI,353476.27
18028,3894,2023-01-08,Credit Card,21070.29
15848,3854,2025-08-09,Cash on Delivery,25745.41
4563,4145,2025-04-25,Cash on Delivery,54949.54
8952,2590,2024-01-07,Net Banking,469833.3
3831,3936,2024-12-17,Credit Card,285425.99
6083,3640,2024-03-13,Credit Card,266353.91
18010,1835,2023-12-14,Credit Card,52231.3
2793,2358,2021-09-12,UPI,178377.59
7876,1442,2022-11-04,Debit Card,268027.58
7751,3320,2023-06-02,Cash on Delivery,324178.21
11237,162,2025-04-19,Credit Card,172338.85
1140,1048,2024-11-15,CASH ON DELIVERY,41050.64
1840,3184,2022-09-22,Cash on Delivery,63650.65
7112,756,2024-12-26,UPI,372292.69
1250,2705,2023-07-21,Cash on Delivery,238350.58
5486,2617,2022-01-06,Debit Card,67925.48
16751,4578,2025-12-27,Cash on Delivery,278118.1
16893,3734,2023-05-19,upi,125990.61
9635,3513,2021-12-09,UPI,338022.44
721,1977,2021-12-19,UPI,209364.59
19260,4849,2020-04-16,Credit Card,307539.06
17281,1905,2024-04-23,UPI,188714.8
1745,4040,2024-02-09,Debit Card,121945.2
16899,4115,2023-02-12,Credit Card,
6797,2212,2022-05-23,Debit Card,166287.18
15569,1240,2024-12-30,Cash on Delivery,315348.79
19125,3871,2021-11-06,UPI,39957.28
12727,2727,2024-06-11,CREDIT CARD,257804.18
17902,3436,2024-08-09,Cash on Delivery,161642.94
6706,775,2025-07-03,Nan ,18229.68
15317,572,2025-06-03,upi,305088.4
10868,2261,2023-07-08,UPI,160469.03
9819,2616,2025-10-13,,223673.96
7992,4458,2022-08-22,,41661.36
13627,1381,2021-12-30,credit card,102961.2
18667,4618,2025-10-19,UPI,68051.47
9401,1679,2025-05-26,UPI,161087.14
1892,668,2025-05-31,Debit Card,429612.99
9313,3482,2025-08-28,Credit Card,4590.81
5787,562,2022-10-26,UPI,275228.05
11434,3151,2021-06-06,Net Banking,40156.16
998,2955,2024-06-27,Net Banking,213458.82
19117,797,2025-09-19,Credit Card,41721.88
1740,638,2025-12-10,UPI,225574.37
2117,2017,2024-04-10,Credit Card,282629.36
19527,2538,2025-04-19,Net Banking,53957.16
17104,3565,2025-10-17,Credit Card,193191.55
9741,306,2025-11-18,UPI,79643.28
1422,1529,2024-07-26,UPI,395472.94
2032,3681,2023-03-02,Cash on Delivery,355229.0
19856,4413,2025-01-01,Net Banking,28045.6
5530,2521,2024-12-16, Net Banking ,11008.12
1248,4133,2025-04-14,UPI,264976.65
10794,4997,2024-12-20,Credit Card,72158.15
13688,1584,2024-12-25, UPI ,39417.78
9182,1538,2022-08-31,Debit Card,403245.49
15802,3924,2023-04-17,Debit Card,201096.91
18758,919,2025-05-22,Credit Card,189542.62
8971,4452,2025-07-22,Credit Card,223884.67
2801,1723,2021-08-13,Net Banking,262269.24
16631,2919,2024-01-26,Net Banking,45136.89
12762,2462,2023-10-10,Cash on Delivery,357759.91
3988,2646,2025-10-21,credit card,108354.2
654,1401,2024-06-26,UPI,646.35
2476,4953,2024-08-21,Debit Card,164775.15
18062,423,2025-07-21,Net Banking,121997.78
13414,3220,2023-10-09,Credit Card,168280.71
19108,4489,2021-11-28,UPI,106293.59
16521,551,2025-07-12,Debit Card,254072.47
15810,3599,2025-03-28,Upi ,370375.08
17313,2010,2024-09-28,Cash on Delivery,111437.09
14169,1023,2025-05-17,,
8862,931,2025-12-25,Credit Card,339467.65
10870,453,2023-04-15,Debit Card,198507.59
4010,3445,2021-11-05,,
11514,2919,2025-08-05,Debit Card,382285.67
10605,2181,2023-04-15,,92528.15
12094,483,2024-12-04,UPI,290655.0
18662,378,2024-01-12,Net Banking,133918.5
13521,1097,2022-04-02,UPI,13296.69
3935,3666,2024-09-06,Net Banking,205055.77
5425,1577,2023-06-08,Cash on Delivery,73204.23
18141,3113,2023-02-27,Cash on Delivery,276672.64
5030,612,2024-04-16,Credit Card,306728.42
2012,824,2022-11-13,Net Banking,262403.42
13608,53,2025-12-29,Credit Card,319658.51
5465,4851,2021-02-13,upi,186984.24
15736,2627,2021-07-14,Credit Card,231689.83
19775,4066,2023-05-03,Debit Card,43001.37
4132,4090,2023-12-24,Net Banking,96515.95
12947,1252,2025-04-02,Credit Card,129298.38
12966,577,2025-07-11,Debit Card,37754.66
10829,736,2024-08-22,Credit Card,134859.87
18681,2400,2025-05-07,Cash on Delivery,79208.13
6045,3748,2024-06-22,,205589.8
17488,4855,2023-05-30,Credit Card,164213.76
11903,541,2022-01-11,Credit Card,285882.16
1362,4772,2020-04-12,Credit Card,261892.76
3636,284,2022-04-03,Upi ,127613.68
7745,1144,2025-02-04,Credit Card,9259.3
5738,692,2023-09-19,Credit Card,274383.31
17646,4711,2024-09-08,Credit Card,192345.54
13679,3835,2025-01-03,Debit Card,122227.28
17239,4237,2025-02-01,Debit Card,122797.71
5800,4812,2019-12-06,Net Banking,63070.08
14797,2375,2024-09-23,Cash on Delivery,178497.79
18928,452,2022-12-13,UPI,256253.27
2537,2010,2025-06-26,Net Banking,191909.18
4351,3944,2025-10-22,Credit Card,498603.65
19693,4322,2024-12-02,UPI,132784.7
1068,3352,2024-09-20,Cash on Delivery,237749.4
3649,3135,2025-06-29,Cash on Delivery,136674.97
5611,265,2025-11-23,Net Banking,30838.84
12224,2447,2023-12-25,,148022.04
11708,1070,2025-12-26,credit card,47566.35
4350,2609,2025-11-21,Cash on Delivery,363251.39
2241,789,2024-12-14,Credit Card,113339.4
582,4471,2024-06-26,Credit Card,333761.16
7682,4836,2021-02-14,Net Banking,268997.05
14574,2725,2024-01-10,,229068.16
2083,2887,2024-06-12,Credit Card,130679.6
16362,182,2024-08-16,Debit Card,314899.8
989,1807,2025-11-19,Cash on Delivery,373267.66
4726,3772,2025-11-19,Debit Card,323081.37
238,2640,2024-06-01,Net Banking,344585.44
6726,2539,2024-08-09,Cash on Delivery,191012.37
5978,4766,2020-11-08,UPI,207379.74
8105,1126,2023-04-29,Cash on Delivery,1058.4
9798,4639,2023-05-30,Net Banking,428527.66
2890,2060,2023-11-01,Cash on Delivery,281243.92
1481,3761,2024-02-23,Credit Card,95895.35
17149,2172,2024-01-05,Credit Card,99301.8
8013,1543,2024-08-17,Credit Card,109399.8
16198,1129,2022-02-01,Debit Card,160379.28
18142,4771,2021-05-20,Net Banking,230824.67
13563,3795,2025-10-12,UPI,86867.56
19682,560,2024-10-10,Debit Card,212878.93
7862,2853,2023-01-27,Cash on Delivery,208955.55
19511,802,2022-08-14,Net Banking,390096.35
717,2068,2025-11-23,UPI,222916.37
810,3080,2023-04-25,Net Banking,63800.68
6879,791,2022-05-27,Credit Card,204849.53
11641,323,2022-11-29,Cash on Delivery,14536.74
16088,212,2025-03-01,Net Banking,18090.38
603,702,2022-09-23,Net Banking,56122.52
5931,658,2023-05-30,DEBIT CARD,238291.57
1402,941,2025-10-06,Net Banking,206273.35
116,3119,2025-06-17,,63722.84
7343,4243,2023-12-27,CREDIT CARD,60687.92
13607,2671,2022-11-30,Net Banking,110217.05
13718,1256,2025-06-09,Net Banking,226942.92
6139,3928,2025-08-10,Credit Card,253250.47
6816,2950,2020-08-03,Debit Card,436098.32
14927,2747,2025-04-26,Debit Card,43680.76
15709,3853,2023-03-10,,293169.2
3172,714,2024-10-20,UPI,116563.48
852,1914,2024-03-05,UPI,132161.95
11020,4375,2025-02-07,Net Banking,187556.68
7450,3280,2024-09-11,Cash on Delivery,226118.16
354,24,2024-11-23,Debit Card,115572.01
9947,4403,2025-11-30,Cash on Delivery,148783.84
831,2461,2024-12-12,Debit Card,278086.95
19133,3920,2020-05-22,UPI,175577.01
5176,2931,2023-08-07,UPI,202886.7
9580,4144,2025-07-29,Cash on Delivery,343585.53
9122,826,2022-08-26,Net Banking,70029.42
8188,2121,2023-11-30,Net Banking,84093.31
6251,2602,2020-12-17,Net Banking,32718.95
2155,3377,2023-08-18,Credit Card,123168.58
463,4157,2025-07-16,Credit Card,11500.53
14658,1979,2023-01-23,Net Banking,77906.38
10291,3517,2023-02-24,Credit Card,50939.16
15961,12,2025-12-06,Cash on Delivery,170206.12
780,2804,2025-01-19,DEBIT CARD,486065.18
15925,4091,2024-08-29,UPI,510100.75
7546,912,2022-03-30, nan ,153229.5
18183,4802,2023-05-25,Credit Card,322751.69
9145,2729,2025-02-19,Net Banking ,125609.46
10851,4969,2025-09-10,Credit Card,71254.46
10636,3421,2024-04-29,cash on delivery,74140.76
6314,114,2022-04-26,UPI,209648.05
15084,3980,2023-03-06,Net Banking,8114.62
8769,4884,2024-11-04, Cash on Delivery ,198649.44
13489,2654,2024-11-22,UPI,423136.48
10986,4742,2023-02-18,Net Banking,567787.23
10121,984,2025-10-09,Debit Card,148461.8
18132,3896,2022-12-28,UPI,86536.54
9028,2519,2025-07-12,Cash on Delivery,399718.07
13676,1309,2025-07-06,Net Banking,189487.27
5922,2650,2021-01-20,Net Banking,26653.03
3205,735,2023-10-06,,117483.55
711,1986,2023-01-27,Debit Card,243381.47
3616,4393,2024-07-24,,196442.39
16923,4971,2024-07-06,Net Banking,232653.25
14840,2010,2025-12-22,UPI,304461.3
12316,4536,2024-09-23,Cash on Delivery,165558.8
16990,3294,2023-06-09,Debit Card,62343.04
17290,3889,2024-10-09,Cash on Delivery,401645.29
17991,2065,2022-10-19,Credit Card,174977.6
19074,3573,2023-08-26,Net Banking,170373.4
9146,873,2025-06-22,UPI,111062.2
17326,1978,2025-11-13,Credit Card,508982.21
980,1897,2023-09-16,Cash on Delivery,364695.02
1993,1206,2021-02-28,Cash on Delivery,130193.27
13402,1457,2025-12-24,UPI,157701.1
10602,1598,2023-08-20,UPI,152769.98
16680,2844,2020-06-08,Credit Card,94160.44
19697,4166,2025-11-26,Net Banking,79238.3
19911,1014,2025-07-17,Net Banking,9241.89
3995,4830,2022-01-17,UPI,94724.88
8812,4796,2025-04-17,UPI,148039.85
13321,3129,2020-09-04,Debit Card,409165.44
11411,2452,2024-10-21,Net Banking,93415.0
12493,516,2025-10-02,UPI,417008.98
1995,3365,2024-07-01,,217879.79
4203,404,2025-04-29,Net Banking,69025.32
3913,619,2025-03-03,Credit Card,163518.27
5204,2267,2023-10-31,UPI,303960.92
5381,2072,2024-09-21,Net Banking,394562.19
5577,2804,2025-05-18,Cash on Delivery,219911.04
7449,4745,2022-07-06,Cash on Delivery,232801.92
19950,2595,2021-05-25,Debit Card,210766.94
15089,2531,2020-10-21,Net Banking,243163.51
4418,4101,2024-09-26,Cash on Delivery,96758.15
16525,129,2025-06-12,Net Banking,350053.3
11744,2738,2020-02-26,Cash on Delivery,440052.23
15263,1721,2021-05-27,Cash on Delivery,63838.35
5515,2587,2024-11-24,Net Banking,144042.85
1467,4973,2022-06-26,Credit Card,167051.8
3732,3625,2023-05-24,Credit Card,327345.46
14821,3883,2025-04-23,Cash on Delivery,42724.66
4473,863,2021-12-23,Credit Card,144155.98
18222,3921,2024-08-01,upi,198986.31
12218,2255,2024-12-15,Credit Card,80439.7
10814,3253,2021-09-28,UPI,189230.24
18935,3445,2024-10-07, UPI ,104120.85
16885,1961,2023-09-17,UPI,134948.68
14559,878,2020-11-27,Credit Card,75033.3
6538,773,2025-08-23,Cash on Delivery,377220.66
5857,1029,2024-05-18,Net Banking,121061.4
13100,23,2025-12-29,Cash on Delivery,218264.74
15047,219,2024-10-25,upi,215353.21
11426,1218,2024-08-18, Debit Card ,149397.44
7940,950,2024-02-03,Debit Card,206675.02
1300,3860,2024-06-16,Debit Card,58370.72
18073,2345,2022-12-05,Cash on Delivery,141059.32
18753,2168,2022-12-09,Credit Card,144737.66
6564,1459,2021-07-23,Cash on Delivery,93091.5
17655,569,2023-11-02,NET BANKING,408077.08
2183,83,2022-01-27,Debit Card,195895.18
16701,1114,2025-08-30,Net Banking,258185.51
6720,4170,2024-08-29,NET BANKING,124819.04
7688,383,2022-07-22,Credit Card,171243.4
9418,4705,2021-03-25,Debit Card,136677.88
12818,3127,2025-09-27,Credit Card,54973.44
5303,1542,2023-11-14,Cash on Delivery,174901.46
5637,2528,2024-03-19,UPI,405008.39
9834,4140,2022-04-25,Credit Card,102823.16
17292,13,2024-10-31,Net Banking,261461.44
1792,1988,2022-09-05,Cash on Delivery,24256.74
4865,428,2023-08-25,Cash on Delivery,165832.75
8055,3659,2024-03-20,UPI,137676.36
17349,3640,2021-08-18,UPI,198747.48
7220,578,2024-02-27,Net Banking,280769.41
13006,2709,2024-12-01, UPI ,55227.2
19003,987,2019-10-10,UPI,97073.41
10894,1756,2021-03-18,Debit Card,
9551,1125,2024-06-08,Credit Card,109340.6
17665,1778,2024-11-24,,71150.76
7562,3273,2025-02-03,Cash on Delivery,212559.45
19435,2531,2021-08-09,Cash on Delivery,53182.19
10897,1759,2025-04-04,Credit Card,331713.6
17299,3140,2024-04-04,Credit Card,267313.23
6109,1754,2025-07-08,Net Banking,314381.2
19868,3187,2023-02-01,Credit Card,377597.86
12384,2795,2025-09-23,Cash on Delivery,355567.87
12404,2394,2025-03-17,Cash on Delivery,217212.72
1478,3247,2025-10-25,Cash on Delivery,402817.63
7255,3096,2023-04-22,UPI,18588.53
5937,789,2024-09-02,Credit Card,187630.15
7955,973,2022-06-18,Credit Card,318757.19
8109,4093,2024-10-02,UPI,23829.64
8741,4854,2025-07-11,Credit Card,253932.55
10204,25,2024-11-08,Credit Card,358128.5
2535,994,2024-08-14,Net Banking,175058.11
17032,1427,2023-05-17,Credit Card,123461.37
8240,2358,2024-03-14,Credit Card,112256.94
11355,4830,2022-11-14,Net Banking,350476.01
1855,2701,2023-06-28,Net Banking ,344699.26
16728,2690,2024-05-31,Debit Card,121473.12
2282,4507,2024-02-17,Net Banking,59206.85
5632,538,2024-10-26,Cash on Delivery,297522.28
17423,4808,2023-07-28,Debit Card,
6755,2163,2024-04-11,Net Banking,247145.86
4835,3677,2024-06-16,Credit Card,315666.5
11223,1263,2021-04-02, Net Banking ,123454.46
19632,4422,2022-06-21,Net Banking,271567.79
12099,4217,2022-11-06,Net Banking,4952.81
18793,2547,2021-04-15,Cash on Delivery,292540.82
1591,2987,2022-06-13,Cash on Delivery,242921.59
3286,1183,2022-01-11,Net Banking,73166.75
2865,4944,2021-07-09,Net Banking,78730.98
13098,1383,2023-08-11,Net Banking,199566.21
7393,152,2023-09-21,Net Banking,391472.16
2724,4303,2024-11-30, UPI ,99374.23
2389,3045,2021-05-31,Net Banking,329356.34
2279,715,2024-08-12,Upi ,291610.15
14989,322,2023-07-26,Debit Card,30687.81
2035,2515,2022-10-08,Net Banking,188297.84
15112,2834,2023-05-13,Cash on Delivery,290605.9
457,2044,2024-01-04,Net Banking,6888.54
10874,147,2025-11-09,Cash on Delivery,174144.68
6218,1653,2021-04-26,Credit Card,203723.19
7016,3402,2021-12-19, Cash on Delivery ,73545.6
10304,4702,2025-05-08,UPI,127030.44
12594,653,2023-05-30,nan,
16766,4416,2025-11-14,Net Banking,277470.86
18821,1942,2024-12-07,UPI,100915.68
6478,3517,2020-11-22,UPI,248525.48
2483,1189,2023-11-01,UPI,228904.31
5071,1562,2023-06-22,Cash on Delivery,375266.75
13036,495,2019-11-06,Debit Card,197871.69
7205,3089,2024-08-08,Net Banking ,160173.87
15894,2681,2025-08-02,Credit Card,76272.68
1088,3607,2025-07-02,Cash on Delivery,302555.41
10744,1824,2025-04-11,UPI,
14060,1726,2024-01-09,Net Banking,1079.7
13765,403,2024-11-12,UPI,228959.15
17685,1317,2025-12-02,UPI,227487.05
14659,472,2025-04-01,Cash on Delivery,161340.49
8579,639,2025-03-13,Cash on Delivery,78833.7
12169,2856,2022-11-01,Credit Card,242276.45
9406,4490,2024-07-11,Net Banking,48411.98
6048,4230,2022-10-26,Credit Card,336668.48
90,3023,2024-05-13,Net Banking,134407.2
1453,4757,2023-10-25,Credit Card,
10617,2397,2021-05-29,Credit Card,25712.92
16097,4658,2024-12-04,UPI,88102.76
1621,1119,2024-12-03,Credit Card,47888.66
12513,4811,2025-05-17,Cash on Delivery,185299.0
12361,1730,2025-07-07,Net Banking,206795.15
17817,2128,2021-07-18,Cash on Delivery,916.78
9396,1694,2025-05-28,Cash on Delivery,159418.31
17953,53,2023-03-05,UPI,73196.1
11124,3313,2024-06-08,Net Banking,200798.6
15754,4546,2024-05-21,Credit Card,293235.24
7094,3204,2025-03-23,Cash on Delivery,308843.2
508,4433,2024-12-22,Credit Card,427099.16
7686,1736,2022-05-31,Credit Card,71835.06
1967,1390,2025-12-27,Credit Card,211082.68
11826,3875,2025-10-29,Debit Card,137582.2
18200,113,2025-03-25,UPI,243238.72
14472,1759,2023-12-18,Credit Card,67469.04
2162,4123,2025-04-26,Net Banking,153124.74
964,4202,2021-02-01,UPI,117543.87
6321,1045,2025-02-18,UPI,442312.63
2420,2595,2023-08-03,Credit Card,239167.76
9315,1235,2024-09-09,Debit Card,353099.36
18760,355,2024-09-06,Net Banking,9716.33
5503,2694,2023-12-21,Credit Card,285050.11
10379,4585,2025-04-19,UPI,196971.57
2393,2222,2024-05-09,Cash on Delivery,156515.93
1177,4584,2023-09-30,Net Banking,238841.64
1532,1643,2025-05-31,Net Banking,214965.99
1538,2523,2023-09-22,UPI,167289.98
770,1058,2024-08-12,Cash on Delivery,33225.78
2276,1057,2020-06-06,Net Banking,467507.95
17289,328,2023-07-10,Credit Card,157382.87
2857,2964,2025-01-16,Credit Card,3124.39
16367,2403,2024-01-11,,198051.3
1436,1763,2024-11-19,Cash on Delivery,382875.8
14672,4577,2022-07-20,UPI,266349.57
11884,1039,2024-01-02,UPI,423953.33
3059,4939,2022-11-27,Net Banking,107380.16
15454,964,2022-09-13,UPI,235181.84
18464,1633,2023-12-29,Cash on Delivery,126398.76
17936,2698,2025-06-08, Credit Card ,71285.56
17224,4915,2020-04-16,Credit Card,246775.97
127,4524,2025-03-10,Credit Card,175896.47
19127,4139,2025-11-19,Credit Card,34805.91
19432,498,2025-04-15,Cash on Delivery,79266.72
7447,1631,2025-10-16,UPI,367556.45
19764,1357,2024-07-18,Cash on Delivery,574042.68
5418,275,2020-05-20,Cash on Delivery,136640.08
14039,2492,2024-03-26,Net Banking,
9640,3795,2025-02-07,Net Banking,61152.2
5728,1473,2025-09-30,Credit Card,264777.22
2329,4419,2024-11-14,Credit Card,33484.08
4492,3598,2025-12-03, Net Banking ,160192.27
5458,4669,2022-02-20,,115319.49
13056,2894,2025-04-17,UPI,144985.93
14668,216,2023-01-24,Debit Card,317363.72
7139,465,2025-09-10,Net Banking,36476.96
15273,4518,2025-11-25,Cash on Delivery,151908.95
12728,1993,2024-02-15,UPI,143092.08
7109,106,2024-12-05,Credit Card,128976.26
3086,2460,2023-05-21,Credit Card,72494.48
6604,4311,2023-12-31,Credit Card,243448.88
12175,2765,2025-01-31,UPI,290793.12
15020,2141,2025-09-27,Credit Card,116954.1
19075,1641,2025-01-05,Debit Card,80869.96
14763,1142,2024-02-23,Debit Card ,301514.97
13856,1229,2023-12-30,UPI,52172.94
5574,1922,2022-07-01,UPI,348436.26
19434,724,2025-11-24, Net Banking ,52073.75
12962,3138,2023-04-10,Cash on Delivery,275497.85
5718,54,2025-05-18,Credit Card,187315.65
1351,2942,2024-07-12, Cash on Delivery ,266219.09
4005,4976,2024-01-15,Debit Card,287619.66
2169,4970,2024-10-23,Cash on Delivery,345758.57
4314,4146,2024-05-30,Net Banking,141955.96
3479,4984,2024-09-06,UPI,272750.74
3167,3139,2024-07-14,UPI,237518.17
6336,2108,2023-01-09,Cash on Delivery,221505.51
7003,1576,2024-09-25,Debit Card,319033.27
14274,3173,2024-11-13,Net Banking,79203.14
5424,2918,2022-03-27,Debit Card,263309.8
9857,2463,2024-09-30,Cash on Delivery,19319.08
12190,4495,2023-02-17,Net Banking,88309.47
5650,3606,2025-06-07,Upi ,524536.02
8919,3471,2022-11-24,Net Banking,240016.65
5290,1660,2023-08-10,Net Banking,130755.54
11038,1892,2025-12-08,Credit Card,168964.07
835,1175,2022-07-04,Cash on Delivery,188461.15
11686,4740,2023-12-29,Credit Card,
3481,4751,2023-03-31,UPI,251432.93
12028,3261,2024-02-24,Credit Card,20603.78
12359,4741,2023-10-14,Net Banking,181052.86
14740,3578,2023-05-18,Credit Card,70568.44
2895,4205,2024-09-11,Credit Card,63022.59
6661,3512,2023-07-05,Net Banking,78766.48
16964,3888,2021-03-02,UPI,338267.32
17884,593,2022-03-05,,371368.85
1741,4160,2025-06-01,Credit Card ,185909.3
7736,2624,2025-08-21,,44495.56
15765,772,2023-08-04,Cash on Delivery,89368.28
14024,3048,2023-03-11,Debit Card,290524.8
1604,991,2021-11-03,Cash on Delivery,175042.61
11030,3858,2025-10-15,credit card,208297.59
342,1287,2025-08-25,Debit Card,69160.0
11058,4619,2022-08-25, Net Banking ,76120.66
2620,3553,2025-12-04,Debit Card,47881.74
12446,3384,2025-04-28,Credit Card,202744.25
7211,4554,2025-06-19,Credit Card,302407.26
3504,4831,2020-09-17,Credit Card,
6095,3395,2021-08-14,UPI,
10951,2434,2023-12-15,Net Banking,251921.86
18867,4118,2023-04-17,Net Banking,384111.37
953,2550,2025-03-24,Cash on Delivery,45844.41
19171,1086,2021-06-12,UPI,294132.05
16385,1366,2024-08-06,UPI,96717.96
6829,2182,2023-06-14,Net Banking,312223.64
19760,477,2021-06-21,UPI,15411.7
871,4044,2024-04-24,Debit Card,216782.85
13304,2571,2022-09-25,Credit Card,86496.05
5395,4797,2024-04-02,UPI,83297.82
14893,4033,2022-10-27,Credit Card,215065.78
1414,3417,2022-12-13,,31394.63
18527,3159,2020-01-01,Credit Card,186342.47
10037,2854,2024-08-02,Credit Card,103558.61
5781,2459,2023-08-05,Credit Card,111707.31
16036,883,2022-07-20,,53215.36
410,2671,2024-09-11,Debit Card,82468.04
4373,2257,2024-08-03,Debit Card,218277.14
14088,3849,2025-07-22,,44778.35
3794,4555,2025-06-12,Cash on Delivery,37999.48
18395,1554,2023-11-27,Upi ,176153.46
5706,2970,2024-08-11,Credit Card,51829.06
11217,4755,2023-10-18, Cash on Delivery ,80919.4
5855,2976,2023-01-18,Debit Card,380737.49
7810,4857,2022-09-10,UPI,14166.53
4016,2310,2022-04-24,Net Banking,71362.64
13557,4275,2025-11-05,UPI,244242.04
9243,4338,2021-01-13,Cash on Delivery,395113.23
7045,813,2019-06-10,Net Banking,155331.61
1132,1168,2025-11-22,Credit Card,345144.89
16316,1210,2025-01-13,Credit Card,102178.0
509,217,2023-09-05,Cash on Delivery,116744.5
645,40,2023-10-17,Debit Card,248192.29
9523,1808,2023-05-15,,180996.99
15634,544,2020-03-25,Cash On Delivery ,400102.46
16786,3820,2024-09-29,Credit Card,32345.04
9073,4755,2025-03-08,Cash on Delivery,326849.85
11026,160,2025-02-14,Credit Card,10400.36
4964,2736,2023-04-03,Net Banking,277054.03
17242,3952,2022-12-05,Debit Card,158890.91
12722,2643,2023-12-04,UPI,80929.5
6845,1709,2025-11-08,Credit Card,226026.13
6176,2392,2025-02-24,Cash on Delivery,54781.2
18908,1777,2024-10-03,,448720.11
4326,4381,2021-01-14,Debit Card,330645.57
5339,1976,2025-02-18,UPI,368588.67
9214,393,2025-08-20,Cash on Delivery,259834.77
5951,1390,2024-09-30,UPI,349132.69
10519,2680,2024-09-02,Net Banking,236112.17
15666,2030,2023-11-20,UPI,143342.4
15735,2294,2025-12-24,,202774.16
9961,3561,2025-12-20,Cash on Delivery,123564.09
16283,3883,2025-06-12,Cash on Delivery,107438.88
4201,842,2024-11-24,UPI,126633.43
17468,4932,2025-07-18,Cash on Delivery,135380.34
5075,1746,2025-02-06,Credit Card,172942.52
1258,1454,2023-05-31,Debit Card,126833.25
6122,2021,2025-05-09,Debit Card,141801.35
17821,2791,2022-01-25,UPI,109701.52
106,2482,2021-09-16,,58528.14
3140,553,2023-06-11,UPI,229637.29
5873,3090,2023-12-08,Debit Card,171776.09
8083,1451,2023-12-27,Cash on Delivery,122154.15
17260,4711,2025-04-16,Credit Card,87840.66
3834,4168,2024-09-07,Net Banking,231514.81
193,1904,2023-07-21,Net Banking,5622.25
7828,3106,2025-05-15,Net Banking,185845.35
19955,4673,2022-03-21,UPI,262036.47
19633,2183,2024-07-19,Credit Card,167919.82
14404,2190,2019-09-30,Net Banking,217760.5
10233,3729,2023-02-26,Debit Card,258527.66
1849,4572,2022-10-09,,77699.5
18591,291,2024-08-30,UPI,19544.15
1061,4592,2022-06-25,Credit Card,310005.2
16874,3160,2023-08-25,Credit Card,268615.94
16320,93,2022-08-23,Cash on Delivery,87752.18
9129,2156,2022-07-26,Credit Card,232745.31
4339,3343,2025-04-28,Debit Card,94251.31
18743,80,2024-04-02,UPI,203552.31
7854,1927,2023-10-13,Cash on Delivery,267221.07
8707,3842,2023-07-23,UPI,214903.9
12917,4786,2022-05-04,UPI,17156.82
13621,509,2023-12-13,Debit Card,177042.21
3214,2559,2024-01-29,Cash on Delivery,4467.01
6151,985,2020-07-22,Net Banking,292456.4
17123,513,2024-04-10,Credit Card,266524.68
17657,1279,2024-07-19,Cash on Delivery,247494.82
14733,2210,2024-01-31, nan ,129319.35
4780,1681,2025-08-28,Net Banking,148069.13
6096,2791,2024-11-21, Credit Card ,129444.49
17502,1983,2025-04-29,Credit Card,43330.8
19912,4402,2025-07-15,Net Banking ,101410.34
19000,116,2022-09-08,UPI,294365.44
6034,4482,2025-01-07,Debit Card ,32987.29
10809,2754,2023-12-22,Cash on Delivery,46686.77
10348,2115,2025-09-24,DEBIT CARD,116376.58
8604,1546,2025-04-10,UPI,5196.81
4238,132,2025-09-30,Debit Card,210969.66
11950,1668,2023-04-24,Net Banking,57202.97
16842,573,2021-07-18,Debit Card,321673.87
12593,440,2024-08-15,Credit Card,238375.74
8335,2997,2025-05-10,Net Banking ,166301.34
16934,4879,2020-07-14,Debit Card,135739.33
12256,14,2025-10-13,Cash on Delivery,149840.08
13360,2096,2025-02-01,Upi ,292266.75
120,699,2024-07-14,Debit Card,244329.69
7715,3827,2024-01-06,Credit Card,118802.88
7569,3116,2024-07-12,Credit Card,257113.96
1029,3319,2021-04-04,Credit Card,374943.72
6373,587,2020-11-24,Net Banking,101447.73
8530,3684,2025-10-04,Cash on Delivery,239539.57
2523,1717,2022-11-19,Cash on Delivery,74338.52
7280,3272,2025-05-17,Credit Card,169885.85
2741,4929,2024-01-10,Debit Card,113489.93
12634,653,2022-09-30,UPI,36662.48
8277,1952,2024-05-06,Cash on Delivery,214081.95
12730,4725,2025-02-22,Cash on Delivery,105346.76
5963,1155,2020-06-14,Credit Card,103328.5
7574,2316,2025-11-24, Debit Card ,104376.09
1676,2013,2025-04-20,,
14947,4767,2025-05-26,,80497.34
17329,378,2025-05-01,UPI,131327.34
4959,4503,2023-03-30,Debit Card,255270.53
12234,1994,2024-10-27,Credit Card,184151.95
14868,1737,2023-01-23,Credit Card,169933.41
11923,1479,2025-08-26,Cash on Delivery,116328.39
12034,2172,2024-01-22,Net Banking,34423.41
17852,192,2023-12-24,,399291.83
8684,4244,2025-01-24,Net Banking,300682.2
8564,3406,2024-07-04,Net Banking ,14924.93
8028,4849,2024-07-07,Credit Card,283830.57
10970,2217,2025-05-02,Net Banking,106513.62
10858,2871,2023-04-29,Net Banking,166986.98
14533,3878,2025-12-15,Cash on Delivery,309948.64
10314,4026,2023-02-05,UPI,470727.83
16870,3231,2024-01-28,Cash on Delivery,106547.57
13128,2081,2021-09-18,Debit Card,71255.76
12058,1312,2024-06-01,UPI,227930.45
16820,3691,2025-11-13,Cash on Delivery,94922.02
2227,4640,2025-02-08,Net Banking,27905.75
3762,2833,2024-09-15,Credit Card,345201.79
16790,4449,2024-07-29, nan ,45223.35
779,343,2021-04-03, Debit Card ,52858.14
6535,1188,2022-11-19,Debit Card,249813.3
7273,1465,2025-02-07,Debit Card,
13706,1022,2023-06-12,Debit Card,241838.64
3473,1047,2023-04-30,Debit Card,150852.4
8100,429,2024-01-20,Cash on Delivery,195466.07
9267,2818,2022-09-24,Net Banking,214469.4
4923,4688,2023-07-29,Credit Card,165648.46
7550,1135,2022-09-29,UPI,291940.59
7570,3664,2024-05-14,Cash on Delivery,271315.37
7640,4708,2025-02-03,Net Banking,207305.69
15821,2227,2025-03-11,UPI,129199.44
5019,4702,2025-12-03,Debit Card,166110.88
13086,4594,2023-01-28,Net Banking,76746.3
7693,4641,2023-02-19,cash on delivery,341161.04
15983,2740,2024-12-18,Debit Card,130435.71
4571,2945,2025-02-25,,426794.39
345,662,2022-05-27,Net Banking,75228.8
9830,3899,2024-04-11,Debit Card,176288.06
2247,4960,2024-01-21,debit card,289535.23
18429,2501,2019-11-24,Credit Card,187231.79
15356,2132,2021-06-07,Net Banking,198550.1
5698,1627,2025-11-13,Debit Card,392604.22
2628,4844,2022-10-16,Cash on Delivery,85164.15
7238,1780,2025-02-28,UPI,6695.57
8450,605,2025-02-16,Net Banking,304076.29
5453,3360,2025-02-08,UPI,
9498,2411,2024-03-06,Cash on Delivery,266197.81
1748,1034,2024-06-08,Net Banking,176550.62
4355,530,2019-09-06,Net Banking,399252.81
1558,469,2024-01-08,Net Banking,342341.26
13354,1863,2023-06-30,Debit Card,262509.79
2815,3466,2023-03-28,Credit Card,364885.85
9343,872,2024-01-17,UPI,111080.24
19116,1711,2025-12-05,Credit Card,134822.0
5219,969,2025-04-12,Net Banking,111631.1
14851,65,2023-12-16, Cash on Delivery ,267790.07
13832,2727,2024-09-04,UPI,356239.67
13725,4597,2023-03-17,Debit Card,278718.94
1440,781,2020-09-27,Cash on Delivery,428984.48
12501,3249,2023-08-06,Net Banking,
8641,1050,2024-10-29,Net Banking,421704.44
19559,2919,2025-04-09,Debit Card,18993.8
1437,4551,2023-08-21,Net Banking,107962.6
18454,1573,2025-01-15,UPI,124342.66
10477,2210,2024-08-10,Net Banking,178776.21
3549,4246,2023-12-16,Debit Card,210778.63
5875,3527,2023-08-05,Credit Card,191045.75
8014,1801,2021-11-28,Net Banking,177779.07
2567,2216,2024-10-11,,64858.1
17231,1785,2024-12-12,Debit Card,137380.0
6875,4872,2022-05-28,CREDIT CARD,176683.44
11681,2989,2025-02-13,UPI,46657.97
5372,358,2024-09-15,UPI,402880.35
15982,3626,2021-07-15,Debit Card,113924.94
8429,4344,2021-05-13,Cash on Delivery,199799.9
14448,1218,2023-09-22,Credit Card,242643.04
8273,4192,2025-08-23,Net Banking,269706.78
9607,627,2020-11-30,Credit Card,16538.37
15629,3936,2023-06-11,nan,134859.15
3758,1804,2022-03-15,CREDIT CARD,163905.64
1409,3346,2024-01-20,Cash on Delivery,32091.24
17990,3895,2025-05-29,Credit Card,229089.51
19937,495,2022-12-20,Credit Card,55387.05
18889,2940,2022-01-04,Net Banking,174813.47
10022,404,2025-05-05,Net Banking,307695.6
16069,620,2024-07-25,UPI,33953.67
2298,2736,2025-08-28,Net Banking,125725.95
19678,4749,2022-11-08,Debit Card,54130.53
4195,3359,2023-08-12,Cash on Delivery,146534.2
12401,3501,2025-05-22,Net Banking,201291.41
16312,2115,2024-06-26,Credit Card,197832.0
122,4108,2021-06-25,UPI,144895.88
12601,4132,2021-02-11, Net Banking ,42915.55
17641,3534,2024-04-28,Credit Card,94296.55
6650,4297,2024-12-22,debit card,68743.82
1893,2864,2024-10-05,Debit Card,145003.66
9380,684,2020-01-27,UPI,19348.88
16960,4841,2021-03-30,Debit Card,116728.32
15876,4927,2022-11-13,Net Banking,135787.68
903,2098,2024-02-28,Cash on Delivery,252077.4
9510,136,2024-02-09,CREDIT CARD,128712.69
5026,2659,2022-10-25,Credit Card,8570.61
9894,47,2023-01-01,Credit Card,379157.14
13547,2614,2025-07-31,Credit Card,127688.79
7331,2944,2024-06-09,Net Banking,35268.17
16590,4138,2023-10-18,Credit Card,503033.32
6810,1705,2023-07-21,Debit Card,245942.95
11035,1703,2024-06-27,Credit Card,194796.38
17976,2771,2022-05-03,Credit Card,284749.72
10936,3780,2025-10-30,Cash on Delivery,296871.84
3754,550,2024-01-05,Debit Card,106532.24
17001,329,2025-11-08,Debit Card,308329.58
5384,495,2021-08-25,Debit Card,350820.52
18388,4410,2022-03-23,Net Banking,153647.16
6246,3936,2024-03-28,Cash on Delivery,124728.26
14960,2533,2025-08-26,UPI,10374.2
3215,1373,2021-02-25,Debit Card,165355.23
18443,79,2022-11-14,Credit Card,216254.95
12824,1656,2023-07-28,Net Banking,12851.24
10126,1414,2019-07-21,Cash on Delivery,19478.11
6082,4184,2025-02-20,Credit Card,159216.36
7512,3221,2020-12-28,Credit Card,188363.28
11060,629,2024-01-06,UPI,
6366,3013,2025-03-22,Cash on Delivery,436890.05
4036,3907,2024-09-07,Credit Card,111452.56
11789,3122,2025-08-03,Debit Card,17739.21
15229,1066,2025-08-10,Net Banking,533085.2
13513,4422,2021-02-16,CREDIT CARD,336572.05
10372,2337,2025-03-20,Cash on Delivery,223741.63
6410,590,2025-07-23,Cash on Delivery,175754.9
13409,29,2025-01-05,NAN,14549.8
16989,989,2025-10-25,,292530.73
599,1094,2024-09-28,Debit Card,214887.64
14112,3388,2024-06-16,Cash on Delivery,93724.35
5883,865,2025-09-04,nan,166645.14
11553,3309,2023-02-04,Debit Card,219895.83
1050,3128,2025-09-10,UPI,112573.62
14405,3793,2024-10-28,Net Banking,114641.8
9046,1795,2024-07-28,Credit Card,18815.52
6423,4660,2024-10-17,UPI,9751.54
3017,4556,2024-10-02,Credit Card,302925.25
14543,4107,2021-11-10,Cash on Delivery,92510.76
19251,69,2023-08-16,Cash on Delivery,79785.3
11712,87,2023-02-13,Credit Card,329031.68
18895,1026,2022-11-12,Cash on Delivery,104543.0
6272,1856,2024-05-29, Credit Card ,215692.02
13423,4190,2024-09-04,UPI,428009.1
13290,241,2025-09-29,UPI,8831.33
19997,1901,2023-10-10,Cash on Delivery,167717.18
12357,3338,2022-02-16,debit card,253045.62
7966,3116,2025-11-18,Credit Card,26947.4
108,4550,2021-06-20,Debit Card,41260.18
17867,2663,2024-09-17,Debit Card,388814.22
14344,2502,2020-02-19,Net Banking,24601.35
1690,4919,2022-12-21,credit card,29559.75
16948,320,2024-01-11,Credit Card,123454.83
15211,226,2025-04-19,Net Banking,448015.64
13013,4242,2024-07-15,UPI,439465.13
17452,2,2025-12-08,upi,26389.17
19378,2954,2024-08-17,Debit Card,126804.93
16379,981,2021-08-19,UPI,391269.99
4802,4250,2024-03-30,Credit Card,70855.44
1869,347,2023-11-13,Debit Card,39214.77
19048,2826,2023-02-23,Credit Card,290060.62
2237,4774,2024-04-21,Debit Card,241353.18
542,4516,2024-11-03,Credit Card,25117.52
9241,4249,2025-10-26,UPI,121296.53
13021,863,2025-06-06,Cash on Delivery,61889.84
14265,3925,2023-07-28,Net Banking,179616.86
10779,4671,2024-01-29,Net Banking,229790.77
5208,2007,2024-09-16,Debit Card,35944.29
17925,2869,2024-04-03,UPI,481712.44
15190,2252,2023-04-02,Credit Card,135916.91
9062,3534,2023-05-30,Cash on Delivery,138827.13
3024,1019,2024-04-09,,298849.28
4518,489,2024-05-17,CASH ON DELIVERY,40912.81
19858,4693,2025-11-27,Credit Card,259988.43
8644,69,2023-08-08,Credit Card,134295.4
7294,1841,2022-02-25,Credit Card,93030.78
65,1941,2025-08-11,Net Banking,295453.65
15530,348,2024-08-22,Debit Card,360461.17
18082,1177,2025-07-19,net banking,109877.7
3211,4983,2025-12-10,Cash on Delivery,319716.69
14066,3410,2024-08-27,Debit Card,80358.24
10508,2096,2025-04-04,,71520.36
7269,2917,2025-10-18,Cash on Delivery,142331.53
12287,579,2024-03-23,Debit Card,194802.2
6180,3171,2024-08-12,Debit Card,12186.6
1843,4724,2025-11-11,Credit Card,175551.22
6786,4247,2021-12-22,Cash on Delivery,71149.65
13779,2329,2023-03-19,CASH ON DELIVERY,20527.32
390,4071,2024-05-05,Credit Card,276146.77
11691,344,2023-11-08,UPI,6089.93
19796,4479,2024-10-13,Net Banking,228339.72
8089,616,2022-08-03,Cash on Delivery,119442.36
9329,319,2025-10-11,Credit Card,362249.51
14648,3778,2025-03-07,Cash on Delivery,97041.03
4880,496,2023-04-20,Credit Card,75212.2
16987,3363,2023-12-26,UPI,139967.54
9208,4793,2023-02-01,debit card,232282.87
6682,2634,2024-11-25,Credit Card,286427.15
13642,1869,2022-09-05,UPI,88717.0
1707,4348,2023-02-07,Cash on Delivery,317273.23
6222,3864,2024-04-12,Debit Card,148385.66
15418,3591,2024-10-10,UPI,79003.43
12649,535,2025-04-18,Net Banking,191015.23
13095,2207,2025-10-16,Cash on Delivery,54707.98
12489,2933,2024-11-08,UPI,233504.16
9434,4399,2025-12-26,UPI,43863.08
2846,1622,2024-02-26,Credit Card,52045.62
9702,2603,2024-06-08,Debit Card,197417.04
9121,1867,2021-12-15,UPI,228223.85
10234,89,2024-09-03,Net Banking,210561.64
13638,2019,2022-10-03,Credit Card,112203.08
15616,3741,2023-12-23,Debit Card,43119.06
18549,610,2025-10-18,Credit Card,347321.18
2315,3740,2021-01-08,UPI,33796.59
4106,1743,2024-05-15,Credit Card,242790.96
16925,1741,2023-12-22,Cash on Delivery,338568.63
16574,3146,2022-08-27,Cash on Delivery,37743.88
7632,3901,2023-09-21,UPI,65220.16
14,4844,2024-06-26,Debit Card,268679.54
3776,3154,2024-09-12,UPI,96269.82
1044,4299,2025-06-26,UPI,287357.3
10891,1848,2024-09-24,Debit Card,91951.75
8733,59,2019-02-03,UPI,134235.28
14771,688,2025-09-06,UPI,45358.4
10416,3414,2024-11-04,UPI,213778.22
5985,2026,2024-12-23,,283509.05
10028,3816,2024-11-30,Net Banking,207155.56
4019,4331,2024-06-26,Cash on Delivery,86924.09
19248,1253,2024-04-28,Credit Card,170503.36
8326,664,2025-11-13,Credit Card,10630.4
12251,285,2025-03-27,Debit Card,251636.92
9915,4182,2022-05-04,Debit Card,3722.66
11530,432,2023-02-20,Cash on Delivery,154850.27
18952,4883,2024-05-12,Cash on Delivery,273943.73
15695,234,2022-11-23,UPI,166370.84
5516,2570,2021-06-15,Cash on Delivery,212728.05
9545,4908,2022-01-19,Net Banking,395783.22
19183,2153,2024-04-20,CASH ON DELIVERY,203382.54
5057,2043,2025-08-03,Credit Card ,115573.21
19011,4773,2024-03-26,Debit Card,70264.02
12158,4698,2023-09-25,UPI,8349.02
19667,4525,2025-07-14,Net Banking,33987.24
15658,2432,2024-01-14,Credit Card,74268.56
4397,3418,2024-09-07,Credit Card,101761.12
4590,1427,2025-01-19,UPI,72413.75
8011,4353,2024-11-14,,196259.44
17071,214,2024-08-27,Credit Card,232254.8
11354,2077,2022-08-11,Debit Card,125789.74
4561,2423,2024-11-14,DEBIT CARD,459333.08
19030,4619,2024-05-27,Credit Card,27207.95
430,4229,2025-08-02,Net Banking,64484.68
6585,2534,2021-08-27,Cash on Delivery,106852.95
17627,1756,2025-09-11,Debit Card,111624.32
335,54,2020-08-04,Net Banking,224922.81
4773,4569,2025-10-11,Credit Card,175900.76
5179,3750,2024-07-29,Credit Card,18993.84
2700,3044,2022-03-04,Debit Card,118085.64
10544,395,2024-01-29,Cash on Delivery,340391.5
7816,3924,2022-12-12,UPI,129913.82
5551,2193,2020-05-01,,99241.46
400,2264,2024-05-28,Net Banking,234640.26
6115,543,2021-11-28,Cash on Delivery,137377.27
13291,3673,2025-03-30,Debit Card,413294.67
4844,3689,2021-11-25,UPI,154434.12
1303,2089,2025-07-04,UPI,53177.99
293,2600,2024-03-17,Net Banking,208512.76
7511,1974,2022-03-25,Debit Card,244562.73
15155,2112,2024-03-13,,171569.94
3883,1285,2024-01-15,upi,86962.95
4879,2591,2025-05-06,Cash on Delivery,79419.61
2082,3118,2023-10-30,Cash on Delivery,333224.53
4253,2777,2024-02-20,Debit Card,46028.0
9311,3720,2023-07-23,,184266.09
10820,2465,2024-05-03,Net Banking,79594.12
15547,1152,2025-12-21,Credit Card,100020.96
9268,3836,2021-12-02,Debit Card,121899.44
9272,3112,2025-04-07,UPI,196458.0
3909,205,2020-05-11,Cash on Delivery,435042.84
18990,2928,2023-02-17,UPI,198828.27
3411,4159,2025-05-17,CREDIT CARD,16967.4
889,771,2025-03-22,Credit Card,158331.19
5511,3706,2023-09-04,Net Banking,128584.63
19472,1611,2021-11-26,Upi ,137174.21
3806,2743,2024-10-30,Credit Card,415840.98
16413,4354,2023-07-13,Net Banking,242313.26
3347,1501,2023-03-10,Debit Card,173795.49
5231,598,2023-02-19,Debit Card,196534.94
4140,3235,2021-07-04,Cash on Delivery,227270.22
13425,2113,2021-05-01,Debit Card,303186.2
1594,4295,2025-08-29,,197346.99
17702,425,2025-03-30,,
10436,3599,2025-11-04,Cash on Delivery,380692.04
4992,4968,2024-09-08, Debit Card ,60272.2
7250,2963,2024-09-26,Cash on Delivery,223175.65
7702,4756,2021-03-28,Credit Card,235691.05
16932,207,2021-11-04,Net Banking,113741.04
11773,3447,2024-01-07,Debit Card,258690.06
2465,466,2024-04-29,Credit Card,16524.4
7923,2705,2025-06-08,Debit Card,316142.88
377,975,2023-01-08,UPI,85432.4
14354,2806,2025-03-27,Credit Card,56832.32
671,3719,2025-12-31,Credit Card,214615.3
15574,2378,2024-12-27,Cash on Delivery,31249.23
9570,1494,2022-03-07,Net Banking,167351.73
16058,1294,2025-08-15,Cash on Delivery,195438.96
12252,4284,2024-11-01,UPI,27238.86
19634,4634,2022-04-12,,129636.36
5743,2765,2024-09-22,Net Banking,202079.97
4223,938,2020-10-09,Debit Card,28562.67
648,2976,2025-07-20,Debit Card,126925.4
13476,3724,2022-01-21,Credit Card,236600.38
11817,2682,2024-05-20,Net Banking,105348.49
15717,3556,2024-08-11,UPI,204807.99
19373,2134,2022-11-06,Debit Card,308411.63
7934,4716,2022-10-08,,331447.93
11558,934,2024-02-13,Credit Card,135599.83
9428,1112,2023-06-03,Debit Card,377199.32
17062,2899,2025-03-25,Credit Card,251529.32
11804,3715,2024-03-26,Net Banking,109087.95
19383,81,2025-09-16,Cash on Delivery,81572.36
13867,341,2025-05-17,Net Banking,217770.53
15797,93,2020-12-06,Credit Card,155785.3
4047,4142,2025-08-26,Debit Card,297766.25
1380,3198,2024-03-17,UPI,195069.62
19382,1493,2025-04-18,UPI,155658.64
14709,2808,2024-12-18,Cash on Delivery,377945.67
16675,3119,2024-10-17,Debit Card,179973.2
12360,1282,2025-04-18,Debit Card,424457.1
16528,1518,2023-02-24,Credit Card,203238.67
9536,3264,2023-01-04,Cash on Delivery,92590.35
14153,1588,2023-11-10,Cash on Delivery,304392.09
16945,430,2023-02-28,,26113.7
10051,2156,2021-07-25,Cash on Delivery,212492.24
14063,3888,2024-12-12,Debit Card ,166309.75
19812,4673,2024-12-31,UPI,36066.32
3718,859,2022-09-12,Net Banking,139642.42
13062,4254,2025-03-27,Cash on Delivery,68165.25
4794,1830,2024-02-07,Cash on Delivery,925.9
13024,2732,2024-07-18,Debit Card,
3860,3784,2023-09-03,Credit Card,41379.98
5979,2691,2023-10-24,Cash on Delivery,243580.2
5971,1797,2024-05-09,Net Banking,125740.18
18992,4786,2023-04-27,Debit Card,239234.62
17082,4293,2025-03-03,,123857.4
12437,3379,2022-01-16,Credit Card,240845.94
18938,3305,2023-07-06,Debit Card,83169.55
19454,2033,2020-01-01,UPI,105130.26
16204,1311,2024-03-22,Net Banking,103107.86
16515,2094,2022-12-27,UPI,117555.72
7699,4227,2022-11-24,UPI,116243.64
13812,3216,2024-12-14,Credit Card,454502.6
10336,3534,2025-11-03,Debit Card,161180.8
7076,3723,2024-09-10,Credit Card,181197.32
12750,2393,2020-07-27,Debit Card ,4116.45
8045,430,2022-10-22,Debit Card,70012.18
14155,2382,2025-01-26,Net Banking,226395.77
14299,4038,2025-07-01,Cash on Delivery,113947.8
11455,3605,2025-03-22,Debit Card,353097.8
15748,4436,2025-05-20,DEBIT CARD,102946.7
15676,3551,2022-08-25,Cash on Delivery,163437.38
19870,3358,2024-03-01,,54845.95
13749,874,2022-02-02,,407593.6
16268,1045,2023-10-01, Cash on Delivery ,160005.3
19400,2905,2025-01-30,,213437.74
17524,704,2024-07-01,Credit Card ,50480.56
12722,2643,2023-12-04,UPI,80929.5
12946,4910,2024-01-31,UPI,26559.22
12231,3226,2023-04-22,cash on delivery,50443.33
3518,1676,2025-08-15,UPI,66622.73
15805,4211,2024-03-16,Net Banking,77056.42
4062,4666,2025-01-06,Cash on Delivery,223223.51
9805,2877,2025-01-01,Credit Card,257080.72
3630,1931,2023-06-20,Cash on Delivery,29515.81
5713,2284,2024-11-24,Debit Card,22840.38
2439,2337,2025-11-11,Debit Card,27381.4
13735,2227,2025-06-28,Debit Card,185068.95
16672,3221,2020-04-21,UPI,210697.02
19596,150,2025-02-18,Debit Card,111238.04
17247,1079,2023-01-06,Credit Card,279165.76
13017,4844,2022-07-22,Net Banking,166933.9
11462,3641,2025-10-12,Debit Card,88376.88
5760,2101,2022-02-26,Credit Card,209626.93
16502,1477,2025-05-22,Cash on Delivery,237869.66
17771,3871,2022-11-11,UPI,238876.64
1499,1489,2024-06-19,Debit Card,190160.9
17876,19,2022-05-18,Net Banking,165385.87
3717,3823,2024-08-11,Credit Card,145782.38
15462,4022,2023-01-07,Cash on Delivery,304106.98
12078,214,2025-12-20,Credit Card,218031.23
13277,925,2025-12-18,Credit Card,225815.95
2407,2954,2024-02-18,Credit Card,132316.86
9783,1450,2023-02-15,,186278.39
2342,2838,2023-05-11,Debit Card,132142.38
1327,730,2022-11-13,Credit Card,50097.32
11508,2453,2022-11-11,Net Banking,81759.93
10885,1393,2021-10-23,Credit Card,150019.15
19971,113,2025-03-06,Net Banking,220512.98
7796,2945,2024-12-13,Debit Card,135948.45
5973,1860,2025-10-26,Net Banking,90150.76
13200,3251,2025-11-01,Cash on Delivery,
10540,3464,2021-04-18,Debit Card,70073.31
8482,3035,2025-05-23,Cash on Delivery,213852.12
2220,1567,2023-01-23,Credit Card,123743.57
3889,556,2021-10-15,net banking,81181.6
10787,4556,2024-12-26,Net Banking,233634.88
1536,615,2020-11-26,Credit Card,147820.9
6691,2239,2024-05-21,Credit Card,13493.51
4804,1019,2025-06-04,UPI,200602.34
9663,1853,2023-11-07,Debit Card,193063.16
1112,2809,2021-05-20,Credit Card,77980.57
2947,4367,2021-03-28,UPI,86151.76
14042,4476,2023-10-22,Credit Card,30068.53
19713,333,2024-11-25,,226829.64
6734,4793,2023-11-13,Net Banking,323064.39
8943,3030,2025-02-15,Credit Card,163421.81
1682,1767,2022-05-22,Credit Card,139455.94
1545,2049,2025-08-04,Cash on Delivery,328112.98
4599,992,2023-10-29,Net Banking,182246.8
166,2420,2025-09-03,UPI,349138.36
3999,3756,2024-10-22,Credit Card,254362.74
9377,4655,2024-07-16,Net Banking,100405.57
12905,1857,2025-07-04,Cash on Delivery,250762.77
7851,4841,2023-08-26,Net Banking,39563.3
2458,357,2022-07-11,Cash on Delivery,287479.54
597,4773,2025-08-22,Credit Card,
13537,4747,2025-01-22,Upi ,274502.38
16900,3477,2022-05-02,Credit Card,185473.19
3531,1105,2019-07-21,NAN,129637.82
9441,4497,2023-02-13,Credit Card,267134.78
4332,1275,2022-10-04,Debit Card,296425.91
18410,1516,2023-08-05,Net Banking,233899.62
13349,2332,2025-12-20,Credit Card,175241.78
5547,1098,2024-04-13,Cash on Delivery,171610.81
9887,3176,2023-02-05,,13937.84
15367,3189,2023-11-22,Net Banking,165461.79
7613,428,2023-01-30,Debit Card,98984.19
12254,1562,2023-06-08,Net Banking,196753.85
2872,3213,2023-11-23,Net Banking,189814.88
8144,4975,2024-11-06,Credit Card,358862.11
1820,3384,2022-12-21,Debit Card,212187.17
8168,4746,2022-11-17,UPI,165016.52
19160,2889,2025-05-12,Cash on Delivery,29749.62
11758,1956,2021-06-23,Debit Card,49615.46
19928,3395,2023-11-11,UPI,64222.42
7145,1961,2022-08-05,UPI,233486.08
13811,740,2024-09-30,Cash on Delivery,44189.62
7165,4346,2025-08-30,Debit Card,385029.66
11149,3888,2019-11-21,Debit Card,152135.44
6971,193,2024-07-07, Debit Card ,144093.8
12980,158,2021-09-29,UPI,279323.43
11980,4097,2025-12-10,Credit Card,72593.16
19174,2251,2023-12-02,Net Banking,166668.69
14382,4994,2023-12-18,,84374.6
8306,718,2023-11-26,Net Banking,168576.15
15234,657,2022-06-18,Net Banking,337251.85
9950,1685,2021-07-23,Credit Card,
1932,1457,2020-06-07,Net Banking,352412.32
7643,3005,2023-03-05,Debit Card,87535.19
2701,2913,2022-12-07,Net Banking,235369.73
7267,2233,2019-10-02,Credit Card,180855.81
1469,4219,2022-06-08,Cash on Delivery,118017.0
9669,3197,2023-04-23,Cash on Delivery,158447.53
19094,2889,2025-10-03,UPI,232992.63
769,3484,2021-11-24,Credit Card,245721.96
14929,2134,2021-02-26,UPI,3270.96
6819,3124,2025-09-19,,42948.5
17952,2724,2025-09-09,UPI,272086.87
4336,21,2023-07-12, Credit Card ,89263.85
18973,3737,2024-02-10,Net Banking,264961.5
3013,727,2025-06-08,UPI,59670.46
4675,1220,2023-12-17,Debit Card,69680.98
398,1452,2024-05-23,UPI,183951.38
3267,1113,2023-11-20,Net Banking,380150.92
18377,2184,2024-04-24,Net Banking,282528.64
2958,3694,2024-03-09,Credit Card,43650.87
15539,3879,2024-11-04,Cash on Delivery,161379.8
13094,4285,2023-12-26,UPI,240736.64
7727,3396,2025-04-11,UPI,257716.31
16566,2526,2025-09-17,Net Banking,437785.6
18855,3084,2025-06-05,UPI,40476.68
13023,3763,2024-09-09,UPI,159460.14
11295,4230,2025-12-18,Cash on Delivery,68084.56
1635,1934,2025-11-29,UPI,318570.46
18349,2080,2023-09-10,Cash on Delivery,93403.98
17947,2651,2025-11-26,Credit Card,264328.75
14436,1656,2021-02-07,Net Banking,372680.99
4517,1931,2024-06-08,Debit Card,34421.98
8125,2406,2025-03-01,cash on delivery,130691.3
2498,1391,2025-11-20,Credit Card,129238.59
11075,479,2024-05-29,Debit Card,296132.09
3190,1397,2022-11-10,Debit Card,280181.96
18756,1876,2022-06-29,UPI,112695.15
6839,4308,2024-10-26,Credit Card,392420.85
3383,4117,2022-04-23,Cash on Delivery,300219.05
19627,4432,2024-10-24,Cash on Delivery,216648.9
12128,2731,2024-07-17,UPI,256118.85
15256,3035,2024-06-19,DEBIT CARD,521688.46
1799,3027,2025-10-08,Credit Card,
9622,828,2024-03-08,Net Banking,381929.96
333,2859,2021-03-30,Credit Card,382248.0
18501,561,2023-07-23,Debit Card,1806.8
19838,2991,2021-02-02,Debit Card,28537.46
17113,4807,2024-05-25,Cash on Delivery,12326.6
19105,1701,2023-11-12,Net Banking,371558.02
2994,331,2024-06-01,Net Banking,231251.58
16529,3141,2025-10-15,Credit Card,373413.09
6753,3617,2025-06-20,,235789.2
4077,3922,2025-07-06,Credit Card,92903.84
3545,2978,2021-09-18,Debit Card,127349.73
9591,11,2025-06-05,Debit Card,172303.77
15771,2919,2024-05-30,Net Banking,173787.06
5376,4564,2024-07-27,,600105.16
13163,1165,2020-11-09,Credit Card,165345.14
3838,2905,2024-08-27,Net Banking,50702.73
7732,2667,2024-01-24,UPI,276744.61
12223,2872,2020-10-09,Credit Card,6988.28
17269,2234,2025-12-26,Cash on Delivery,54568.15
12544,2088,2025-03-29,UPI,21424.78
8392,1372,2024-12-16,Cash on Delivery,201440.39
36,3424,2025-05-28,Debit Card,79975.14
8470,4842,2021-10-23,Net Banking,136317.11
17098,1391,2024-06-24,Cash on Delivery,411049.61
17362,2899,2025-02-05,Debit Card,35925.14
4176,621,2023-07-26,Cash on Delivery,238178.18
12949,4870,2023-03-31,UPI,346867.05
16048,2845,2025-06-20,Debit Card,127059.33
12623,657,2022-11-22,NET BANKING,156855.38
7049,4138,2023-09-27,Credit Card,63942.71
4853,2159,2024-11-23,Credit Card,30459.76
16435,1350,2025-02-01,Debit Card,62852.64
19092,3279,2025-06-28,Credit Card,236733.81
10625,1325,2024-12-20,,140577.26
14598,2606,2024-07-24,UPI,80057.84
6539,2378,2022-03-30,UPI,28648.56
3365,1362,2025-11-18,Net Banking,140706.41
2147,2320,2021-07-18,Net Banking,168371.55
3994,4471,2025-08-17,UPI,333689.37
10976,4303,2024-01-04,net banking,52932.25
3544,3394,2025-08-31,Debit Card,404936.02
5507,2966,2023-11-13,Debit Card,189942.78
16353,575,2025-04-26,Credit Card,167150.06
11575,2832,2024-07-21,Debit Card,265304.44
11808,491,2022-05-13,UPI,212265.43
2336,3364,2023-02-07,Net Banking,306601.8
161,4560,2020-12-25,Debit Card,1079.13
3815,783,2023-02-27,Debit Card,125477.32
15247,4430,2024-05-12,Cash on Delivery,193590.31
6040,2305,2023-05-07,Cash on Delivery,303781.39
922,486,2019-07-01,Cash on Delivery,324467.06
939,3063,2025-12-14,Debit Card,238728.11
19822,499,2025-10-22,Debit Card,165761.92
3767,3730,2024-06-29,Debit Card,36174.2
1482,3299,2024-07-18,Cash on Delivery,76374.5
9862,3986,2025-12-21,Cash on Delivery,227977.44
12753,3692,2019-10-13,Cash on Delivery,442018.02
17350,3353,2024-08-03,Cash on Delivery,268871.23
3975,823,2025-07-26,Debit Card,190443.28
8823,2186,2024-08-05,NET BANKING,17395.9
2154,992,2022-01-16,Credit Card,61275.76
8257,4168,2022-05-21,,139848.4
16958,4945,2025-01-28,Credit Card,77642.48
17581,824,2025-01-04,net banking,18159.89
4409,890,2021-12-11,Net Banking,151551.98
12173,901,2023-01-17,Cash On Delivery ,191175.42
499,4618,2024-05-09,Cash on Delivery,300511.94
18272,1394,2021-09-22,Debit Card,262864.37
353,1258,2025-05-09,Credit Card,303141.23
12933,911,2023-07-01,,62630.64
6090,2008,2025-07-13,Net Banking,80100.34
4506,1108,2021-01-13,upi,315158.56
6383,4608,2024-09-19,Debit Card,221253.76
13752,2658,2025-01-29,Cash on Delivery,135825.25
4834,3205,2023-11-03,Debit Card,
269,3575,2022-03-31,Cash on Delivery,91805.98
3807,3811,2021-08-23,UPI,200883.08
17024,3696,2025-07-12,Net Banking,269772.93
4315,2492,2021-10-18,Cash on Delivery,333660.72
10349,740,2024-07-15,Cash on Delivery,122352.8
8834,4825,2025-05-18,Credit Card,433483.8
18088,3857,2024-04-26,Credit Card,298215.96
11294,76,2024-07-02, Debit Card ,242970.52
11644,3194,2023-12-04,Cash on Delivery,359418.73
10695,2976,2022-11-02,Cash on Delivery,71274.39
14789,1765,2025-01-02,UPI,196442.3
9825,40,2022-08-18,Credit Card,59796.09
2003,551,2025-04-17,UPI,511137.38
16713,2184,2024-08-28,Credit Card,167982.3
2743,2359,2023-03-31,NAN,195987.18
15083,1564,2022-03-26,UPI,270331.35
9621,483,2021-05-15,Net Banking,98691.2
18254,4522,2025-02-13,Cash on Delivery,203673.02
3726,2921,2023-01-03,Net Banking,457.01
19363,4647,2019-12-16,Debit Card,396640.38
10663,4390,2023-04-16,Net Banking,257140.69
14328,3018,2021-02-12,UPI,87338.94
10911,4034,2023-02-22,Debit Card,21470.91
9351,2446,2022-05-28,Credit Card,44593.53
15705,2982,2024-06-21,Net Banking ,101951.36
5678,2995,2024-03-21,Net Banking,259207.06
3604,1299,2025-02-25,Credit Card,126751.2
15316,3920,2020-02-04,Net Banking,230986.55
4471,1511,2024-08-17,Net Banking,30229.9
9150,938,2023-11-02,UPI,23855.1
15948,1500,2024-04-30,Credit Card,96916.7
11777,4486,2024-10-11,UPI,273203.07
13137,575,2024-05-28,UPI,41365.86
16767,602,2024-08-29,Net Banking,23945.42
4585,947,2019-12-08,UPI,74055.8
14595,908,2024-03-14,UPI,226102.04
14017,2921,2024-11-29,Net Banking,146195.9
19547,4590,2023-11-27,UPI,295397.08
12221,2467,2025-08-17,Debit Card,249985.23
12791,201,2025-02-09,Credit Card,100884.78
19477,2551,2023-10-08,Net Banking,181440.21
18723,2974,2022-10-26,UPI,294345.13
7171,520,2025-09-10,UPI,114846.3
6533,4086,2025-05-31,Net Banking,224317.08
11810,900,2025-04-19,Cash on Delivery,203257.29
18184,608,2024-09-20,Debit Card,144404.38
4793,4455,2021-07-05,,115554.24
2785,3877,2024-05-16,Credit Card,201470.2
15840,2908,2023-10-16,Debit Card,185467.39
17377,2707,2025-02-24,Cash on Delivery,284413.48
9386,1661,2021-04-03,Cash on Delivery,186584.1
12143,1862,2025-05-02,Credit Card,22970.04
19790,3211,2025-07-14,Credit Card,125303.85
16943,4596,2025-04-04,Net Banking,171786.59
19821,3069,2024-02-13,UPI,97762.35
5735,3425,2021-03-19,Credit Card,74098.74
11454,4824,2022-10-14,,152691.2
17154,1672,2024-11-11,Cash on Delivery,87676.02
2867,2409,2024-10-26,Cash on Delivery,322465.01
18835,1875,2024-08-23,Net Banking,191155.41
251,4349,2023-01-30,Cash on Delivery,82587.17
2098,3406,2025-04-21,Net Banking,277105.44
887,1575,2024-05-31,Cash on Delivery,31119.06
961,3939,2024-07-13,UPI,28776.43
17903,1902,2025-03-30,UPI,35652.32
3944,132,2021-12-07,Credit Card,9085.05
11239,2174,2025-07-22,UPI,130288.04
19599,4015,2024-08-13,Net Banking,491365.8
2697,3281,2023-10-07,Debit Card,237492.37
9039,81,2022-02-01,Cash on Delivery,102752.14
19577,1640,2024-01-30,UPI,78031.46
621,1447,2021-01-04,Debit Card,79159.1
14455,221,2025-08-29,Debit Card ,354869.88
6998,4172,2024-11-03,Debit Card,60998.28
10593,3556,2025-07-09,Net Banking,100329.52
4650,1030,2025-09-05,credit card,240801.65
4093,2236,2021-08-21,Credit Card,308549.55
16696,4492,2025-07-21,UPI,67920.2
19884,542,2024-04-15,UPI,342098.58
14576,4826,2020-10-01,UPI,86226.4
17603,1763,2023-10-21,Cash on Delivery,279834.14
2927,1504,2024-10-13,UPI,33289.51
3093,4885,2024-09-29,Cash on Delivery,90141.59
12060,1072,2021-09-30, Net Banking ,404998.65
13441,2114,2023-09-21,UPI,22536.31
19282,406,2022-12-22,Debit Card,63066.97
10861,167,2022-03-25,Net Banking,136071.17
1615,4367,2024-03-20,Net Banking,383852.51
11259,138,2020-11-12,Credit Card,139814.47
8988,3587,2024-09-19,Cash on Delivery,172511.15
1394,2219,2024-03-29,Credit Card,123070.76
13610,793,2025-05-02,Cash on Delivery,104836.55
13611,428,2024-04-13,Net Banking,108289.84
19388,3431,2020-04-23,Cash on Delivery,182229.68
14653,955,2024-08-26,Cash on Delivery,287647.95
1573,4291,2022-12-26,Net Banking,6200.73
19757,1585,2020-09-11,Cash on Delivery,17970.81
7348,3562,2023-03-11,Cash on Delivery,16790.88
18419,1018,2025-11-01,Credit Card,140499.8
8563,2460,2022-07-28,Cash on Delivery,393364.33
12678,3410,2023-05-29,debit card,
7837,1271,2025-02-19,Net Banking,66260.56
17035,1662,2022-08-31,UPI,40849.05
15644,4034,2025-03-05,UPI,31980.83
19806,1121,2025-01-10,Net Banking,365313.97
9350,1464,2025-03-13,net banking,155951.58
18523,4397,2024-07-09,Debit Card,110470.1
19424,2703,2022-06-21,Net Banking,132191.35
2668,4606,2023-05-19,Credit Card,190247.94
12769,2438,2021-05-23,,
16127,3998,2020-07-10,Credit Card,13709.19
1901,2557,2023-11-10,Cash on Delivery,49016.9
2286,4702,2024-08-09,UPI,207184.7
12120,1829,2022-09-06,Net Banking,26604.03
19310,1310,2024-10-17,Credit Card,61384.42
12273,1350,2025-06-07,Credit Card,157543.09
11593,4328,2021-12-08,Credit Card,265532.05
13567,3920,2022-06-29,Credit Card,25209.95
2987,1907,2025-08-03,Cash on Delivery,137503.33
19968,3869,2024-03-10,Debit Card,144539.1
4313,4531,2024-08-20,UPI,30846.7
2600,1807,2021-10-22,Cash on Delivery,110139.01
10401,3533,2020-05-29,Credit Card,174756.16
11137,2301,2025-08-21,Debit Card,255063.27
6935,653,2025-07-15,Upi ,156421.29
4960,2758,2025-07-22,Debit Card ,15165.76
2812,4428,2023-05-25,Credit Card,9750.85
18645,4546,2024-10-10,Credit Card,173004.23
18654,203,2023-03-08,Cash on Delivery,179732.4
4900,3386,2025-12-18,debit card,258519.08
11376,3358,2021-12-02,Net Banking,139693.29
10860,4497,2023-07-07,Net Banking,129587.0
16444,4085,2022-08-11,UPI,264068.87
3101,4334,2022-07-11,Debit Card,287931.02
14596,2096,2024-05-08,Net Banking,186563.66
18863,2172,2024-12-28,Net Banking,355570.73
18051,564,2022-07-21,Cash on Delivery,88307.73
7865,1363,2023-01-29,Debit Card,216347.17
3680,1399,2025-06-05,Net Banking,157726.37
17232,500,2020-10-29,Net Banking,88918.89
16213,4269,2025-02-17,credit card,188949.48
15310,2258,2023-05-21,Net Banking,95838.32
19594,723,2025-01-11,Cash on Delivery,118117.8
17234,2857,2021-01-19,UPI,333150.77
1616,3538,2021-07-03,Credit Card,239487.54
3452,1832,2022-09-26,Debit Card,58894.38
14889,1175,2023-10-12,Credit Card,349338.85
14636,815,2024-01-15,Debit Card,130371.79
17660,692,2020-07-17,Net Banking,105022.57
19907,841,2025-02-27,Credit Card,3756.52
10194,4297,2023-12-08,Credit Card,145119.52
8701,4224,2024-03-10,UPI,81369.53
4894,3173,2023-02-24,UPI,34021.98
12461,10,2025-04-04,Cash on Delivery,55123.7
13424,3739,2024-07-18,Net Banking,152034.25
13622,294,2020-08-16,Net Banking,67367.32
12965,808,2023-12-02,UPI,74060.3
17931,2375,2023-06-07,Cash on Delivery,43731.38
2490,3004,2021-01-31,UPI,23866.52
1654,840,2024-07-21,Credit Card,56963.24
8718,191,2023-12-29,Cash on Delivery,90685.78
10290,4775,2024-02-09,Credit Card,389351.87
13433,475,2023-03-18,Credit Card,150910.96
2784,1483,2024-08-17,Cash on Delivery,343983.0
15702,3907,2023-09-06, UPI ,202765.05
6229,3089,2025-03-29,Cash on Delivery,219696.84
10511,4211,2023-01-11,UPI,24103.35
1812,3377,2025-02-06,Cash on Delivery,36757.62
9467,3406,2024-05-09,Cash on Delivery,201356.09
12814,4575,2024-09-10, UPI ,301887.95
10766,4329,2024-03-05,UPI,332287.43
19078,148,2024-03-31,Net Banking,143738.85
331,1881,2025-10-20,Cash on Delivery,80119.4
4059,4851,2023-07-28,Cash on Delivery,462767.93
5859,452,2025-06-09,Credit Card,88275.69
12516,2783,2025-04-28,Net Banking,130071.55
9261,368,2024-07-27,NET BANKING,144264.67
4480,4168,2020-11-23,Net Banking,12641.2
11413,2660,2024-08-13, Debit Card ,86870.9
13461,3935,2023-01-12,Credit Card,235569.22
1796,274,2024-11-13,Debit Card,224049.4
17471,94,2025-11-16,Cash on Delivery,325891.89
12481,3177,2023-11-22,UPI,214988.2
10446,4451,2023-12-02,Cash on Delivery,62221.48
8098,37,2023-04-09,UPI,116687.38
12736,1686,2025-06-11,Credit Card,93292.55
5539,4558,2024-02-22,Net Banking,215406.03
133,2557,2023-11-13,Debit Card,160300.6
7972,2318,2019-06-28,,64521.37
6882,2728,2022-04-16,Net Banking,187962.75
15966,537,2025-04-18,Credit Card,33263.29
8996,3869,2024-02-20,credit card,171649.6
422,320,2022-12-04,Debit Card,168542.65
15070,4018,2025-05-01,Net Banking,205709.7
216,1978,2022-08-07,Net Banking,209171.48
12151,2638,2024-06-18,Credit Card,168171.29
11871,657,2022-04-18,Cash on Delivery,173908.33
1747,3031,2022-06-28,UPI,259246.82
10301,3511,2024-08-05,Cash on Delivery,158226.34
15235,3696,2024-11-20,Debit Card ,44281.78
4769,2285,2025-01-16,Debit Card,103852.04
2760,1657,2022-03-10,UPI,88397.22
2356,4403,2025-09-05,UPI,43261.0
8671,1656,2021-02-27,cash on delivery,72198.98
15430,1260,2023-12-03,Credit Card,74037.88
9569,4517,2025-05-15,Debit Card,60881.54
6988,3124,2025-02-09,Debit Card,288981.03
13004,1312,2024-11-11,Credit Card,99459.72
10631,638,2021-05-09,Net Banking,186267.21
1111,709,2024-06-18,Net Banking,401859.21
6454,3958,2024-02-08,Debit Card,420788.39
5068,751,2021-11-01,Cash on Delivery,175018.27
4845,2832,2024-10-26,Net Banking,3620.32
18640,4308,2024-01-14,Debit Card,18424.36
1733,4687,2023-09-13,Debit Card,352473.91
3865,547,2025-02-03,Net Banking,411812.88
9641,4555,2025-01-15,Cash on Delivery,218409.15
8185,160,2024-09-06,,
16442,4346,2024-02-28,Debit Card,169169.76
7744,3322,2025-02-17, Debit Card ,100564.87
532,3752,2025-10-21,,136482.2
15114,3890,2024-01-07,Credit Card,137557.76
19755,659,2019-10-19,Cash on Delivery,18772.46
816,1790,2021-06-20,Cash on Delivery,35751.53
16510,493,2024-07-10,Net Banking,225158.25
550,456,2025-11-02,Net Banking ,46996.72
13087,2133,2024-02-23,UPI,194593.77
10396,4600,2025-09-06,Credit Card,182088.28
1427,1302,2024-02-25,Debit Card,348125.96
5514,3436,2025-06-14,UPI,187428.68
7125,2904,2021-09-21,Credit Card,457562.57
17440,4706,2023-07-24,Net Banking,77329.68
6029,3297,2025-01-21,Cash on Delivery,275614.52
17899,828,2023-11-19,UPI,44185.48
2708,3738,2025-01-05,UPI,31925.06
8073,4046,2025-03-16,Credit Card,192538.59
12396,3707,2022-12-02,net banking,110402.68
3619,415,2022-02-15,Credit Card,235208.37
19529,3692,2022-06-13,Net Banking,108240.32
524,290,2021-06-05,Net Banking,31253.94
4180,518,2025-04-12,NET BANKING,170612.69
7325,1032,2022-10-16,Cash on Delivery,177042.72
16133,608,2023-01-28,Credit Card,152001.36
928,2046,2023-09-11,credit card,329130.63
12266,1440,2022-12-24,Credit Card,163650.93
16475,678,2024-01-14,Net Banking,115112.24
2189,1622,2025-09-08,Net Banking,397803.12
3474,4058,2025-06-06,UPI,78857.77
6838,4834,2024-06-07,UPI,265402.9
11177,4523,2025-10-12,Credit Card,288046.2
17676,2575,2021-08-09,Net Banking,404528.71
9988,4927,2024-10-19,Credit Card,379692.4
19484,3250,2023-10-26,Credit Card,66227.9
16474,923,2025-08-19,Debit Card,296989.44
5820,1152,2025-09-03,Debit Card,168973.79
16969,4328,2021-05-21,Cash on Delivery,
16568,2733,2025-05-21, UPI ,228850.62
4390,530,2022-09-20,Credit Card,80780.53
3847,1647,2022-01-31,Cash On Delivery ,33173.49
8515,2668,2025-11-14,Debit Card,26370.66
16658,561,2023-07-12,Cash on Delivery,105901.66
9528,3153,2023-07-31,Debit Card,210586.15
17605,3260,2024-03-26,Debit Card,160793.78
1122,2113,2021-12-12,credit card,37318.04
15633,4162,2021-10-24,Net Banking,174731.69
3236,3861,2025-02-08,Net Banking,144103.36
5092,431,2023-06-20,Debit Card,207219.64
14365,1914,2024-05-13,Net Banking,57861.49
1304,3184,2022-10-11,Upi ,307031.95
17130,4802,2022-07-29,Credit Card,119614.32
16207,161,2024-10-30,Net Banking,237796.99
11087,3989,2024-03-31,Net Banking,73546.63
14122,2185,2025-09-17,Debit Card,247136.81
19683,4929,2025-05-27,Credit Card,126111.06
13057,373,2024-11-06,Cash on Delivery,158193.28
9647,727,2020-05-29,Debit Card,300253.98
6590,268,2020-08-28,Debit Card,184180.6
12390,472,2024-05-05,Cash on Delivery,77068.79
4082,4134,2024-04-25,cash on delivery,
5490,478,2023-09-25,UPI,245370.5
6000,1914,2024-03-24,Credit Card,346529.55
18664,752,2025-12-16,Net Banking,170512.4
9682,1165,2025-07-13,Debit Card ,100106.44
10412,4718,2021-01-27,UPI,194491.2
6150,3075,2024-09-24,Debit Card,
15159,2690,2025-10-31,Credit Card ,205538.02
4479,3559,2025-03-31,Net Banking,132540.93
8017,224,2024-09-08,Credit Card,101634.51
3210,567,2025-08-23,Credit Card,220200.11
10853,4684,2023-07-27,CREDIT CARD,35901.92
14311,544,2024-10-02,Net Banking,143405.5
2452,3112,2020-10-05,Net Banking,39230.2
15003,1348,2024-10-10, UPI ,151455.04
18461,3198,2025-10-18,UPI,38410.55
10677,2643,2024-06-16,Debit Card,331584.52
17539,1120,2025-10-09,Debit Card,3297.52
17140,2884,2025-05-14,Cash on Delivery,235767.02
1010,3505,2023-12-02,Debit Card,3095.79
15992,3179,2022-01-30,Debit Card,287162.28
19828,4689,2024-08-21,Credit Card,160375.28
882,2475,2025-12-05,Debit Card,84942.15
13999,3777,2024-08-03,Cash on Delivery,95882.74
16328,4309,2023-10-19,Credit Card,148117.37
5505,1599,2024-08-05,Net Banking,338667.69
6322,1806,2025-10-29,Debit Card,145736.3
4825,1888,2025-01-06,Cash on Delivery,124712.86
7433,1651,2024-05-23,Debit Card,17953.01
16344,2393,2020-02-12,Net Banking,148958.5
9300,4392,2022-07-12,Cash on Delivery,254742.0
18595,912,2023-08-10,Cash on Delivery,176520.05
19893,3283,2023-10-31,Net Banking,109275.65
15307,4992,2025-08-03,Cash on Delivery,161291.33
14154,723,2025-07-09,UPI,256978.64
16648,2042,2024-09-20,Credit Card,82551.35
468,1725,2020-12-20,Cash On Delivery ,375394.6
16542,3755,2025-11-04,Credit Card,
13219,4878,2022-10-31,Net Banking,253990.56
7020,590,2023-04-20,Cash on Delivery,108371.94
4275,4998,2022-06-29,,86504.68
13412,3524,2022-10-18,Credit Card,225218.72
13655,558,2024-03-28,UPI,199101.44
1064,709,2025-05-09,Net Banking,106826.17
4135,3163,2024-03-12,Cash on Delivery,166661.6
16063,1598,2023-09-27,Debit Card,
10717,1676,2023-07-22,Credit Card,70300.62
14004,2944,2023-02-14,Credit Card,127627.55
123,4753,2025-06-11,NET BANKING,297803.16
3980,3865,2023-11-18,Debit Card,32157.54
6195,1828,2023-05-15,Net Banking,108648.84
10399,4305,2023-08-10,DEBIT CARD,114737.16
5426,4017,2025-03-10, Debit Card ,88166.36
7311,1285,2020-11-20,Cash on Delivery,50817.77
4451,2214,2022-06-03,credit card,249355.66
17555,110,2024-07-06,UPI,382883.34
16279,3470,2025-09-28,UPI,202920.3
7930,4743,2021-02-13,Net Banking,85226.74
15000,629,2024-08-03,Credit Card,108923.68
4338,3048,2022-06-21,UPI,183945.33
13593,116,2024-01-17,DEBIT CARD,224926.39
14912,1794,2025-05-17,Net Banking,152162.45
15485,4543,2021-03-12,UPI,286013.16
16952,2485,2021-03-25,Net Banking,18033.4
165,4937,2023-08-23,,293374.15
12338,64,2021-01-23,Cash on Delivery,105547.75
15832,3106,2025-12-12,UPI,39576.88
18376,3471,2024-07-14,Cash on Delivery,172875.44
14300,2761,2021-09-13,Debit Card,213385.08
11924,2279,2023-10-29,Cash on Delivery,254803.17
5005,4729,2024-06-21,Debit Card,246535.72
4175,4465,2025-06-17, Debit Card ,219192.4
12470,3919,2025-07-23,Cash on Delivery,206898.68
1309,2606,2025-01-06,UPI,
18325,846,2022-03-25,credit card,49480.64
14432,1878,2019-08-12,Credit Card,181653.5
17973,4317,2025-11-11,UPI,
14507,1321,2024-11-15,UPI,216510.59
17421,365,2021-08-03,Cash on Delivery,102391.59
18060,1202,2020-05-27,Credit Card,171623.52
19316,4581,2023-10-01,UPI,93159.55
932,4438,2025-10-24,Net Banking,
19798,685,2024-09-28,Debit Card,245395.1
8657,1164,2023-04-12,Net Banking,79875.76
12127,693,2022-12-29,UPI,42925.24
460,444,2023-03-25,Net Banking,429924.64
9690,898,2024-11-14,Credit Card,361482.58
13968,1035,2021-10-19,Debit Card,54802.06
5802,4199,2022-09-24,Credit Card,150399.56
4790,2019,2024-07-22,upi,237318.52
3082,2171,2022-06-02,Net Banking,308180.44
19333,2946,2024-08-25,Credit Card,59092.47
12844,1267,2025-04-23,UPI,69611.65
3574,632,2022-09-20,Debit Card,253675.63
2719,1057,2022-08-18,Cash on Delivery,187232.36
10800,3914,2024-11-15,Credit Card,127451.65
11957,665,2024-02-12,NET BANKING,274020.55
18988,3279,2025-10-30,,71254.3
3581,3193,2023-05-13,Net Banking,330167.88
3413,2688,2021-03-12,Debit Card,177900.7
13966,4614,2022-02-24,Net Banking,426841.65
15815,3632,2025-05-06,Upi ,206530.44
4012,1094,2025-10-26,Cash on Delivery,321388.63
3597,2954,2024-07-17,Debit Card,110451.18
3827,3715,2022-01-31,,165222.57
1623,2167,2021-04-24,Debit Card,92290.19
1151,1823,2023-08-01,Net Banking,317283.5
9255,1453,2023-12-12,CASH ON DELIVERY,16189.82
6094,2462,2025-10-08,Net Banking,114909.16
19976,2847,2023-07-18,UPI,298822.0
5189,1995,2023-07-17,nan,31021.68
14508,3156,2024-03-05,UPI,134366.52
10235,3109,2024-02-18,Net Banking,84655.89
11169,3649,2022-04-17,Debit Card,387697.99
6264,1421,2023-05-08,Cash on Delivery,150588.71
7229,1089,2019-10-26,Credit Card,334111.83
4320,4273,2024-04-18,Net Banking,
10392,1071,2023-03-25,Credit Card,235442.39
6293,2633,2021-12-29,debit card,325814.48
12984,2279,2024-09-06,UPI,180263.84
8115,3421,2022-02-15,Cash on Delivery,190032.25
4259,3025,2024-08-16,UPI,177586.88
1163,1784,2025-06-02,Credit Card,93207.44
3621,4460,2025-05-15,Credit Card,372089.47
13560,3599,2025-01-07,UPI,150064.44
18174,1267,2022-04-15,Debit Card,208760.69
15411,652,2024-03-30,UPI,216299.56
13614,509,2025-01-13,debit card,40511.88
18516,2087,2024-09-12,UPI,
18264,2760,2022-07-13,Debit Card,180160.49
6426,2194,2023-12-05,UPI,202466.31
17369,1680,2025-07-01,NET BANKING,226285.66
18687,1991,2021-09-04,Net Banking,491385.91
14512,3612,2024-03-05,Net Banking,39532.65
18534,2444,2025-11-13,upi,118076.03
10410,111,2025-06-30,Net Banking,38980.26
12794,3795,2024-11-24,Net Banking,9474.18
10097,363,2024-11-29,Debit Card,186385.57
9817,1268,2022-09-06,UPI,245513.84
8212,1573,2023-09-15,Credit Card,80445.78
18281,282,2025-05-20,Credit Card,177716.23
4376,2465,2021-10-11,Net Banking,266147.53
16838,52,2024-03-15,Credit Card,120351.68
15893,430,2024-07-19,Debit Card,34513.25
16639,1325,2025-08-11,Cash on Delivery,216992.7
9976,170,2024-08-08,Cash on Delivery,115649.42
1778,3474,2025-11-02,Credit Card,146043.5
2184,2023,2022-03-22,Credit Card,86108.08
8219,2093,2024-04-18,Debit Card,43681.19
7058,3493,2023-07-04,Credit Card,246710.6
6607,367,2025-09-08,Debit Card,141815.25
6986,3589,2025-04-28,Cash on Delivery,205777.75
8402,3076,2022-10-21,Credit Card,208097.79
2397,1721,2024-08-12,Credit Card,224189.64
16606,4569,2025-09-11,Credit Card,62325.0
14513,788,2025-06-26,Cash on Delivery,53687.78
19549,2528,2025-05-20,Net Banking,199280.52
219,3608,2023-04-11,Cash on Delivery,159275.9
1338,2298,2024-04-14,,169916.72
8969,2044,2023-12-18,UPI,76346.38
18023,104,2021-01-05,Net Banking,156524.92
4104,3796,2023-07-14,Cash on Delivery,246044.31
5102,2596,2025-02-04,Debit Card,290615.4
1428,3616,2024-02-19,Cash on Delivery,57206.79
7777,4742,2023-09-27,Credit Card,361718.86
9362,2792,2024-10-20,Credit Card,134455.7
4387,2665,2025-01-01,UPI,192058.84
9175,3065,2025-09-30,Credit Card,145047.6
9632,798,2025-08-22,Debit Card,188517.85
6385,2396,2024-01-31,,322550.54
4163,3885,2020-01-29,Credit Card,284270.67
14346,2378,2021-10-12,UPI,234729.99
11776,1778,2024-07-17,DEBIT CARD,115734.83
19659,4773,2023-08-08,Cash on Delivery,234947.1
12617,4559,2024-06-14,Debit Card,13434.5
9161,1801,2024-04-28,Cash on Delivery,377430.54
9521,3346,2022-05-18,UPI,91317.4
3689,3417,2025-02-27,Cash on Delivery,114886.36
100,3981,2025-12-20,UPI,53618.19
11227,3942,2021-01-30,Net Banking,188422.98
2341,2287,2021-11-18,UPI,99054.85
4193,4079,2023-02-04,Debit Card,137743.26
7515,457,2023-02-23,Credit Card,228139.11
16961,3076,2024-12-13,Debit Card,158247.94
16103,1093,2024-09-21,,4658.45
15442,2040,2024-04-09,UPI,328854.25
9833,2272,2024-06-13,Debit Card,66855.98
6742,538,2025-05-14,UPI,230552.78
17644,2060,2023-03-22,Debit Card,229420.25
12565,1226,2022-09-24,Credit Card,122793.08
9262,394,2024-06-25,Cash on Delivery,84437.42
9235,4446,2023-12-09,Credit Card,140213.08
1678,2668,2025-05-19,Net Banking,112383.8
13803,2621,2022-02-01,Cash on Delivery,220797.85
18514,4674,2024-12-23,UPI,247863.59
18309,1861,2024-04-06,Credit Card,231035.99
4188,3582,2024-03-13,upi,212592.7
8780,3653,2025-01-19,Debit Card,316962.97
11803,937,2023-08-08,UPI,89268.3
2638,999,2025-11-18,Credit Card,89535.93
1379,2787,2023-11-09,Debit Card,420444.53
16719,2337,2025-02-28, nan ,220857.35
6637,3649,2019-02-12,Credit Card,3009.64
5791,2003,2024-10-05,Net Banking,155169.99
5768,2785,2021-05-11,UPI,349418.29
7072,2060,2021-09-21,Net Banking,154216.09
11289,3769,2020-07-07,UPI,247481.04
14784,4841,2020-02-02,Credit Card,179328.29
14261,1879,2025-10-23,Net Banking,104316.04
9174,2746,2025-02-23,UPI,45378.77
10662,3720,2025-09-07,Debit Card,69326.78
8980,1264,2025-03-13,Cash on Delivery,286945.48
9115,2668,2022-01-19,UPI,291513.79
11889,4503,2023-07-19,Net Banking,246322.62
19534,4230,2025-10-22,UPI,68459.06
13748,3074,2023-02-25,Net Banking,268121.27
4980,4942,2025-05-20,UPI,267366.72
3486,1999,2024-11-14,Net Banking,172972.01
15855,4299,2025-01-15,Cash on Delivery,191844.62
4763,836,2024-07-04,,190925.13
19307,4793,2024-05-24,UPI,233669.41
5073,4094,2023-03-05,UPI,87055.22
18378,3162,2020-04-04,Net Banking,26841.11
16967,4525,2024-08-29,UPI,226273.88
19748,343,2022-03-16,Credit Card,348243.52
10380,4168,2021-06-24,UPI,448776.78
8539,1431,2023-10-21,Cash On Delivery ,26497.95
19494,865,2023-08-16,Net Banking,72325.64
7309,4400,2020-11-16,Debit Card,24554.34
14333,414,2025-09-28,Cash on Delivery,81431.01
19087,1497,2025-04-15,Credit Card,352309.39
2594,3953,2025-09-30,Net Banking,167394.0
11662,557,2022-01-18,Credit Card,31394.6
4411,829,2024-10-11,Debit Card,150263.86
9491,4655,2024-04-26,Debit Card,268111.49
8553,1736,2024-06-17,Credit Card,136788.56
1822,4578,2022-03-26,Credit Card,299234.97
3310,2868,2025-08-31,Debit Card,7282.63
10863,4110,2020-02-09,Credit Card,236596.45
7489,4621,2025-10-02,Cash on Delivery,346091.17
17204,901,2020-03-14,Net Banking,277995.98
18000,1287,2025-07-08,UPI,89531.25
4294,4085,2025-02-11,Debit Card,399663.1
10088,4150,2023-05-23,Debit Card,320299.73
3240,4086,2025-06-30,Cash on Delivery,198325.33
1644,3306,2025-12-28,Net Banking,225306.26
18119,1422,2022-05-01,DEBIT CARD,173980.2
8383,1824,2024-03-09,cash on delivery,303544.17
4018,1526,2021-09-23,UPI,1386.24
10918,1189,2022-07-19,UPI,26956.47
15282,3878,2024-09-27,Net Banking ,117940.5
11151,3989,2024-01-07,net banking,63619.7
3454,2963,2023-11-24,Cash on Delivery,263568.74
6529,1639,2022-07-23,Net Banking,338598.52
279,3118,2022-05-04,Cash on Delivery,472225.28
5460,1075,2024-01-09,Credit Card,183472.9
628,4941,2025-03-14,debit card,361758.58
10480,2235,2020-11-22,Net Banking,82473.55
15324,2986,2025-02-03,Debit Card,120740.81
409,4885,2021-02-26,UPI,178968.4
6080,3420,2025-03-26,Net Banking,
9072,4256,2024-09-06,Net Banking,69061.84
1074,4339,2023-07-30,UPI,102634.86
558,1365,2021-12-17,UPI,258728.87
2725,3976,2025-05-07,Cash on Delivery,450713.08
18301,3657,2024-11-23,Debit Card,127423.48
7097,218,2020-03-09,Debit Card,198777.31
2715,3801,2025-07-13,Net Banking,355201.1
2068,4651,2024-04-17,,
475,1617,2025-08-05,Debit Card,180531.87
16093,1883,2023-07-26,Net Banking,335222.7
15027,4257,2020-12-03,Credit Card,238171.47
6256,1871,2024-08-23,Cash on Delivery,508274.1
15507,3154,2025-10-28,NET BANKING,383416.78
8661,1805,2024-11-04,Cash on Delivery,215249.86
8344,4776,2025-04-07,upi,160360.85
13825,3400,2024-12-26,,208552.38
10110,1531,2025-10-12,Net Banking,179650.45
2610,1488,2024-08-26,Cash on Delivery,295347.5
12343,3041,2022-11-09,Net Banking,173399.1
12849,2945,2022-08-17,debit card,150243.03
2471,2929,2024-05-31,CREDIT CARD,214688.1
7637,855,2024-01-26,Cash on Delivery,18482.94
1534,3327,2024-09-01,Debit Card,243829.66
19648,4661,2025-05-11,Net Banking,92091.45
3727,4130,2022-09-19,Net Banking,
13936,2578,2025-02-12,UPI,
13739,3053,2022-07-11,Credit Card,364498.25
18596,4863,2025-05-09,Cash on Delivery,171917.43
13562,2978,2022-12-19,Net Banking,171822.6
897,293,2024-08-08,Upi ,191600.15
18283,4743,2025-05-31,Credit Card,66098.55
5870,160,2025-08-26,UPI,188733.11
11029,192,2023-05-24,Cash on Delivery,243674.27
17043,992,2025-02-24,UPI,129659.15
4927,4612,2022-06-25, Net Banking ,105460.98
10389,4024,2025-12-19,UPI,167455.4
5831,794,2020-01-24,UPI,88956.83
15120,1693,2024-09-02,Cash on Delivery,259515.83
4562,2390,2021-10-29,UPI,416354.48
9326,3898,2022-09-20,Cash on Delivery,174667.83
6456,1330,2021-08-12,UPI,51019.07
19778,2443,2024-06-15,CREDIT CARD,338610.92
8831,3753,2022-11-08,Cash on Delivery,56087.09
16916,2282,2023-08-04,Net Banking,237441.01
11192,3261,2022-03-25,UPI,175879.83
6833,4150,2024-02-03,UPI,132960.3
10042,3502,2025-06-06,Debit Card,248846.88
10017,1147,2022-01-25,,179317.63
15946,1785,2025-12-19,Cash on Delivery,154453.72
9847,4584,2023-10-20,UPI,81048.62
7618,4013,2024-07-27,Credit Card,588169.32
3789,2624,2024-04-03,Cash on Delivery,197709.03
5270,2619,2020-04-02,,459601.8
15817,3025,2025-11-12,UPI,197634.4
9585,1947,2024-12-17,Net Banking,226942.98
14131,1812,2024-12-10,,74021.08
1378,2241,2021-04-18,Credit Card,282137.69
10020,4439,2024-01-07,Credit Card,211315.88
19799,1900,2020-07-27,,6533.64
715,1967,2021-08-13,Cash on Delivery,240434.12
2473,4846,2025-11-21,,107722.08
2580,3239,2024-12-19,Cash on Delivery,259968.95
2018,919,2025-11-15,Credit Card,327850.99
11273,4467,2025-08-21,Cash on Delivery,266943.66
18984,4744,2025-06-01,Net Banking,141221.28
11762,678,2025-07-31,,319830.11
6891,4403,2025-10-06,Net Banking,203292.25
4070,2301,2024-07-08,Credit Card,141907.56
6776,3440,2023-10-14,Debit Card,223507.08
18057,4017,2023-12-18,Cash on Delivery,139198.25
2772,3836,2020-11-18,Credit Card,349747.34
15016,1831,2024-04-11,Cash on Delivery,308055.73
1919,4180,2021-05-27,Cash on Delivery,213038.25
4882,4936,2024-09-16,UPI,153054.57
14713,888,2023-02-21,UPI,221080.16
10908,2109,2024-09-28,nan,70855.31
12991,1004,2025-01-12,Credit Card,431614.73
16014,4498,2023-07-05,Cash on Delivery,108019.43
5921,4266,2022-06-09,Debit Card,411346.89
17159,4023,2025-07-22,cash on delivery,315308.96
4015,1750,2022-02-23,UPI,59781.32
4331,4663,2025-08-30,Net Banking,256638.13
7463,195,2025-01-05,Cash on Delivery,203941.19
1365,991,2023-06-10, Cash on Delivery ,161672.2
11539,3150,2025-08-20,Credit Card,436952.62
5977,4854,2024-12-01,upi,202071.44
12408,4605,2024-12-17,,178958.05
1093,1092,2025-09-22,Cash on Delivery,
4436,4098,2023-10-24,Net Banking,483453.0
3738,4234,2025-02-20,Credit Card,35838.04
598,1010,2022-01-27,Debit Card,362809.89
10089,895,2023-08-08,Credit Card,180646.27
18304,850,2024-01-01,Cash on Delivery,6175.5
6059,1619,2025-12-21,Cash on Delivery,127535.19
94,2760,2019-11-10,Cash on Delivery,
7995,4572,2025-11-05,Debit Card,110281.01
17795,1322,2023-08-04,Cash on Delivery,236985.17
9651,1766,2021-11-10,UPI,404035.2
8913,2267,2022-06-08,Debit Card,83999.33
3743,4759,2024-03-01,Debit Card,43031.21
8342,2949,2022-11-02,UPI,134100.67
8262,2367,2025-05-28,Debit Card,45239.62
18977,4960,2025-04-20,Cash on Delivery,195946.35
561,212,2023-07-27,Credit Card,161823.68
19766,638,2023-03-27,Credit Card,64701.82
7762,4280,2024-05-19,Cash on Delivery,30998.15
19292,2145,2025-01-25,Debit Card,164860.08
6632,4836,2024-05-11,Cash on Delivery,203069.69
11184,420,2020-01-05,Debit Card,92362.15
1659,3314,2024-10-23,UPI,172679.22
8054,4872,2022-04-28,UPI,306864.42
7465,1257,2020-06-24,Debit Card,330534.0
18621,2870,2021-05-22,Net Banking,231005.46
15868,1339,2025-12-04,Cash on Delivery,57990.54
7599,3083,2025-09-27,Net Banking,36144.87
12095,857,2025-02-15,Cash on Delivery,257763.51
12813,4429,2023-06-06,Debit Card,168849.7
3478,3163,2023-10-15,Debit Card,61995.69
5940,2197,2024-01-30,Credit Card,14076.68
11199,4266,2022-09-03,Credit Card,124868.84
18711,1396,2023-09-16,Net Banking ,163954.68
4040,4270,2025-04-06,Debit Card,
11921,861,2022-08-26,UPI,75377.31
13466,491,2025-10-17,Cash on Delivery,178397.82
4447,2560,2025-10-06,Credit Card,271383.18
1166,4865,2025-05-10,Debit Card,42532.31
11804,3715,2024-03-26,Net Banking,109087.95
979,4150,2025-07-22,Debit Card,41497.72
7415,387,2025-11-23,UPI,405508.75
771,300,2021-11-13,Debit Card,128207.73
7092,1791,2025-07-17,Net Banking,218483.67
1975,1940,2025-06-04,Net Banking,39358.32
1722,650,2025-07-10,Debit Card,161975.21
5364,3502,2024-09-07,Credit Card,172996.54
7416,1925,2022-09-19,Debit Card,40874.86
18487,4907,2020-06-06,Net Banking,192992.61
16545,1783,2022-06-17,Net Banking,173496.69
2198,153,2025-08-31,Credit Card,164209.5
15885,1048,2024-07-13,credit card,185434.48
12406,4474,2023-12-11,,
10406,4376,2021-03-10,Cash on Delivery,230794.65
8965,1006,2025-06-19,Credit Card,51920.41
3262,870,2025-05-02,UPI,280138.09
2195,1463,2023-03-27,UPI,13282.64
12663,930,2024-07-10,Credit Card,243103.41
12742,2999,2021-12-22,,205575.57
9119,2229,2023-05-24,UPI,306584.3
5004,31,2024-08-16,Cash on Delivery,1429.76
11816,1656,2020-11-25,Cash on Delivery,12601.36
18631,991,2023-04-22,UPI,55095.48
5157,1906,2024-10-01,Net Banking,275146.44
15272,4767,2023-04-02,Cash on Delivery,96680.28
7758,1594,2025-09-04,Net Banking,120526.32
4003,1890,2024-03-07,Upi ,296740.84
11422,164,2023-11-07,Debit Card,100454.44
18196,3472,2025-07-28,Cash on Delivery,158014.72
5380,1130,2024-04-10,Debit Card,207016.5
6464,2864,2024-06-02, Debit Card ,28821.61
14888,4224,2020-03-19,Net Banking,271127.22
13182,1048,2024-09-30,Cash on Delivery,143926.84
8393,3194,2023-02-06,Cash on Delivery,467108.59
1915,3369,2023-01-13,Cash on Delivery,297003.3
1961,2309,2021-09-13,,185164.19
16349,4596,2023-07-17,UPI,27396.9
14967,3544,2023-09-17,UPI,306265.86
4525,2005,2023-12-21,UPI,98119.52
8543,341,2022-10-23,Cash on Delivery,207183.93
15438,4440,2025-04-04,UPI,109451.19
11415,1128,2020-07-24,UPI,115092.03
13470,2257,2023-06-01,UPI,153788.31
3878,1107,2023-11-02,UPI,70355.96
435,4870,2022-03-24,Cash on Delivery,306290.47
1732,2666,2022-04-20,Net Banking,144662.62
17689,672,2023-05-13,UPI,123985.23
4439,708,2025-09-01,UPI,90816.11
7253,242,2021-05-20,Cash on Delivery,239051.17
19463,4169,2025-09-08,Cash on Delivery,34839.58
446,1944,2023-10-09,Net Banking,257719.79
19653,3475,2024-05-06,Net Banking,245814.61
18191,4096,2025-02-03,cash on delivery,99834.11
4437,3393,2025-02-07,Net Banking,116205.04
14303,1749,2024-07-23,UPI,139104.16
2529,3057,2024-07-30,Net Banking,58230.54
12331,1592,2025-03-27,Cash on Delivery,26774.25
4998,1612,2024-07-23,Debit Card,200517.14
5803,383,2025-04-09,Net Banking,90678.18
17758,81,2022-05-18,,151629.14
9634,1152,2022-11-07,Debit Card,154961.91
17345,1114,2025-04-06,UPI,307561.25
19455,2523,2024-07-22,Debit Card,70918.94
19616,3063,2021-03-23,Net Banking ,128710.02
9583,516,2023-01-30,UPI,218815.12
1333,349,2024-12-25,UPI,286638.29
12764,3990,2024-01-15,Net Banking,213172.97
1593,46,2024-12-01,Debit Card,392763.03
3171,2676,2022-01-22,Credit Card,60741.18
17150,567,2023-12-27,Net Banking,102855.91
17962,884,2023-02-19,Net Banking,84416.38
8732,4777,2025-01-28,UPI,337189.53
19478,2030,2025-12-15,Net Banking,71173.74
15899,4535,2024-12-17,Net Banking,97325.18
6197,863,2020-09-28,Cash on Delivery,147099.24
12587,154,2020-12-02,Debit Card,103255.92
8791,2789,2023-07-14,Credit Card,289054.18
11366,2918,2023-07-30,Cash on Delivery,59198.66
7627,2334,2023-09-20,Credit Card,272691.16
6923,1520,2022-02-10,,193967.33
12881,1886,2022-08-18,,97708.23
3384,3969,2025-07-03,Net Banking,408399.18
15057,2671,2024-12-20,Net Banking,109923.0
3429,4443,2025-05-13,Cash on Delivery,168240.83
4697,3841,2025-02-16,CASH ON DELIVERY,93545.05
12852,1617,2025-01-21,,36583.19
13670,520,2025-02-12,Credit Card,169914.82
2487,3782,2023-12-02,Debit Card,255322.77
15549,828,2023-11-12,Credit Card,122252.46
12571,4035,2021-05-29,Cash on Delivery,150609.85
2525,1067,2023-11-09,Cash on Delivery,157041.89
5455,4689,2025-08-17,Net Banking,126452.46
12868,4232,2023-08-15,Net Banking,227982.77
6114,1543,2024-11-11,Debit Card,7098.48
15826,3248,2022-08-12,Debit Card,100939.4
15602,3131,2024-05-05,Debit Card,415304.83
13443,3500,2022-05-31,Debit Card,292725.76
19355,1434,2025-02-23,Credit Card,301782.54
15079,3097,2025-08-17,Cash On Delivery ,19049.79
8069,4878,2024-04-07,Cash on Delivery,379922.88
2712,4446,2025-03-15,Net Banking,194347.1
16830,1440,2022-05-10,Net Banking,325038.78
9897,412,2024-10-14,Credit Card,187908.31
17734,1504,2025-04-25,Credit Card,92778.6
12725,718,2022-06-07,Cash on Delivery,11331.06
39,2494,2024-03-31,Cash on Delivery,323468.83
8850,4611,2023-07-05,Net Banking,137115.76
11247,2349,2021-06-14,UPI,186997.55
4295,2745,2020-12-09,UPI,147664.31
19010,4024,2024-03-08,Cash on Delivery,151334.22
14092,2689,2024-02-12,UPI,75793.96
12342,4028,2019-10-14,Cash on Delivery,58448.76
17261,745,2023-05-27,CREDIT CARD,22268.52
256,2150,2023-09-27,Cash on Delivery,381486.99
10837,1525,2020-02-10,Credit Card,97046.2
271,4993,2021-02-01,CASH ON DELIVERY,100315.55
10205,667,2023-12-16, Credit Card ,15273.65
11820,386,2020-09-24,Credit Card,199443.58
18389,510,2022-04-29,UPI,42303.92
16366,630,2024-12-27,Cash on Delivery,75644.96
17103,4190,2024-06-03,UPI,327998.73
14056,2420,2024-07-27,Cash on Delivery,50024.46
9111,789,2023-10-11,Cash on Delivery,53292.0
14641,1775,2025-07-31,Debit Card,16063.56
11123,3283,2024-12-08,Credit Card,
5311,1339,2023-09-26,Credit Card,54897.05
19137,1307,2025-09-01,Cash on Delivery,39452.21
5392,258,2020-12-13,,371246.09
16012,1981,2022-10-12,Credit Card,70111.56
3497,710,2025-12-23,Net Banking,170794.0
11378,194,2023-12-21,Cash on Delivery,298578.12
15581,1655,2024-09-14,Credit Card,525925.81
16552,2852,2023-09-16,Cash on Delivery,104311.35
15208,3073,2023-12-12,Credit Card,346422.75
16636,1246,2024-02-19,Credit Card,192175.96
14121,2780,2024-01-23,Credit Card,257898.95
4025,4517,2024-01-05,Net Banking,18994.92
13617,1196,2023-07-16,Cash on Delivery,185542.33
1677,3507,2024-11-27,Net Banking,34163.06
16844,4501,2022-11-01,Credit Card,193258.96
15179,3453,2023-05-12,Cash on Delivery,17592.38
18991,2825,2024-06-18,UPI,212549.59
17945,3527,2021-10-18,Debit Card,9458.92
4075,4610,2025-11-16,Cash on Delivery,259981.56
6165,89,2025-03-06,Cash on Delivery,243095.68
5058,3739,2022-12-28,Credit Card,182975.57
13337,1886,2024-07-16,,327012.07
12044,212,2024-12-05,Debit Card,94521.66
5456,2389,2023-09-09,Credit Card,86704.42
15102,2852,2023-11-21,Credit Card,163264.58
9043,208,2024-02-29,Net Banking,154101.17
19491,15,2023-10-09,Debit Card,273500.65
15872,4413,2025-08-14,Debit Card,242036.4
918,4893,2025-09-19,Cash on Delivery,27247.59
2379,3624,2024-07-31,Net Banking,175207.45
15117,2434,2025-11-16,Credit Card,142001.22
13113,884,2025-04-23,Net Banking,180455.54
7617,556,2024-12-30,Credit Card,234286.73
16855,2945,2022-11-04,CASH ON DELIVERY,184771.69
15086,755,2022-08-13,UPI,183585.74
1666,88,2024-04-27,Debit Card,118010.73
8242,3701,2021-11-24,UPI,208451.5
12313,1095,2025-12-27, Net Banking ,302348.56
4323,1556,2022-03-02,Cash on Delivery,370058.98
9772,3015,2024-05-13, UPI ,242002.18
11934,492,2023-02-18,Net Banking,278262.56
2348,4408,2025-09-18,Credit Card,62298.78
12498,2132,2025-10-11,Net Banking,448177.04
5659,3556,2025-08-10,Net Banking,44023.88
9280,2544,2025-06-30,UPI,171782.15
14712,979,2025-07-01,Debit Card,236904.09
9363,3720,2025-01-28,Cash on Delivery,7039.92
1252,6,2022-12-05,Net Banking,62101.02
18227,1748,2025-06-25,Net Banking,
17711,2796,2020-03-12,Debit Card,263950.8
10040,3794,2020-03-14,Debit Card,420835.11
8227,784,2021-09-30,Cash on Delivery,558258.56
12167,784,2020-07-25,Net Banking,154159.25
19317,4648,2021-08-11,,46785.16
16182,1333,2025-08-14,Net Banking,
6566,855,2024-05-04,Debit Card,32018.43
1431,4427,2023-12-12,CASH ON DELIVERY,197821.73
6119,3383,2025-09-10,Net Banking,328030.73
1575,4104,2025-06-12,Cash on Delivery,90662.14
809,4134,2025-05-03,UPI,102266.1
4840,1102,2023-10-17, Net Banking ,26303.46
6181,3754,2024-02-26,Debit Card,305131.62
8939,2120,2021-10-30,Credit Card,399725.8
10723,1242,2024-11-15,UPI,160294.92
8910,93,2020-07-19,,266066.7
5496,1065,2024-09-17,DEBIT CARD,387044.03
11963,1527,2020-12-05,UPI,58130.75
8826,4195,2023-10-20,Debit Card,33531.69
3198,1713,2025-10-14,Cash on Delivery,187693.65
16205,2439,2023-01-10,Cash on Delivery,329052.11
304,4168,2022-11-03,UPI,222130.61
314,3928,2024-10-06,cash on delivery,69596.88
9433,1037,2022-05-29,UPI,309436.86
5095,3330,2022-02-06,Credit Card,294379.1
8437,47,2025-01-14,Cash on Delivery,103390.08
8536,3543,2023-04-04,,209906.14
10672,1663,2021-02-14,Debit Card ,280797.67
4885,2891,2022-10-12,Debit Card,400031.31
7721,3114,2020-04-03,UPI,158070.25
11812,4628,2025-02-24,Credit Card,231390.09
9128,4402,2024-03-25,UPI,215997.18
3529,586,2024-09-24,Credit Card,187859.25
18592,1433,2025-12-14,Credit Card,252490.5
17395,1933,2023-06-10,Debit Card,
14600,1863,2022-05-02,Net Banking ,236083.42
12651,2226,2025-01-08,Debit Card,193103.38
18229,1138,2025-11-08,Cash on Delivery,293479.34
8110,4469,2019-09-07,debit card,81098.23
2270,2126,2025-01-26,UPI,193489.66
14976,2191,2025-11-26,Cash on Delivery,261499.1
13709,851,2025-06-05,,91993.5
10583,873,2024-11-26,Debit Card,200863.1
8471,3812,2024-11-16,Credit Card,130365.44
1569,3474,2025-04-10,Debit Card,157092.76
9645,1881,2023-07-06,Cash on Delivery,264962.15
5753,2980,2025-11-29,Credit Card,53842.76
4052,2549,2025-09-28,Cash on Delivery,186366.97
19640,1158,2025-10-02,Cash on Delivery,75128.65
8739,1189,2024-12-08,Upi ,6898.13
12655,511,2023-10-15,Debit Card,86513.56
8312,2215,2025-02-07,Net Banking,141613.8
1269,1831,2025-08-20,Debit Card,159119.76
18492,2144,2023-08-28,Net Banking,69288.42
17692,4067,2025-08-20,CREDIT CARD,214948.8
7936,3996,2025-05-20,Cash on Delivery,92924.21
6173,2809,2021-11-29,UPI,191620.63
6376,3645,2025-04-14,Net Banking,315296.41
7157,1026,2023-03-05,Cash on Delivery,46878.99
7964,162,2023-05-27,Debit Card,322215.44
4848,92,2025-09-06,UPI,109874.19
3766,4935,2025-09-18,Debit Card,247080.47
8066,3988,2023-05-19,Net Banking ,187519.34
14467,3136,2024-02-29,UPI,296867.52
5086,435,2024-05-15,Debit Card,88575.1
7457,4833,2020-04-01,UPI,207845.63
1120,1591,2023-07-03,Cash on Delivery,29198.98
10019,1076,2023-09-21,UPI,322938.57
2541,4228,2025-10-11,Debit Card,85952.8
9658,2685,2025-03-30,Cash on Delivery,99547.27
17233,3132,2021-10-02,UPI,306345.11
1370,4493,2025-03-13,Cash on Delivery,26123.19
9254,1729,2023-06-12,UPI,176035.1
4043,3539,2020-06-13,Credit Card,141969.98
4727,4938,2020-10-12,Net Banking,273540.02
17400,1292,2022-05-13,net banking,29368.6
15331,4288,2025-04-18,UPI,216551.92
3932,593,2024-12-28,Net Banking,115813.74
543,1895,2025-12-25,UPI,440470.46
8324,2270,2025-12-01,Credit Card,11150.17
1860,2764,2024-04-19,Credit Card,360624.11
4340,4112,2022-05-06,Cash on Delivery,147451.69
1542,2143,2020-05-23,UPI,141126.57
8207,1185,2024-09-14,Net Banking,107391.68
2226,4519,2025-11-27,debit card,1754.7
11186,3285,2025-09-13,Net Banking,259129.02
4667,3576,2022-06-30,Debit Card,125284.9
16259,1718,2024-06-29,Credit Card,207570.18
15198,3082,2022-09-21,Debit Card,39339.78
5536,23,2023-05-30,Credit Card,61605.85
11356,3140,2024-12-17,Credit Card,365763.8
11795,4724,2025-08-15,CREDIT CARD,248519.98
8627,2501,2023-08-20,Net Banking,168592.32
1903,1012,2024-01-18,UPI,76030.63
10613,2199,2022-03-28,Cash on Delivery,52633.23
15362,524,2023-11-06,,265396.12
2780,2087,2022-03-24,Credit Card,15579.43
3709,3371,2025-04-13,Credit Card ,34224.07
1391,1985,2021-12-23,Credit Card,72657.85
13249,3252,2022-03-11,Debit Card,161906.85
7896,2479,2020-05-13,Cash on Delivery,186777.29
9085,4647,2024-07-28,Debit Card,140229.42
147,2688,2025-02-19,Net Banking,259511.55
15266,909,2025-01-18,Credit Card,137450.88
17622,3579,2020-12-06,Credit Card,293496.06
1978,4831,2020-12-23,Cash on Delivery,85415.11
16901,3581,2024-10-17,Net Banking,32537.31
2984,4111,2023-01-05,Credit Card,251451.93
15451,629,2025-10-13,Net Banking,117710.37
8857,2600,2023-05-31,Net Banking,101637.56
15552,4880,2024-04-10,Credit Card,129739.76
17158,3372,2022-12-01,Debit Card,230138.17
8729,2130,2022-02-25,Net Banking,
18061,1377,2024-05-23,Cash on Delivery,242660.33
4551,4288,2025-08-20,Net Banking,14028.08
19651,987,2024-10-30,Net Banking,106063.73
4915,4706,2025-02-16,Debit Card,157807.02
8838,3259,2025-04-14,,94367.46
10038,2502,2023-04-09,UPI,188276.42
3056,2036,2024-02-26,Net Banking,237245.31
19666,3896,2022-03-21,Cash on Delivery,4811.67
12048,1161,2025-07-05,Cash on Delivery,265609.48
9942,3140,2023-10-31,Debit Card,156929.19
10385,1060,2023-08-14,Credit Card,165702.07
17792,4170,2025-11-28,Debit Card,211238.12
11655,1646,2023-02-13,Cash on Delivery,381331.51
3050,246,2025-10-22,Net Banking,
5266,2509,2023-10-31,Net Banking,265770.16
6781,4406,2025-05-24,Cash on Delivery,268311.36
3731,3317,2022-12-05,UPI,186692.52
6570,189,2023-09-28,Cash on Delivery,178525.79
15762,4708,2024-02-20,NAN,203442.17
14522,4380,2024-01-24,Cash on Delivery,291347.93
11451,1449,2025-01-22,Net Banking,240847.62
8459,2368,2023-06-18,UPI,345734.88
11456,1178,2024-05-09,UPI,279179.95
3032,3686,2024-06-27,Debit Card,53252.86
2213,326,2023-11-01,Credit Card,54722.61
14904,2554,2022-08-08,,140589.18
513,2103,2025-08-16,Debit Card,104466.12
5241,2372,2023-02-04,Credit Card,203157.75
8744,1054,2022-09-21,Cash on Delivery,9670.44
14824,4652,2024-06-03,Net Banking,158987.5
18311,4394,2025-05-28,Net Banking,246475.11
5604,473,2024-09-04,Net Banking,267170.8
15044,2550,2024-12-23,Net Banking,254486.81
15523,1131,2023-02-26,Cash on Delivery,238072.12
18787,3387,2023-10-14,Credit Card,132578.4
9066,927,2024-01-13,Cash on Delivery,342754.56
13296,3078,2021-03-07,Credit Card,106231.99
19066,1304,2024-07-31,Debit Card,167008.45
18040,3332,2025-11-19,Net Banking,250060.58
6067,280,2021-11-17,UPI,146632.3
5794,2139,2025-08-19,Debit Card,223794.39
1886,1698,2023-01-21,Net Banking,350344.87
11697,743,2025-02-14,Debit Card,196830.46
16550,1293,2023-11-23,Net Banking,243586.03
4022,3856,2024-05-28,Credit Card,219966.53
9264,2682,2024-05-30,Credit Card,291181.41
17709,4432,2025-05-13,Debit Card,266222.34
7565,4847,2024-01-24,,25435.4
3763,4916,2025-09-24,Cash on Delivery,168539.1
8963,4759,2025-09-09,Net Banking,95473.55
16860,1292,2022-01-11,Cash on Delivery,215025.26
7486,1197,2023-08-24,Debit Card,20093.64
4416,3455,2021-07-21,Credit Card,112019.85
8532,1370,2021-12-02,Net Banking,35012.91
6210,471,2023-05-11,Credit Card,293987.43
19930,3094,2025-06-11,UPI,1419.2
10748,2195,2025-12-30,Credit Card,112088.27
7718,1084,2020-11-09,Debit Card,
5113,455,2024-08-22,Net Banking ,
9426,592,2021-09-04,Credit Card,187915.1
18996,4448,2024-04-24,UPI,218507.45
4398,2591,2021-07-17,Debit Card,180324.25
400,2264,2024-05-28,Net Banking,234640.26
7440,4517,2025-11-04,Debit Card,452517.57
7877,4890,2025-12-12,,150181.77
8915,2378,2021-12-27,UPI,137644.34
17319,1768,2022-05-23,UPI,141559.4
19134,3053,2025-10-02,Net Banking ,258357.02
7825,2788,2020-02-29,Cash on Delivery,156956.39
6666,2157,2024-03-20,UPI,136859.3
576,3617,2024-03-09,Net Banking,283961.96
9230,837,2024-02-07,Debit Card,19633.56
16826,720,2025-06-23,Debit Card,68587.08
6679,2913,2024-08-19,UPI,63724.26
1681,4604,2023-08-13,Net Banking,146979.01
3349,3457,2022-07-15,Credit Card,327071.34
4044,3101,2023-02-27,Net Banking,192056.17
4753,4485,2024-12-14,Cash on Delivery,137523.07
1270,2586,2022-08-10,UPI,
5679,3389,2021-10-18,Cash on Delivery,295612.1
8552,4113,2025-05-16,Net Banking,128605.76
7633,2530,2024-02-28,Debit Card,66415.18
6388,3090,2024-10-15,Cash on Delivery,241758.06
14446,925,2023-04-12,Credit Card,209530.45
9468,2060,2021-10-18,Credit Card,172401.76
6128,1132,2025-06-21,Net Banking,146018.22
14724,3095,2023-07-02,Cash on Delivery,37458.93
2549,2755,2020-09-06,Credit Card,335075.16
1460,4519,2025-08-16,Cash on Delivery,140288.73
13286,1730,2025-09-04,Credit Card,145125.88
18134,1807,2025-09-21,CREDIT CARD,52818.46
9883,116,2024-06-01,Net Banking,168069.76
17701,4215,2025-10-08,UPI,127895.2
6472,4153,2023-10-17,UPI,156741.09
17553,110,2024-10-07, Debit Card ,86891.03
1955,2031,2024-10-03,Cash on Delivery,64587.5
4781,1389,2020-11-17,Credit Card,312409.91
16459,4570,2024-09-02,Debit Card,130359.69
1598,2291,2024-08-24,UPI,472759.56
1027,848,2024-11-29,Net Banking,374444.33
15384,2559,2024-05-04,,159817.28
2983,22,2025-02-09, Debit Card ,119634.53
2317,1842,2024-05-08,Debit Card,117472.38
6660,468,2023-06-08,UPI,144717.36
8032,577,2023-10-30,Debit Card,85818.44
267,239,2020-12-27,Credit Card,117747.04
13233,2725,2025-03-02,Debit Card,85121.64
6687,109,2024-08-13,UPI,52646.53
1005,3441,2023-04-11,Cash on Delivery,187533.36
915,3478,2023-11-21,Cash on Delivery,7985.6
7259,2704,2024-02-29,Credit Card,48479.25
17029,2170,2025-10-05, Credit Card ,
3152,4859,2022-09-23,UPI,234295.58
10899,2467,2024-05-10,Cash on Delivery,277073.7
11863,1761,2023-05-03,Net Banking,335607.41
2822,1977,2022-03-13,Debit Card,43404.12
14175,2939,2024-04-29,Credit Card,90789.74
11445,1449,2021-07-06,Credit Card,111252.7
4660,3268,2020-02-10,Cash on Delivery,140327.96
13075,1485,2024-10-06,Credit Card,165803.15
18574,2000,2024-03-20,Cash on Delivery,32873.28
10264,4199,2023-05-17,Debit Card,156786.98
4300,142,2025-05-19,Net Banking,54245.8
19408,2775,2022-03-02,Cash On Delivery ,202249.25
12198,1088,2023-11-11,Net Banking,297683.28
9061,3026,2020-04-28,UPI,72751.9
7841,2225,2025-07-15,Debit Card,6816.02
4011,2427,2025-03-06,UPI,155371.85
6488,3719,2025-02-19,Cash on Delivery,196400.33
726,2885,2025-03-19,Credit Card,212952.22
19514,4326,2023-06-25,,
10793,636,2023-01-21,Cash on Delivery,79278.0
10718,440,2023-12-05,Net Banking,116840.05
5223,4440,2025-01-27,Credit Card,294559.03
17562,1289,2024-08-13,Debit Card,
3121,74,2024-06-18,,63108.3
4733,4253,2025-03-02,Cash on Delivery,67337.1
11886,1959,2023-03-26,Cash on Delivery,126344.24
14362,4605,2025-09-25,UPI,168981.65
14222,4872,2021-10-07,Credit Card,13933.96
2546,4308,2023-07-09,,246596.42
2898,3858,2025-12-31,Credit Card ,222532.63
7636,1605,2024-02-19,Debit Card,83455.84
3438,1264,2025-11-02,Cash on Delivery,187415.12
16004,2799,2024-11-07,Net Banking,133991.15
10213,1786,2020-12-29,Net Banking,25453.14
2382,1318,2022-11-25,Cash on Delivery,231378.46
3791,2026,2024-05-30,UPI,122454.14
6887,3366,2024-03-23,Net Banking,114732.6
5184,3569,2025-07-28,cash on delivery,384816.22
4856,696,2025-04-15,Debit Card,212685.49
13977,1353,2024-04-12,Net Banking,41921.62
13889,1839,2022-10-26,Credit Card,175116.77
790,84,2024-02-07,DEBIT CARD,
11048,3175,2024-03-10,Net Banking,124596.99
18560,2623,2025-09-22,Debit Card,52030.76
676,1100,2024-09-25,Debit Card,352494.74
10831,3714,2025-08-11,DEBIT CARD,450144.64
7933,2966,2025-03-08,Cash on Delivery,185914.5
16684,618,2023-08-08,Cash on Delivery,115195.99
11851,2398,2023-07-24, Credit Card ,299899.04
3871,1673,2024-03-07,Net Banking ,138808.27
6744,1621,2025-10-15,Debit Card,158038.26
1627,1467,2024-02-14,Cash on Delivery,147487.4
3461,2136,2025-01-03,Cash on Delivery,238502.89
3976,2882,2023-01-04,Net Banking,244100.01
2108,2346,2025-04-12,Credit Card,273262.4
7027,963,2021-02-12,Cash on Delivery,176978.5
4190,1453,2024-08-04,Credit Card,266850.88
5912,4587,2019-11-16,UPI,283682.53
19073,192,2024-01-11,UPI,195054.12
1826,3887,2023-09-10,Debit Card,271646.25
7641,2928,2023-05-04,Cash on Delivery,72390.34
8183,4291,2024-09-04,Credit Card,255971.44
10975,1454,2023-07-05,Cash on Delivery,122499.45
9323,4703,2024-01-28,Net Banking,248267.23
14647,4701,2021-09-15,Cash on Delivery,154507.79
8927,4106,2025-03-06,UPI,171150.17
18048,696,2025-02-19,Credit Card,116959.12
11984,848,2025-10-10,Cash on Delivery,112642.3
7941,1739,2024-10-04,Debit Card,67009.4
589,611,2025-04-10,Cash on Delivery,358947.55
19019,807,2024-01-24,Credit Card,242093.01
12113,2560,2024-04-14,Debit Card,
17545,2644,2024-11-08,,170263.85
2010,4823,2025-10-14,Credit Card,87483.39
3220,4319,2023-11-07,Cash on Delivery,268489.18
13298,4270,2025-01-16,Net Banking,153843.35
17887,3431,2021-02-22,UPI,310918.45
15706,1141,2021-02-20,CASH ON DELIVERY,208634.42
453,2334,2025-03-19,credit card,210138.65
615,1243,2025-09-04,Debit Card,88307.88
15900,1077,2025-10-26,Credit Card,108431.82
639,762,2023-01-15,Credit Card,307498.33
12924,608,2025-11-18,UPI,39787.95
14009,1716,2023-09-21,UPI,92401.33
19093,549,2024-03-11,Credit Card,147436.88
19370,3472,2021-10-16,Net Banking,167749.21
8621,2564,2022-12-10,UPI,51161.79
4648,3170,2023-07-09,Credit Card,166560.9
7002,506,2024-06-26,Credit Card,313426.46
9827,1584,2024-09-18,Credit Card,172942.35
6968,1642,2025-01-02,Debit Card,232716.82
15076,1863,2022-07-12, Credit Card ,150913.58
1180,2543,2021-06-16,Cash on Delivery,190247.19
1950,531,2023-11-12,Debit Card,441759.62
13254,2553,2025-11-01,Net Banking,135649.7
10432,2558,2021-02-24,Net Banking,316536.39
17227,671,2025-04-21,Net Banking,202086.23
14021,285,2024-05-06,Debit Card,210412.27
1128,1704,2023-03-23,UPI,363506.58
17732,11,2023-07-28,Debit Card,138372.86
10830,373,2025-10-30,UPI,47154.3
7872,1424,2025-08-12,Debit Card,45760.1
17472,1503,2024-05-16,,37307.94
4208,2622,2024-07-24,upi,113481.24
13556,4814,2024-02-10,Net Banking,96715.04
3318,4269,2025-05-15,UPI,110518.6
9652,2442,2024-10-11,Credit Card,
16375,3115,2025-08-30,Credit Card,106468.47
16591,4083,2024-03-21,Credit Card,104583.5
17870,3547,2025-07-09,UPI,311176.26
344,160,2024-09-10,Debit Card,192909.22
11965,4831,2022-01-23,UPI,16696.39
7648,2524,2022-02-26,Debit Card,92833.23
14317,227,2023-11-21,Net Banking,
13209,2351,2021-04-20,UPI,71039.65
17346,2730,2024-08-10,Credit Card,328645.02
1078,3662,2020-07-01,Credit Card,339910.64
9522,730,2023-10-22,Credit Card,126067.68
14502,211,2025-03-09,UPI,205814.54
8664,2652,2025-04-22,Net Banking,285688.77
15093,4565,2022-08-02,UPI,416749.36
19227,4706,2025-10-07,Credit Card ,321730.96
12249,4110,2021-11-06,Cash on Delivery,167257.08
11114,3711,2024-02-13,Debit Card,277597.38
9941,2900,2023-06-11,Credit Card,77815.86
5347,979,2024-08-18,Debit Card,216150.38
13681,843,2019-09-10,Net Banking,180284.32
18151,1398,2022-11-23,Debit Card,162836.86
11953,1794,2024-07-01,Cash on Delivery,93729.16
19165,1418,2022-09-14,UPI,343561.25
18207,4503,2022-08-23,Credit Card,213680.56
10254,737,2023-08-31,Debit Card,292316.51
5488,4782,2022-01-15,Cash on Delivery,166410.61
2775,4753,2022-02-24,Net Banking,84113.93
10783,3027,2025-01-19,UPI,84858.27
16046,1908,2025-09-11,Credit Card,327563.3
18607,848,2025-10-16,UPI,47777.39
371,4525,2023-06-18,UPI,271972.7
12153,4066,2023-03-11,Net Banking,40364.96
10561,4975,2022-09-02,Debit Card,195385.25
18593,3089,2021-11-24,Credit Card,289329.94
1492,1766,2024-07-31,Credit Card,89591.59
10240,628,2024-11-09,Cash on Delivery,235273.6
12364,1272,2024-12-12,Cash on Delivery,62133.8
2884,2683,2024-07-28,Credit Card,68576.52
8509,1278,2025-10-07,Debit Card,209393.39
2002,29,2025-07-17,Net Banking,224928.97
5017,3541,2025-04-22,Net Banking,307312.08
1351,2942,2024-07-12, Cash on Delivery ,266219.09
7368,1608,2024-05-30,UPI,224799.6
10735,1518,2023-10-19,Net Banking,122147.58
18755,4274,2025-03-31,UPI,332996.43
2651,118,2025-05-23,UPI,57145.86
17781,4836,2022-02-24,UPI,117007.37
6817,1866,2024-06-15,UPI,195078.75
7994,1603,2024-02-17,Credit Card,79444.19
8938,3773,2024-06-24, UPI ,40674.68
2416,2549,2025-03-31,Credit Card,353633.63
15474,4275,2024-09-12,UPI,268897.6
17387,3335,2025-06-10,,75201.76
15896,1623,2022-12-07,Net Banking,38419.64
8869,4801,2025-03-19,Credit Card,67291.24
14398,4107,2025-06-12,Cash on Delivery,134366.77
18292,356,2021-03-24,UPI,326450.63
17184,4302,2022-03-28,Net Banking,14727.3
3137,4953,2025-04-15,Cash on Delivery,128441.59
16833,2132,2021-09-10,Net Banking,353525.52
14803,566,2025-10-29,Credit Card,91530.64
5108,4031,2022-10-09,Debit Card,61364.26
7929,2941,2025-04-18,Debit Card,75150.84
10682,494,2025-01-20,Cash on Delivery,384752.49
15749,4683,2023-08-07,net banking,226466.7
846,4481,2020-11-09,Debit Card,193126.58
2264,1782,2023-02-14,UPI,345627.12
18298,4785,2022-10-27,UPI,314492.36
12865,3861,2023-01-28,Net Banking,
16982,2314,2025-10-31,Net Banking,46618.63
9837,289,2023-11-21,Cash on Delivery,277792.91
7845,4837,2024-05-07,Credit Card,46698.6
12007,92,2022-07-15,UPI,122691.84
18916,337,2024-11-13,Credit Card,386275.52
4899,2518,2024-09-08,upi,231114.36
5333,2439,2020-07-20,Debit Card,29186.01
13184,407,2023-01-28,Debit Card,112692.24
18295,2472,2025-12-17,Cash on Delivery,89452.8
1662,294,2025-03-23,Net Banking,198422.12
17810,213,2023-08-31,Net Banking,172813.28
7423,3446,2024-11-15,UPI,135155.6
476,2315,2021-07-31,Credit Card,207728.15
15314,3635,2024-06-17,Cash on Delivery,69533.07
6323,3370,2024-03-12,Credit Card,94052.13
14258,4269,2025-02-19,UPI,133800.5
1506,970,2024-05-03,Cash on Delivery,239370.71
940,2248,2025-01-10,Debit Card,377208.84
13159,560,2025-11-01,Net Banking,163542.96
9705,3193,2024-10-24,Cash on Delivery,163009.69
11599,660,2023-07-11,Credit Card,222972.44
19589,4844,2025-11-07,Debit Card,299599.13
14940,4423,2025-02-04,Credit Card,67702.02
4866,157,2024-08-28,Debit Card,158394.15
12164,4204,2025-03-08,CREDIT CARD,64103.97
10850,3265,2025-04-03,Cash on Delivery,11978.78
1311,4542,2024-06-22,UPI,154084.35
13341,2101,2023-03-06,Cash on Delivery,49131.32
17306,2517,2023-03-29,Debit Card,156556.66
14341,1841,2023-11-18,,158579.6
7417,539,2024-08-12, Cash on Delivery ,173676.12
13775,3563,2022-07-21,Debit Card,200996.41
2158,2474,2025-06-11,UPI,227360.58
11634,4384,2023-11-28,Cash on Delivery,233819.18
14823,2621,2022-08-08,Credit Card,246844.79
11212,1682,2025-10-26,Credit Card,104071.59
16140,3368,2025-06-14,Debit Card,338641.4
1159,4311,2025-07-20,Credit Card,127817.17
12043,2146,2023-07-02,Cash on Delivery,6405.44
7215,348,2023-07-18, Net Banking ,349856.04
5115,4090,2024-11-04,Debit Card,471411.21
1174,3859,2024-07-18,Debit Card,63417.7
10237,2021,2023-06-27,Upi ,424945.09
10302,981,2020-11-03,Net Banking,277362.19
15552,4880,2024-04-10,Credit Card,129739.76
3912,3954,2024-08-10,,237346.92
11684,96,2024-09-22,NET BANKING,257308.32
8053,4511,2023-08-14,Cash on Delivery,288987.64
9566,4517,2024-09-05,Cash on Delivery,108919.12
7292,515,2023-10-31,Net Banking,232386.86
6768,3139,2023-11-14,debit card,96436.12
2954,205,2024-03-02,Net Banking,124979.29
3356,1997,2025-04-26,Upi ,199854.93
19859,4195,2023-12-06,Net Banking,98110.14
8595,316,2025-11-04,Net Banking,92278.22
12829,377,2024-08-13,Cash on Delivery,223170.62
12597,4335,2025-08-17,Cash on Delivery,382711.02
7384,4996,2023-01-11,UPI,124719.94
17910,1858,2024-01-14,UPI,112204.7
3535,4125,2022-05-23,Credit Card,320114.72
13053,3135,2024-09-08,Net Banking,211143.63
6038,387,2024-01-01,UPI,235713.85
5165,446,2024-04-02,Net Banking,283500.08
19097,2694,2024-03-10,Cash on Delivery,183800.56
19395,4266,2023-06-20,Credit Card,31362.74
11906,2335,2025-07-09,UPI,123238.38
10485,4390,2025-07-08,Credit Card,75724.2
9117,4854,2024-11-22,UPI,23037.87
12926,1381,2022-10-13,Credit Card,95187.63
11160,4987,2025-07-28,Cash on Delivery,341238.9
3117,2536,2024-07-28,UPI,110737.53
6540,3335,2024-02-10,Cash on Delivery,207146.01
15062,1499,2022-01-24,Cash on Delivery,56957.84
2415,4677,2025-09-02,Net Banking,178556.04
19969,166,2024-08-07,,252020.69
4922,3911,2025-07-03,Debit Card,123753.32
5958,4216,2025-09-12,UPI,95698.37
4797,1385,2024-11-19,Debit Card,185851.53
19136,4664,2023-03-04,Debit Card,178278.72
17593,2915,2025-03-08,Credit Card,121581.3
14752,4991,2025-07-04,Credit Card,40240.6
16392,4497,2022-08-10,Debit Card,241735.91
12397,234,2022-08-15,Cash on Delivery,225400.62
9127,2043,2023-05-28,Net Banking,29075.95
13188,2980,2024-09-29,Debit Card,162692.6
4543,147,2022-09-10,NET BANKING,283626.18
14424,1193,2025-06-05,UPI,283813.95
10538,176,2022-10-13,Debit Card,56888.94
9504,69,2025-12-26,Cash on Delivery,68568.48
12482,661,2024-07-07,Cash on Delivery,41804.62
14457,2883,2022-10-20,Credit Card,19356.57
3123,2868,2025-12-12,UPI,385709.62
5793,4575,2025-04-05,Debit Card,190932.91
15900,1077,2025-10-26,Credit Card,108431.82
3985,4015,2023-12-06,Debit Card,188763.75
17267,1973,2024-06-18,Net Banking,52404.74
4318,1604,2024-05-16,Debit Card,316313.75
2105,1546,2024-07-24,Cash on Delivery,222601.34
13628,3614,2024-03-20,Net Banking,210141.73
6761,3853,2022-08-18,Net Banking,82644.45
523,506,2023-12-29,Cash on Delivery,140638.09
2222,468,2023-12-23,UPI,149004.52
4536,1757,2025-03-30,Net Banking,227453.1
8680,4833,2025-01-08,Debit Card,141435.12
15111,4340,2023-07-30,debit card,71884.47
17282,756,2025-04-21,Credit Card,38105.06
8150,3706,2024-04-28,UPI,184843.4
16926,1237,2020-07-02,Net Banking,212447.08
5546,1691,2025-05-03,Cash on Delivery,42956.04
4268,1886,2023-03-11,Debit Card,88463.24
198,218,2022-02-20,Credit Card,188783.87
16150,541,2020-04-30,,375077.53
9391,4419,2024-07-21,CREDIT CARD,202364.0
12170,1024,2023-02-17,UPI,172702.37
10524,242,2023-06-17,Net Banking,280671.7
12510,1823,2021-12-08,Credit Card,182341.8
19143,3560,2023-06-26,Credit Card,373800.37
1357,1600,2022-07-01,UPI,37267.06
12245,4333,2025-05-28,,117403.5
7008,702,2021-04-02,UPI,148291.5
13843,3596,2022-10-07,Net Banking,3143.09
8252,860,2025-03-09,Debit Card,126746.7
1612,241,2024-09-26,UPI,190178.34
1565,948,2024-05-07,Debit Card,114585.1
9926,3414,2024-03-07,Cash on Delivery,238447.02
2481,3600,2025-11-05,UPI,81912.54
17073,134,2025-09-06,Cash On Delivery ,316201.69
11687,1933,2022-10-02,Net Banking,230935.03
7086,164,2023-04-22,UPI,49189.0
12328,248,2024-05-31,Credit Card,50122.2
9974,979,2023-06-14,UPI,105825.51
1135,1619,2024-12-07,Credit Card,321945.82
16496,4379,2024-06-01,Debit Card,199742.25
3880,3568,2024-06-13,Debit Card,212504.56
2024,1432,2024-12-04,UPI,3048.06
13535,1312,2024-11-17,Net Banking,201242.62
529,1227,2023-06-18,Net Banking,115441.44
10282,2175,2023-12-16,Debit Card,94787.16
11453,2221,2025-02-09,UPI,245097.59
16128,3459,2024-10-16,Credit Card,263420.36
10189,2620,2023-11-13,cash on delivery,264907.2
16112,2389,2025-08-01,Debit Card,298355.22
16235,3774,2025-10-12,UPI,360299.3
3404,3726,2025-04-06,UPI,253446.78
569,3495,2024-01-11,Cash on Delivery,61082.6
12774,2049,2024-05-11,Net Banking,212612.52
14218,1868,2024-05-26,Cash on Delivery,265889.3
16078,509,2024-09-23,Net Banking,102606.11
264,669,2024-09-25,Debit Card,280853.2
14018,2987,2021-07-15,Net Banking,201901.88
15902,1686,2023-01-27,Cash on Delivery,38119.64
17785,199,2020-09-28,Cash on Delivery,132003.6
10006,343,2023-10-17,Net Banking ,227015.77
5736,678,2023-09-19,Cash on Delivery,63886.44
17594,432,2024-10-31,Credit Card,164491.67
12612,4401,2025-04-05,UPI,394851.15
17399,2908,2025-03-12,UPI,45701.07
19827,3380,2023-04-03,Debit Card,232678.51
7346,3643,2021-06-28,Net Banking,153633.89
12159,3618,2023-02-17,Net Banking,178961.34
15458,1237,2025-05-26,Cash on Delivery,145956.4
4807,475,2023-12-01,Net Banking,276976.06
3431,279,2021-02-06,Debit Card,365395.6
4567,4703,2021-06-16,Debit Card,20565.41
15447,4036,2023-11-05,UPI,156414.8
3196,1435,2023-01-03,Net Banking,280900.5
17640,882,2022-05-06,,45386.17
17639,4678,2023-08-30,Credit Card,139658.59
756,3937,2023-11-05,Cash on Delivery,80855.92
14939,3385,2024-10-26,Net Banking,54128.64
19058,3667,2023-10-26,Cash on Delivery,175021.41
5025,1977,2022-04-17,Net Banking,70824.04
18450,1332,2022-10-31,Cash on Delivery,88905.95
12542,1308,2022-09-19,Debit Card,81141.99
5520,1582,2024-12-01,UPI,204933.57
3078,1667,2024-07-30,DEBIT CARD,298975.15
8135,2847,2023-04-10,debit card,247425.29
16778,2862,2025-05-11,UPI,
4099,3741,2021-10-24,Net Banking,177106.66
11918,1545,2024-09-05,Cash on Delivery,215833.61
11600,2308,2023-08-19,Cash on Delivery,90463.14
15827,600,2025-03-25,Net Banking,188414.05
716,232,2024-10-20,,
17134,4111,2021-04-06,Credit Card,128761.32
1201,2336,2025-01-21,Cash on Delivery,113887.24
8669,1303,2024-12-23,Credit Card,6787.92
4948,3943,2023-04-21,Debit Card,246010.47
2181,1427,2025-02-08,Cash on Delivery,300911.22
13440,2206,2025-07-15, Cash on Delivery ,165311.82
15006,3097,2021-10-14,CREDIT CARD,132927.7
8577,1654,2025-03-30,,299093.16
17688,340,2021-08-15,,251767.74
8388,2312,2023-02-22,Credit Card,60217.86
3052,3285,2024-06-15,Cash on Delivery,153297.99
18597,3331,2024-10-16,Credit Card,91629.75
8501,3487,2023-10-31,,274807.07
10179,4757,2023-05-30,Net Banking,216283.33
8544,1008,2024-07-26,Debit Card,118266.94
14540,3292,2023-10-04,UPI,94691.28
1582,4871,2023-10-28,debit card,231212.02
17006,1998,2022-10-06,Net Banking,221335.77
14517,1739,2021-08-10,UPI,
6847,1031,2025-08-27,Cash on Delivery,222169.84
18296,3898,2024-04-05,Cash on Delivery,143267.84
15977,4455,2022-10-07,Debit Card,207951.54
19192,838,2022-12-26,Credit Card,
7135,2120,2025-02-10,Cash on Delivery,235160.85
19665,4276,2025-10-15,Cash on Delivery,212882.23
16027,4721,2025-01-18,,90955.28
12072,2731,2022-10-05,Debit Card,172765.48
4881,4345,2023-11-28,Cash On Delivery ,153565.65
9818,1342,2023-01-23,,191148.82
1387,719,2024-02-04,,293341.65
9185,1440,2022-11-09,Net Banking,294292.38
6302,4211,2023-10-30,Credit Card,230634.37
19468,3131,2024-06-30,CREDIT CARD,267120.27
10419,2300,2024-02-11,,27319.08
11498,2537,2023-06-18,Debit Card,143957.96
4389,1810,2023-01-08,Debit Card,83024.14
3168,3434,2022-05-21,Debit Card,348303.4
19569,3221,2021-11-10,Net Banking,271410.95
8924,1462,2020-11-06,Credit Card,141655.94
9393,1324,2021-10-18,UPI,488099.51
6524,714,2025-03-04,Cash on Delivery,363293.95
18552,4220,2025-11-12,Credit Card,79460.36
8095,2554,2023-10-20,Cash on Delivery,190122.64
3770,4821,2025-10-04,Net Banking,84914.56
8625,2753,2021-10-16,Net Banking,639448.46
9664,2947,2020-03-30,UPI,73964.0
17053,1632,2024-09-05,Cash on Delivery,73919.1
9277,2384,2022-02-09,UPI,217901.27
9060,2861,2024-12-12,Net Banking,3252.36
7747,2022,2025-01-19,Debit Card,77795.14
18522,1576,2025-05-02,Credit Card,54740.0
13959,2472,2025-10-27,Net Banking,186106.27
11571,1364,2025-03-24,Debit Card,57805.62
19916,4186,2022-04-08,Credit Card,328122.42
15357,1434,2025-02-21,Credit Card,38509.7
11362,3834,2025-06-10,Credit Card,124146.64
3359,3442,2022-09-19,,44572.76
2050,1776,2020-07-24,Debit Card,51407.32
986,1892,2024-03-16,UPI,147509.8
12584,3423,2022-02-04,UPI,72105.63
5146,659,2024-11-07,Debit Card,93878.04
13365,1094,2025-06-13,Net Banking,274527.66
3941,4856,2025-07-01,UPI,498342.29
7857,718,2022-03-01,Debit Card,325426.21
9450,2607,2024-09-01,UPI,262984.7
645,40,2023-10-17,Debit Card,248192.29
10057,1827,2022-03-26,Cash on Delivery,23108.73
5669,411,2024-12-30,UPI,114075.88
2166,1529,2025-12-11,Net Banking,368834.14
1511,682,2025-03-01,Cash on Delivery,128803.42
3436,1543,2023-08-03,UPI,148206.27
12783,2407,2024-06-11, UPI ,257523.53
9778,180,2020-04-25,Credit Card,171129.73
383,1310,2025-12-31,Credit Card,175244.89
10287,806,2023-04-11,Credit Card,253734.51
7495,789,2023-10-09,Net Banking,7581.36
15365,3711,2023-06-26,Cash on Delivery,201031.28
16011,2052,2023-11-01,Cash on Delivery,21192.99
16478,3793,2025-06-16,Cash on Delivery,90322.57
10170,3254,2023-09-27,Net Banking,131531.89
1894,4755,2025-12-06,Cash on Delivery,246684.15
12529,4599,2023-01-07,Net Banking,54841.08
15332,1442,2022-11-11,Debit Card,55308.17
5175,4422,2020-10-18,Credit Card,83298.09
7831,3099,2024-01-04,Debit Card,155660.25
4832,1062,2021-05-30,Cash on Delivery,133832.33
4004,4362,2023-06-22,Net Banking,202482.16
9172,1313,2025-12-19,,201720.82
10715,4270,2025-12-11,Net Banking,259541.32
12870,89,2025-03-15,Cash on Delivery,399966.88
16866,2230,2023-09-16,UPI,263816.1
1356,4920,2025-01-23,Debit Card,436232.69
16108,3923,2021-09-24,Debit Card,156247.26
17223,1172,2022-12-08,Debit Card,150521.78
6766,743,2025-07-19,Net Banking,252326.57
17353,4480,2025-06-14,Net Banking,235439.49
12202,1590,2022-02-16,,221555.94
4587,743,2025-01-31,Credit Card,4631.42
4461,4716,2025-09-05,Debit Card,39535.08
3697,3985,2021-11-15,Net Banking,120712.85
12817,2972,2022-12-22,Net Banking,81255.46
19501,2715,2023-12-28,Cash on Delivery,154706.04
9229,4701,2024-02-13,Cash on Delivery,331662.37
16197,1648,2024-06-27,Cash on Delivery,
2906,1867,2024-11-29,Credit Card,139593.24
4710,175,2023-12-15,,132426.9
17419,2192,2021-07-01,Cash on Delivery,336070.18
19359,1924,2023-01-22,CREDIT CARD,340742.6
18936,3693,2025-01-15,Cash on Delivery,249752.4
1503,922,2025-05-07,Debit Card,38424.06
16295,4542,2020-03-25,Net Banking,268115.08
15241,4903,2025-03-18,,241495.45
7065,3837,2024-12-21,Debit Card,149835.98
13772,1423,2022-07-07,Net Banking,27789.36
8708,2405,2025-04-14,Debit Card,203058.56
13767,2104,2025-08-09,UPI,376534.75
8923,2227,2025-12-25,Credit Card,120606.2
7689,645,2020-06-18,,185775.22
19614,4882,2022-05-12,Net Banking,103632.21
10849,2609,2025-12-14,Debit Card,169393.26
950,140,2024-08-27,Debit Card,174241.4
16671,4778,2020-07-29,Debit Card,104053.28
10552,539,2023-07-12,Credit Card,210756.0
16448,159,2025-08-06,Upi ,75765.1
12590,545,2022-10-14,Credit Card,105217.33
11155,2676,2023-10-30,credit card,115408.1
5354,2883,2025-05-13,Net Banking,187274.4
18805,242,2021-06-02,Debit Card,201809.08
5671,2824,2024-11-13,Credit Card,171316.85
19050,3951,2025-10-25,UPI,34166.85
17240,1110,2025-03-23,UPI,76193.82
5120,2374,2022-04-01,Debit Card,277988.09
9923,3110,2024-05-05,UPI,146796.92
1479,2537,2024-05-23,Cash on Delivery,111045.6
19148,586,2025-02-01,Cash on Delivery,149347.28
2253,324,2025-01-10,Credit Card,211096.21
4574,4038,2023-06-17,UPI,491341.56
957,724,2024-02-16,UPI,395951.55
17723,4417,2024-02-16,Credit Card,144619.21
5367,4606,2024-02-26,Cash on Delivery,83574.77
19254,4326,2024-04-26,UPI,76498.32
9692,235,2022-04-08,Cash on Delivery,17379.04
8737,1776,2021-06-25,Net Banking,1853.66
18273,4217,2020-01-18,Debit Card,213414.15
8824,4164,2024-11-23,Net Banking,337595.23
18978,737,2021-06-08, UPI ,249024.22
18385,1598,2025-03-12,Debit Card,86921.4
8885,4995,2020-12-31,UPI,98567.92
18945,4099,2025-01-07,UPI,198048.73
16649,993,2024-12-10,Net Banking,11180.1
7019,4280,2023-11-19,Debit Card ,198350.09
18285,2235,2022-08-14,Debit Card,170941.41
4262,3059,2025-11-29,Net Banking,103287.19
11019,3122,2025-04-01,Debit Card,66521.56
9848,3265,2025-03-04,Credit Card,85165.23
19057,3972,2025-11-28,Debit Card,
7931,3795,2025-10-17,Cash on Delivery,146266.08
1075,10,2025-10-25,UPI,62438.27
5067,3242,2023-10-25,Credit Card,372092.64
18630,3269,2022-02-16,Net Banking,136955.04
5567,4744,2021-05-14,Debit Card,70622.8
10219,681,2024-06-02,Debit Card,202032.94
13649,4416,2023-11-30,Cash on Delivery,220450.03
11019,3122,2025-04-01,Debit Card,66521.56
17790,4439,2021-04-16,,166337.25
7911,2417,2025-02-16,Credit Card,176189.9
9270,2841,2025-05-24,Debit Card,204337.93
16229,3502,2024-12-03,Debit Card,348715.0
12201,4072,2025-09-06,Cash on Delivery,37168.15
17530,1985,2021-05-27,Net Banking,431094.5
8101,4908,2025-11-19,Net Banking,182274.66
2337,2573,2025-05-06,Cash on Delivery,144168.55
8194,3905,2024-04-27,Net Banking,242493.6
2203,4357,2023-11-28,Credit Card,160291.56
9295,3648,2024-03-06,Debit Card,50865.42
10190,4018,2025-08-06,Cash on Delivery,114995.85
15986,2145,2025-12-27,Cash on Delivery,8183.2
12212,4817,2023-08-31,credit card,120068.64
4452,3567,2021-10-10,Credit Card,117536.85
14605,459,2025-04-11,Credit Card,123872.02
4670,2408,2024-11-09,,140649.84
1249,42,2020-10-07,Credit Card,27054.93
12244,1957,2021-06-20, Credit Card ,74657.61
9499,2363,2022-07-08,CREDIT CARD,27897.36
19605,2048,2025-11-03,Credit Card,181929.15
17637,2160,2021-08-18,Cash on Delivery,442352.68
10018,452,2024-02-29,Credit Card,239353.72
15185,2722,2024-10-11,,225608.73
19759,1221,2021-12-05,upi,262341.91
13500,1784,2023-07-15,cash on delivery,84520.17
8948,20,2023-10-30,Net Banking,73639.76
11898,4276,2022-04-01, Cash on Delivery ,143627.88
18507,3960,2023-01-09,Cash on Delivery,360324.34
14973,4129,2025-10-28,Net Banking,451792.74
4489,3350,2024-11-25,Debit Card,415636.79
9597,4261,2025-04-01,Debit Card,61277.28
76,3586,2024-01-16,,154939.2
13228,1734,2023-12-07,Debit Card,225243.77
6058,1515,2024-10-12,Cash on Delivery,241483.98
5341,4322,2024-07-29,UPI,211874.47
17687,980,2024-09-26,UPI,
8332,4119,2021-12-01,Net Banking,275931.75
14244,1903,2024-03-19,UPI,96307.18
14579,4184,2025-11-22,,181551.65
7207,2411,2025-11-11,Net Banking,332925.93
4394,286,2024-06-03,Debit Card,74406.12
2332,2505,2025-03-27,Credit Card,
7916,2832,2024-05-29,Cash on Delivery,290383.68
15074,1417,2024-02-10,Debit Card,60735.66
13964,1446,2024-12-27,Credit Card,117343.56
13344,3159,2024-01-07,,64908.92
11956,1094,2023-12-10,Cash on Delivery,115186.38
18741,2434,2024-01-31,UPI,123407.8
15942,2944,2022-07-22,Cash on Delivery,127080.54
1810,4328,2023-06-28,Debit Card,70431.66
12330,3172,2024-03-07,Cash on Delivery,123811.4
18404,4398,2025-04-23,DEBIT CARD,231096.27
12102,3965,2023-12-10,UPI,284599.84
3704,2180,2022-07-18, Net Banking ,476217.0
16357,3311,2025-05-18,Net Banking,170370.48
17661,3883,2025-06-18,nan,144031.92
18420,4795,2024-06-13,Net Banking ,300991.72
5090,4564,2025-06-04,UPI,531442.99
18220,4665,2021-09-18,Credit Card,23317.4
11798,2294,2023-06-13,,422889.42
12395,3860,2022-12-14,UPI,164888.7
7549,497,2024-03-10,UPI,311667.85
11831,665,2024-09-09,Net Banking,92918.1
7276,4786,2025-07-02,Net Banking,427171.02
10258,2027,2024-07-05,debit card,172530.94
1263,4613,2023-04-08,UPI,
4577,445,2025-09-13,Credit Card ,6359.06
9123,403,2020-11-29,Cash on Delivery,170478.81
10909,1265,2023-10-31,UPI,169818.51
5709,1768,2025-03-16,Cash on Delivery,453441.51
19996,204,2023-04-04,Net Banking,329441.07
8297,1936,2021-10-19,Credit Card,7190.53
1952,2590,2021-08-15,UPI,157818.24
18428,4596,2025-06-26,Credit Card,142228.79
8345,2914,2023-06-20,Net Banking,129205.02
17169,1856,2024-07-06,UPI,53239.43
5714,1186,2024-05-01,Credit Card,88945.73
6436,4026,2025-02-28,Net Banking,95961.01
14528,2889,2025-10-03,UPI,152236.2
17109,58,2023-07-30,credit card,21462.14
351,3702,2020-08-04,Credit Card,267227.51
4862,197,2020-08-06,Credit Card,201651.95
12169,2856,2022-11-01,Credit Card,242276.45
12477,555,2023-09-05,UPI,46244.52
11269,4813,2025-11-03,UPI,12574.93
1730,4199,2024-03-04,Debit Card,338835.44
6751,714,2024-11-01, Net Banking ,161905.81
6560,2795,2025-08-10,Credit Card,148347.58
17949,3995,2020-10-04,UPI,6814.2
3475,268,2025-11-10,Debit Card,122082.3
3447,547,2024-08-22,UPI,236460.55
9180,40,2022-01-15,Cash on Delivery,236021.77
10048,4138,2024-04-09,UPI,91375.59
18192,1775,2025-06-22,Cash on Delivery,214342.06
9785,2931,2025-07-23,Cash on Delivery,277702.02
1852,4030,2024-01-30,Net Banking,
1996,3138,2021-01-27,upi,320113.0
985,3474,2019-11-25,UPI,116811.18
9795,3171,2025-11-08,,55655.67
16834,2097,2025-01-16,Credit Card,233136.46
8427,4759,2025-04-16,UPI,232378.98
4516,4097,2025-07-19,Credit Card,217662.5
14124,3527,2022-03-14,Net Banking,89113.76
18308,1466,2021-05-10,Net Banking,202518.21
7842,1212,2022-06-09,Credit Card,76616.08
11013,3611,2025-11-24,Upi ,168100.8
9797,1542,2021-12-05,Cash on Delivery,221173.77
13921,828,2022-04-15,Net Banking,295892.17
4698,4940,2024-12-16,UPI,182733.6
7722,1220,2025-01-08,Debit Card ,234384.34
7355,2642,2024-02-07,Credit Card,277801.85
18361,3537,2023-09-07,Credit Card,144176.3
86,1063,2024-03-31,Debit Card,302473.22
8670,3478,2023-03-23,Credit Card ,168034.98
1791,4555,2025-05-06,UPI,100114.13
8886,288,2025-03-23,upi,146279.42
11056,1674,2020-09-14,Net Banking,253884.5
2375,4922,2025-06-19,UPI,208669.44
1103,1471,2024-11-03,Net Banking,40568.6
2836,104,2019-12-12,Credit Card,95945.16
9358,3641,2022-03-03,Net Banking,345038.63
16135,558,2024-07-25,Cash on Delivery,8706.97
9561,2944,2022-03-28, UPI ,112918.3
6602,2309,2022-07-21,Cash on Delivery,
19725,740,2024-03-31,Debit Card,183530.69
3842,17,2023-09-23,Cash on Delivery,101868.44
5961,2056,2023-11-19,Net Banking,6850.58
83,3706,2024-08-25,Cash on Delivery,32435.46
11466,4633,2024-06-14,Credit Card,168004.82
14421,3470,2023-10-04,Credit Card,371342.32
1085,4134,2022-10-14,Net Banking,124320.21
14343,2311,2025-02-06,Debit Card,27970.01
1519,4721,2025-03-25,Credit Card,188937.83
2272,783,2025-10-31,UPI,162025.95
14980,1816,2023-10-05,Credit Card,187776.66
6913,1613,2025-04-04,UPI,32218.65
10443,1471,2022-08-27,DEBIT CARD,201979.73
12540,2900,2025-06-24,Net Banking,362015.14
15685,1594,2024-11-23,Net Banking,26012.1
7801,2854,2025-02-07,Credit Card,92124.46
10023,4329,2024-03-22,Debit Card,196096.83
3468,4240,2023-11-19,Cash on Delivery,186971.86
109,4397,2025-07-05,Cash on Delivery,16497.39
14885,2230,2019-11-02,Cash on Delivery,300332.49
3919,4342,2025-08-12,Upi ,5624.16
1484,31,2025-08-19,Cash on Delivery,237454.13
18104,4712,2023-10-07,Upi ,315711.64
6555,1071,2025-10-09,Cash on Delivery,97790.4
19688,152,2025-02-11,Debit Card,174714.45
5941,4536,2022-10-11,Cash on Delivery,165376.83
10384,1402,2022-02-28,Net Banking,169523.6
9779,2265,2025-09-07,Debit Card,191247.36
9734,2026,2024-12-02,Cash on Delivery,95317.95
6290,75,2025-10-16,UPI,86651.46
14319,1617,2024-10-27,,106657.52
9385,1727,2024-12-23,Credit Card,282408.53
17742,2683,2025-07-16,Cash on Delivery,92516.4
11715,744,2023-12-14,Credit Card,32971.6
2790,3618,2024-04-03,NET BANKING,53288.42
16966,969,2024-05-20,UPI,102451.79
4955,4410,2022-08-08,Cash on Delivery,189747.42
4103,2684,2024-02-01,Cash on Delivery,303340.32
8039,2786,2024-11-18, Net Banking ,374053.22
15470,307,2025-10-06,UPI,278264.68
656,2176,2022-05-14,,125030.73
14385,3446,2024-09-26,UPI,379484.18
19181,3018,2025-09-11,UPI,254281.77
5479,3685,2025-06-28,Debit Card,173680.88
7773,713,2024-08-13,CREDIT CARD,13813.32
14132,950,2023-08-10, Cash on Delivery ,114135.12
10915,4220,2025-12-06,Debit Card,112925.46
11180,1366,2025-04-04,Debit Card,425206.24
19913,451,2024-11-28,Credit Card,123396.2
19552,1445,2025-03-19,Debit Card,174198.25
13702,884,2021-11-13,UPI,328680.64
19986,3158,2025-05-26,UPI,43485.72
18214,1631,2025-09-09,Credit Card,82872.62
6671,3963,2024-01-18,Net Banking,242986.01
10052,4183,2024-11-28,Cash on Delivery,18293.42
19635,3039,2021-08-12,Debit Card,
9747,4714,2020-07-04,Net Banking,34900.6
3183,2001,2025-05-05,Cash on Delivery,244333.68
8154,2930,2025-04-25,Debit Card,311109.1
1926,2573,2024-06-25,UPI,54194.88
2097,582,2025-03-30,Net Banking,13508.17
12416,3703,2025-06-16,Net Banking,213853.13
12193,4463,2023-03-04,,219705.06
44,3596,2022-07-26,Net Banking,121056.26
6092,1991,2025-01-23,Credit Card,159987.72
10486,1542,2022-09-04,UPI,467378.62
2545,1611,2021-02-18,Net Banking,481712.74
12579,585,2023-06-23,Cash on Delivery,147663.0
8663,3749,2023-03-09,Credit Card,208521.57
9590,1598,2020-08-12,Debit Card,26762.35
4108,3950,2022-12-07,UPI,274108.13
16558,3208,2023-01-22,Debit Card,22725.57
15409,3173,2023-01-21,Net Banking,7744.68
5588,961,2023-04-22,Cash on Delivery,55773.9
19020,4132,2025-10-13,Cash on Delivery,137698.78
15997,164,2021-07-08,Debit Card,6803.31
14394,3896,2020-04-18,Net Banking,71855.2
9057,649,2023-01-18,Cash on Delivery,143842.62
14431,4174,2025-01-16,Cash on Delivery,148474.25
14934,1434,2024-12-05,Cash on Delivery,
14553,1391,2025-08-15,,175337.11
19557,4782,2021-08-11,,
13551,2843,2025-08-23,upi,77715.16
8343,3610,2024-05-08, Net Banking ,105517.9
13859,2735,2025-03-28,Cash on Delivery,13926.21
17077,93,2023-10-07,Net Banking,217186.88
19026,3910,2024-08-25,Credit Card,98897.98
12286,1823,2024-07-04,Net Banking,159784.08
16575,530,2021-01-05,UPI,
19587,5,2025-06-18,credit card,363626.03
18032,247,2024-07-10,UPI,115172.21
14103,3532,2022-10-25,Credit Card,245443.19
3502,1487,2024-09-07,Net Banking,109016.9
13648,4560,2025-02-22,UPI,340766.65
47,2836,2025-01-29,debit card,112950.17
16523,4659,2024-08-19,Cash on Delivery,21022.5
11476,1800,2025-01-12,UPI,129959.32
15269,1979,2023-01-09,UPI,52022.46
12677,3080,2024-11-22,Debit Card,280536.65
18176,3076,2024-03-10,Net Banking,89680.87
13150,4846,2023-09-14,Debit Card,138403.0
1613,376,2020-08-09,Cash on Delivery,307079.38
4828,1731,2022-12-24,Cash on Delivery,290085.24
644,944,2025-08-22,Cash on Delivery,119095.15
2249,4025,2024-09-09,Cash on Delivery,44326.5
10988,3930,2022-03-12,Cash on Delivery,
9931,2462,2023-05-21,Credit Card,330250.86
16996,458,2019-10-13,cash on delivery,
8352,3051,2022-06-20,Debit Card,191123.92
3825,1446,2025-05-13,Net Banking,
18278,4447,2020-08-26,Cash on Delivery,107935.32
18139,4688,2023-05-03,UPI,173753.46
6852,128,2025-04-22,Cash on Delivery,167449.75
8107,2543,2021-09-02,Cash on Delivery,151071.26
12485,2810,2023-04-14,Credit Card,4978.36
14320,4175,2022-01-02,Debit Card,249681.59
9448,126,2025-03-01,Credit Card,76844.56
16437,4524,2021-07-07,Credit Card,93732.44
13543,4841,2020-01-05,Credit Card,390829.1
10408,3112,2023-09-08,Debit Card,62112.86
4852,4413,2024-10-13,Cash on Delivery,119449.9
6763,3199,2024-10-21,Net Banking,225249.67
4617,4761,2021-09-01,Credit Card,13142.8
11754,2635,2025-04-22, UPI ,314199.45
6970,1627,2025-12-05,Credit Card,33432.18
12069,216,2025-04-11,Debit Card,127607.13
17616,4714,2025-02-26,Credit Card,24064.81
2191,3237,2024-06-23,,665891.95
16540,175,2025-08-14,Credit Card,
7431,3392,2021-03-25,UPI,234691.1
13074,4504,2024-06-30,Credit Card,148557.49
16873,2457,2024-04-17,Cash on Delivery,26102.66
17743,962,2025-03-28,CREDIT CARD,
11874,4019,2024-12-05,Credit Card,281521.66
836,4339,2025-01-04,Net Banking,120123.6
18074,4349,2025-07-10,Credit Card,260703.38
15638,2775,2023-09-17,UPI,177258.38
7743,1463,2024-11-09,UPI,19176.0
6137,2879,2024-05-11,Cash on Delivery,111851.68
11891,4586,2020-03-10,Credit Card,170177.49
4366,4751,2024-04-22,UPI,43887.12
9001,665,2022-05-10,,119206.38
10612,2500,2023-08-27,Cash on Delivery,161052.46
5938,3680,2025-07-03,UPI,266013.52
8722,1213,2024-07-28,UPI,254478.52
4177,3949,2024-10-16,Credit Card,179912.15
494,3699,2022-02-27,Credit Card,128285.67
1726,2690,2025-08-29,Debit Card,219729.44
18249,165,2021-04-07,,42334.3
6429,1927,2023-05-19,Cash on Delivery,413179.43
5896,1191,2023-06-04,Credit Card,154554.36
15744,2348,2024-11-07,Credit Card,197981.22
10982,2265,2025-01-27,Cash on Delivery,168149.86
5040,4871,2022-01-22,Credit Card,106827.61
14000,1193,2025-12-14,UPI,94874.16
10607,4768,2024-10-15,Cash on Delivery,283510.44
17523,1187,2023-02-08,Cash on Delivery,
2054,2716,2023-11-16,Cash on Delivery,166446.62
12974,1418,2023-01-13,credit card,314393.06
15536,3804,2023-04-02,Cash on Delivery,187726.01
7803,3215,2025-03-03,Net Banking,121931.54
3917,3722,2021-06-05,Debit Card,143595.09
1956,1664,2025-12-24,Credit Card,30608.48
18512,768,2022-12-03,Net Banking,269395.36
8467,3970,2022-07-26,,211606.24
5390,1194,2023-12-22,Credit Card,
6145,2391,2021-09-22,Credit Card ,128913.04
13077,3543,2024-03-10,Cash on Delivery,525040.54
9188,4568,2023-09-08,Credit Card,70788.84
17220,3946,2022-06-28,Net Banking,146855.53
3500,4734,2023-07-07,credit card,517193.0
18915,454,2024-05-31,Debit Card,196976.95
9489,1532,2025-10-27,Net Banking,35436.8
3899,69,2024-07-12,Credit Card,178270.0
13192,1143,2022-12-18, Cash on Delivery ,291308.36
19778,2443,2024-06-15,CREDIT CARD,338610.92
13416,3873,2023-01-15,Net Banking,432417.9
11690,4759,2024-01-24,Credit Card,158385.69
14565,1517,2022-06-18,UPI,217629.31
14674,2156,2025-06-12,UPI,103682.68
8052,2541,2022-07-31,Debit Card,6307.95
6347,3722,2021-08-29,Cash on Delivery,44391.63
609,3929,2024-10-16,UPI,116829.21
14922,712,2024-12-17,Net Banking,130416.36
19330,4674,2025-04-29,Net Banking,210032.05
2480,2359,2025-11-18,Credit Card,187111.99
19077,4292,2025-07-09,Debit Card ,389841.72
456,254,2025-08-07,Debit Card,124831.14
1734,2361,2024-10-31,Debit Card,94108.0
37,561,2024-11-28,Cash on Delivery,34033.02
4333,4699,2022-01-06,Debit Card,201426.96
13109,289,2021-05-11,,97785.72
1702,1148,2019-10-09,Cash on Delivery,166317.23
16139,1307,2024-07-27,UPI,67106.42
9202,3153,2023-09-24,Net Banking,84040.2
17496,4002,2023-01-18,Credit Card,206431.68
13755,2135,2023-10-20,,139446.24
12882,4233,2025-10-03,Net Banking,203795.63
14094,2535,2025-09-12,UPI,217088.0
18225,3365,2025-05-05,,45475.86
11658,2843,2025-06-12, UPI ,24839.25
12026,2669,2021-12-28,cash on delivery,277500.58
9656,4646,2025-01-22,Net Banking,76396.52
9205,708,2025-04-16,UPI,18646.96
10771,1732,2025-09-29,Cash on Delivery,225044.97
19744,3299,2021-11-06,Net Banking,314725.0
3028,2772,2022-02-14,Debit Card,272676.59
16678,273,2020-08-14,Debit Card,223087.68
16657,2495,2024-10-29,Cash on Delivery,482970.3
3780,792,2020-01-21,Net Banking,381123.36
7299,2127,2025-07-11,Net Banking,191543.47
15033,1182,2024-09-10,Debit Card,87670.11
16381,4044,2025-10-04,cash on delivery,203228.84
6526,219,2025-09-25,Net Banking,36017.45
4246,4145,2025-12-21,Debit Card,167563.77
8237,385,2022-07-11,Debit Card,312775.68
11588,433,2023-12-07,Credit Card,206706.76
12391,4190,2025-02-08,Cash on Delivery,196373.14
2150,903,2025-04-26, UPI ,150931.83
1343,3264,2025-04-09,Net Banking,219785.38
19376,4702,2024-02-29,Net Banking,331985.88
18803,4382,2019-12-14,Debit Card,15469.72
16275,4373,2024-09-07,Cash on Delivery,323026.3
8283,1793,2025-10-11,Credit Card,267357.26
17566,4325,2025-01-27,Net Banking,167330.51
1521,3504,2025-06-17,Cash on Delivery,342443.14
3713,4060,2024-07-02,UPI,185661.16
4114,245,2024-04-24,UPI,55328.1
13148,3111,2023-11-13,UPI,
16828,1071,2023-07-28,Debit Card,296229.98
12845,1010,2021-04-05,Debit Card,175374.44
2161,2517,2025-02-24,net banking,131451.39
19873,3954,2021-11-07,Debit Card,209202.21
14795,3943,2024-03-30,Debit Card,
19699,1616,2024-03-08, Credit Card ,259036.94
9238,3229,2024-08-02,UPI,282541.37
12109,4044,2024-02-10,Credit Card,209.01
3816,19,2019-08-18,UPI,12299.5
7176,1840,2025-09-28,Cash on Delivery,189046.58
10553,2273,2023-04-18,UPI,373071.03
2750,2242,2021-03-05,UPI,82273.95
2291,2503,2022-09-29,UPI,84358.48
4270,266,2023-08-12,Net Banking,147241.69
6457,4408,2019-03-05,Debit Card,59720.7
18156,3415,2023-02-15,Net Banking,58885.36
8930,3015,2025-02-05,Debit Card,25291.14
2283,3651,2025-07-31,Credit Card,113672.42
7025,4423,2024-12-27,UPI,133815.76
9517,3426,2025-10-10,Cash on Delivery,263922.87
1207,4255,2023-11-20,Cash on Delivery,155890.5
13331,364,2023-09-09,Net Banking,84384.75
2011,3160,2025-03-24,Credit Card,127519.36
7878,875,2024-02-10,Debit Card,270238.11
13609,4581,2025-06-24,Net Banking,155066.98
19274,4444,2024-07-18,Net Banking,339013.63
10788,2315,2025-01-20,,31147.02
15495,4589,2022-06-29,Cash on Delivery,73085.76
13613,1153,2024-05-04,Credit Card,70590.52
1434,456,2024-04-24,Cash on Delivery,268922.27
11161,2951,2025-04-08,Net Banking,
11568,1074,2020-08-12,Cash on Delivery,208810.18
324,4163,2021-01-02,Net Banking,82419.88
16814,1483,2025-01-27,UPI,214056.83
15015,4199,2023-09-22,Cash on Delivery,101774.37
5074,1515,2021-04-18,Cash on Delivery,276773.67
2824,1506,2025-07-02,Debit Card,69524.46
1727,2145,2025-10-12,Net Banking,373358.25
13008,667,2023-07-15,Debit Card,72483.2
11153,1315,2024-08-06,UPI,136370.15
3209,1814,2025-12-13,Debit Card,283738.1
16364,3502,2024-07-28,,22133.18
11021,4129,2025-06-05,UPI,26344.86
2122,416,2025-03-09,CREDIT CARD,92586.91
2333,1930,2025-09-17,Credit Card,157547.29
8697,1185,2024-12-30,UPI,271476.14
2258,4672,2024-08-23,Credit Card,126533.44
15791,1357,2025-09-06,,214524.84
11682,2618,2024-12-17,UPI,192904.01
3511,137,2021-11-17,Net Banking,415865.34
4810,2791,2025-10-30,Cash on Delivery,210400.89
4598,3895,2023-09-06,Cash on Delivery,250462.78
6550,2855,2023-06-21,Net Banking,424270.94
19700,4576,2021-03-30,,174742.38
7198,1072,2025-10-11,,149206.27
970,3123,2023-06-05,Upi ,548730.17
9879,4170,2024-10-23,Debit Card,334352.68
5451,1730,2025-08-18,Debit Card,187452.02
14029,2334,2025-12-26,Net Banking,25450.61
7824,4754,2025-04-22,Net Banking,25435.09
13330,1071,2024-06-18,Debit Card,201943.57
11689,2810,2024-06-09,Net Banking,108647.98
16191,414,2022-06-26,Credit Card,293025.09
9133,1481,2025-03-15,Cash on Delivery,324801.36
4358,1731,2024-09-29,Cash on Delivery,308802.77
466,3908,2023-11-12,Credit Card,83406.55
8079,4007,2022-05-26,Cash on Delivery,28807.23
7849,3717,2023-08-23,UPI,100688.12
18909,2977,2025-05-04,Net Banking,203000.7
8689,3126,2024-08-29,Net Banking,366003.3
1137,4403,2025-12-14,Net Banking,329641.69
17424,1947,2025-03-28,Credit Card,65438.16
9207,2735,2024-06-02,Upi ,121185.29
12614,2304,2021-11-19,Credit Card,43258.9
13018,3794,2025-08-05,Net Banking,225381.65
19122,3363,2021-06-30,Cash on Delivery,83747.14
13048,3119,2025-02-15, Debit Card ,233401.62
13630,760,2025-03-26,UPI,227833.17
10428,4270,2023-06-17,Debit Card,229900.75
18819,1388,2024-10-16,Credit Card,179182.27
13868,3989,2025-09-23,Net Banking,152093.19
2552,4205,2025-05-04,Net Banking,178214.12
9064,1149,2025-12-11,Cash on Delivery,214037.1
12286,1823,2024-07-04,Net Banking,159784.08
12306,4942,2024-11-23,Cash on Delivery,8769.04
10855,4287,2025-01-24,UPI,241992.93
5258,3910,2023-04-29,Net Banking,206366.74
9020,3070,2023-03-24,Credit Card,450760.72
15693,3389,2022-06-12,Net Banking,153620.99
579,434,2025-01-07,UPI,357561.38
227,1540,2025-04-01,Debit Card,443830.36
6886,3119,2022-07-29,,188423.75
17585,3961,2024-08-18,Net Banking,157966.98
4250,2163,2025-08-30,Net Banking,215128.45
8725,1714,2024-06-29,Cash on Delivery,131566.17
8426,2863,2022-07-12,Credit Card,60380.2
16315,4255,2025-10-02,Cash on Delivery,312856.6
6556,3297,2025-01-17,,137809.88
3740,1088,2025-10-13,Net Banking,156993.21
402,2087,2023-10-03,Net Banking,128673.75
13994,2380,2023-09-26,Net Banking,20211.08
7542,1412,2023-11-26,Debit Card,5472.27
13524,4656,2025-01-03,Debit Card,286282.94
12589,1948,2025-10-30,,2768.52
6461,1427,2023-01-19,Cash on Delivery,30105.0
5293,475,2023-12-23,credit card,348655.27
16856,7,2024-06-11,,233084.45
5202,1974,2025-04-13,Net Banking,392907.76
1514,4692,2022-11-17,Credit Card,73633.05
2617,2015,2025-12-29,Cash on Delivery,78580.48
6341,2833,2025-01-23,Debit Card,10811.9
11079,1258,2024-01-09,Cash on Delivery,78970.74
2616,1657,2023-03-19,UPI,102326.59
18638,2006,2022-11-14,Debit Card,116914.83
7158,3637,2023-05-30,,269921.34
12059,2048,2025-04-20,Debit Card,166189.95
7069,3732,2024-01-27,Net Banking,431437.96
11699,4170,2022-04-21,Debit Card,90859.0
9821,180,2022-10-10,Credit Card,163432.01
9023,4632,2023-08-13,UPI,163274.92
10760,441,2024-11-08,CREDIT CARD,176538.46
6136,2658,2024-05-31,Credit Card,182565.72
3357,4294,2024-07-22,Debit Card,230274.5
2385,485,2023-09-28,Net Banking,415102.59
4637,3412,2023-07-27,Credit Card,179929.47
7194,2600,2025-02-03,NET BANKING,339721.42
19172,3337,2025-06-09,Cash on Delivery,103692.2
15572,2932,2024-09-30,Net Banking,204264.33
3033,2713,2020-11-14,Cash on Delivery,54341.3
7153,2136,2024-10-14,Debit Card,111978.52
4947,2274,2024-07-23,Cash On Delivery ,177306.85
2517,216,2024-01-15,Credit Card,304550.71
17913,4751,2025-04-06,Net Banking,188923.43
517,2727,2024-08-02,UPI,
5256,3596,2021-11-04,Credit Card,3523.99
15660,500,2024-09-22,NET BANKING,416539.95
14871,3883,2023-11-28,Net Banking,115005.87
11560,2197,2025-07-24,UPI,365220.25
16299,852,2024-12-21,Debit Card,254952.84
8511,4875,2025-01-05,Debit Card,180140.67
6453,4784,2025-02-06,Credit Card,251351.09
3060,4530,2023-12-22,Cash on Delivery,228568.2
5796,926,2022-06-19,Credit Card,216963.33
16343,1096,2022-10-16,Credit Card,381509.45
17509,1075,2025-10-01,Cash on Delivery,121266.68
16411,3803,2022-10-25,UPI,213069.65
7895,4331,2025-07-24,Net Banking,46666.28
6243,437,2025-04-18,Credit Card,218783.04
17999,4090,2024-09-30,Credit Card,242503.6
12318,2348,2025-12-23,,32266.47
1047,990,2020-08-16,Cash on Delivery,30393.36
8968,2856,2022-01-23,Credit Card,56121.13
12823,4472,2022-10-08,Cash on Delivery,83134.94
4606,2934,2024-01-06,Cash on Delivery,147686.14
19219,1080,2022-08-29, Cash on Delivery ,75947.7
1774,4553,2025-03-18,Debit Card,195767.28
11361,1640,2024-07-27,Cash on Delivery,104233.48
6016,3945,2021-02-11,Cash on Delivery,312391.09
11867,2758,2023-06-09,UPI,52519.91
11825,1516,2023-09-11,,261923.91
10901,4646,2024-12-12,UPI,143710.63
18046,1538,2023-05-20,Cash on Delivery,274646.07
12538,2558,2020-06-26,UPI,158397.38
2135,999,2022-02-28,Credit Card,74502.85
14999,2540,2023-07-30,Credit Card,30382.54
18019,3343,2024-04-03,UPI,258095.17
10753,1861,2021-08-17,UPI,98564.4
13586,1193,2024-07-09,Net Banking,391972.33
11053,1355,2023-10-03,Cash on Delivery,103981.23
5140,4883,2025-05-29,Cash on Delivery,216719.15
7085,3468,2024-09-21,UPI,188447.05
10300,1803,2022-01-08,Net Banking,67000.13
3553,844,2025-10-19,UPI,77028.38
14081,2824,2024-02-03,Credit Card,84733.13
13068,1508,2024-11-08,Cash on Delivery,256672.93
7919,2114,2021-05-17,Debit Card,22983.89
19584,1896,2025-08-14,UPI,7602.16
12382,2413,2020-12-29,CASH ON DELIVERY,98757.1
15023,838,2021-10-06,Net Banking,230444.9
15750,4639,2025-07-11,UPI,317122.71
9112,2184,2023-12-27,Cash on Delivery,159195.66
4277,1940,2022-09-11,Debit Card,95752.11
12358,4557,2025-11-19,UPI,31749.13
15353,4829,2020-10-01,UPI,71039.85
9678,4703,2022-09-09,,93394.74
9276,1986,2021-05-07,Cash on Delivery,29478.65
8711,1644,2021-05-19,Debit Card,200608.95
5280,1190,2022-10-05,UPI,
3064,2554,2021-01-10,Cash on Delivery,346233.58
2811,4929,2024-01-23,Credit Card,86732.08
9969,655,2023-03-08,,135808.39
18149,2992,2024-03-24,Credit Card,99374.95
8565,2408,2025-03-08,Credit Card,161830.78
17466,244,2022-03-15, Net Banking ,133626.84
11028,528,2020-11-25,UPI,309842.62
3562,1717,2021-12-15,Net Banking,39562.08
15031,1161,2023-12-06,Credit Card,73444.24
19153,4046,2024-01-19,UPI,102458.15
7894,1427,2023-07-06,Cash on Delivery,147337.11
17861,3251,2025-10-31,UPI,140157.32
12432,883,2025-04-06,Net Banking,
1336,1935,2022-04-12,Cash on Delivery,103609.18
5407,1070,2025-01-18,Net Banking,70619.98
14793,1154,2025-12-12,Net Banking,406364.03
12745,98,2020-02-14,UPI,47493.23
1144,4291,2025-07-21,Debit Card,127554.55
19246,1217,2024-01-15,Credit Card,131653.84
11163,4837,2025-01-11,Cash on Delivery,157649.5
15939,4124,2022-08-07,UPI,182995.65
16549,666,2025-03-08,Debit Card,224151.8
608,3007,2021-12-14,UPI,96266.61
3139,1343,2020-03-22,UPI,195230.82
6737,2551,2024-12-30,UPI,197284.89
16645,4798,2024-05-04,Net Banking,280625.68
12227,4054,2020-09-28,Credit Card,284506.16
2779,483,2020-06-23,Credit Card,14628.79
2528,424,2023-03-16,Cash on Delivery,6154.11
13288,2256,2019-10-16,Cash on Delivery,77322.68
17315,4921,2023-05-08,Net Banking,56109.96
17933,1834,2025-11-26,Credit Card,85221.55
17020,3972,2020-05-18,Credit Card,326074.17
15261,2602,2022-07-28,Net Banking,160842.15
15879,4528,2024-08-17,Credit Card,149924.25
7122,2287,2021-11-23, Cash on Delivery ,101819.57
16031,4007,2023-10-29,,77408.25
2677,3995,2021-02-12,Cash on Delivery,36785.52
14520,1758,2025-09-16,Credit Card,3185.62
12042,2582,2025-08-30,,39252.49
18026,4394,2025-02-10,Debit Card,295167.5
13144,1336,2024-11-09,Credit Card,326273.28
11861,4404,2025-11-15,Cash on Delivery,
15249,858,2025-10-22,Cash on Delivery,369100.72
18481,4023,2025-08-13,Net Banking,37442.18
14924,1904,2024-04-18,Cash on Delivery,275228.51
19931,1517,2022-11-29,Net Banking,37786.45
7385,734,2021-07-16,Debit Card,167708.91
10063,3024,2024-12-28,Net Banking ,76217.26
3769,3795,2023-09-22,Debit Card,141517.28
12412,3063,2025-01-03,Net Banking,61344.06
13261,3072,2023-01-14,Net Banking,329628.13
18963,4679,2022-11-08,Cash on Delivery,127257.93
17168,3685,2023-09-20,Debit Card,93584.47
8628,3754,2025-06-14,Net Banking,172531.45
10572,423,2024-10-12, Debit Card ,66884.14
15605,4685,2025-04-25,Credit Card,100300.43
4786,554,2023-07-13,UPI,136863.65
17463,1685,2021-07-13,Credit Card,301120.19
8728,1480,2025-03-19,UPI,20095.9
16965,4921,2021-08-08,Debit Card,119914.13
548,3936,2021-07-28,Credit Card,89657.14
14016,2791,2024-01-25,Cash on Delivery,401082.05
17049,1986,2022-09-03,Cash on Delivery,232535.89
2206,4514,2022-08-25,Credit Card,157670.65
17503,4962,2024-09-20,Net Banking,117495.88
551,1032,2022-02-28,Net Banking,167356.4
3258,188,2023-02-27,Cash on Delivery,203661.75
2365,3395,2023-09-12,UPI,128178.2
18056,1472,2024-04-26,Debit Card,181811.4
5870,160,2025-08-26,UPI,188733.11
19620,2533,2022-07-30,UPI,51853.08
12104,4093,2024-08-13,UPI,332919.5
19685,2576,2024-04-21,,70540.23
4978,2339,2023-12-06,Debit Card,113644.4
16990,3294,2023-06-09,Debit Card,62343.04
7381,4625,2023-12-15,upi,203672.67
10373,1352,2025-03-16,Net Banking,154824.1
10922,3128,2025-05-16,Debit Card,77378.44
18020,2716,2024-09-03,UPI,53306.22
13463,3831,2021-11-01,Net Banking,153432.5
13397,4517,2024-02-29,Debit Card,265039.25
5459,3107,2025-06-03,Debit Card,
12958,488,2024-12-01,Net Banking,337448.11
1195,746,2022-02-22,Credit Card,141809.18
2874,1819,2024-03-19,UPI,151594.89
5181,2882,2023-05-20,Debit Card,241922.86
11449,446,2023-09-10,Cash on Delivery,155878.34
4609,3541,2024-03-20,Debit Card,240790.94
16921,1640,2023-09-19,Credit Card,74212.68
9183,3738,2025-09-03,Net Banking,229100.74
8436,877,2024-09-12,Net Banking,56901.09
18086,2387,2025-10-10,Cash on Delivery,239285.35
7706,363,2024-09-12,Debit Card,114425.19
18155,4362,2022-05-26,UPI,339042.74
19710,4342,2025-06-05,Net Banking,407354.48
9796,834,2024-12-28, Cash on Delivery ,211181.78
5780,284,2023-12-28,,62700.33
2404,4005,2022-05-21,Credit Card,61970.72
5559,3392,2024-01-02,Debit Card,131464.84
14453,3869,2021-08-15,Debit Card,94192.29
16816,4089,2024-11-09,cash on delivery,141629.04
5195,3598,2025-09-05,Cash on Delivery,55147.64
5906,725,2024-12-24,debit card,256088.05
2892,2896,2024-07-20,Debit Card,241319.38
5320,511,2024-08-14,Credit Card,62863.22
14760,2139,2023-04-15,credit card,170024.4
18148,4711,2025-07-18,UPI,9534.72
6583,973,2023-11-06,UPI,187391.71
15694,2981,2022-01-02,Cash on Delivery,98638.35
1632,4849,2025-04-17,Cash on Delivery,378386.96
11345,1533,2023-06-19,UPI,279172.74
11075,479,2024-05-29,Debit Card,296132.09
8461,2688,2025-10-16,,92601.75
4254,3912,2024-12-06,Cash on Delivery,238318.38
10754,3250,2025-11-10,Nan ,273294.9
15217,997,2020-10-23,Debit Card,3228.48
18994,1934,2024-10-09,Net Banking,306127.18
10588,3400,2025-01-30,Debit Card,333683.06
19079,4809,2023-04-28,UPI,172463.55
7658,2283,2025-10-07,Cash on Delivery,233375.31
12679,2945,2025-09-08,Credit Card,184797.9
17102,4867,2022-10-14,UPI,70922.45
19607,451,2025-08-31,Debit Card,27483.34
8291,3890,2022-07-21,Credit Card,205373.22
5634,542,2024-11-07,UPI,66137.01
11381,356,2023-04-27,Debit Card,258330.31
12767,1855,2024-07-16,Net Banking,33894.27
17542,2923,2025-03-15,Debit Card,169551.65
10321,1373,2025-01-08,Net Banking,21630.46
2733,1054,2022-11-17,Debit Card,231338.16
2818,2324,2023-05-03,Debit Card,26872.71
12853,1019,2025-02-26,Cash on Delivery,190643.25
8783,4415,2021-03-13,UPI,78347.4
12337,3806,2025-09-29,Cash on Delivery,393711.36
3116,3386,2024-06-18, Cash on Delivery ,45627.44
6966,4657,2024-08-25,Debit Card,484444.55
18792,3720,2024-08-19,,183010.4
5335,2488,2024-03-25,UPI,288989.42
18678,1510,2023-06-19,,125250.78
2268,1327,2021-12-15,UPI,246784.87
3284,3225,2022-10-07,Debit Card,59875.32
534,195,2025-12-31,UPI,161467.86
8160,4672,2020-08-21,Cash on Delivery,356214.53
8143,1004,2024-01-07,Debit Card,153968.9
5262,3525,2024-10-01,NET BANKING,103298.31
15887,901,2023-10-20,Cash on Delivery,3662.36
8710,796,2024-11-27,Credit Card,83693.54
5693,3879,2020-08-26,Net Banking,120222.11
18953,3291,2025-02-05,Debit Card,110940.41
3809,3411,2024-10-04,UPI,347808.63
19573,3830,2023-03-24, Credit Card ,14033.8
12253,3330,2024-08-14,,59813.97
15892,2931,2021-04-30,Credit Card,113639.67
4286,4523,2024-10-07,Cash on Delivery,13075.59
4089,3648,2022-02-28,UPI,222555.57
19903,857,2025-12-07,Net Banking,99244.2
12936,3966,2025-12-02,Credit Card,134604.49
12629,2709,2025-01-06,Net Banking,191777.75
2582,751,2025-01-12,Cash on Delivery,77633.23
17230,2057,2022-07-24,Debit Card,100362.02
2838,1258,2023-05-30,Net Banking,277321.9
855,4520,2023-03-11,Debit Card,241138.57
12855,4039,2023-12-24,Credit Card,130351.56
11694,1882,2021-06-13,Credit Card,47049.48
8231,3875,2023-09-13,Credit Card,85728.55
7191,4285,2025-08-11,,196617.19
14548,4186,2025-07-13, UPI ,440611.92
5930,2750,2023-05-21,Credit Card,
12117,115,2023-06-18,Net Banking,71821.44
1531,4026,2023-05-08,Credit Card,22760.34
11857,1820,2025-06-24,UPI,160100.02
6663,346,2022-03-25,Cash on Delivery,62596.9
7501,2446,2024-04-03,UPI,38915.69
17119,1897,2024-02-24,UPI,32524.51
11853,913,2022-04-02, UPI ,100955.35
9190,2795,2025-07-16,Net Banking,45265.48
18392,3208,2025-12-14,UPI,307069.4
15453,3446,2023-06-14,Credit Card,203710.85
9921,2849,2025-06-01,Net Banking,297331.89
5731,4151,2023-06-17,Credit Card,318094.96
15468,2788,2020-12-26,Cash on Delivery,137565.2
4417,3616,2024-03-02,Net Banking,220464.05
16535,4111,2024-09-26,Net Banking,282750.72
5321,2166,2025-11-09,Upi ,413986.56
4194,1589,2025-01-21,Net Banking,355258.61
16188,209,2025-01-26,Net Banking,18371.72
10296,779,2024-10-13,Credit Card,31050.72
2112,1458,2023-02-25,Credit Card,404322.3
19341,476,2024-05-03,Cash on Delivery,362797.16
19687,1133,2024-11-01,Net Banking,144350.66
1208,188,2024-10-31,Credit Card,244022.6
11069,1070,2025-12-27,Debit Card,146050.89
8216,1960,2024-02-24,UPI,190136.05
5972,1844,2025-07-06,UPI,41402.64
15393,2437,2022-06-15,Cash on Delivery,107390.24
1648,4913,2023-11-28,Credit Card,226007.94
9868,4383,2022-07-07, Cash on Delivery ,27264.7
10453,2769,2024-06-20,Debit Card,174570.88
7009,484,2025-08-08,UPI,21200.88
872,1053,2020-09-18,UPI,251305.99
16896,576,2025-10-28,Net Banking,274540.33
12091,4522,2023-10-18,Credit Card,218656.5
14107,2758,2023-11-21,Cash on Delivery,157407.68
12427,4779,2024-03-29,Debit Card,305690.98
16706,597,2021-09-21,,110421.24
18650,1042,2024-04-13,Debit Card,196290.26
1772,405,2022-11-16,debit card,348260.62
15987,4811,2024-04-15,Credit Card,160734.69
625,1439,2023-10-24,UPI,363915.59
19185,1714,2025-04-26,Cash on Delivery,297549.99
282,1528,2024-11-05,Credit Card,364954.6
19919,189,2022-12-16,Debit Card,270595.42
9488,2530,2023-06-28,Debit Card,506687.64
18297,3548,2025-12-15,UPI,463237.9
12439,830,2023-07-17,Credit Card,98740.34
1588,2254,2025-10-02,Debit Card,27695.31
11638,2638,2025-11-09,,123403.28
11569,2542,2023-09-08,Debit Card,151604.16
17445,1250,2023-06-07,,33363.39
15131,1938,2024-10-29,upi,206968.3
997,4699,2021-07-15,Cash on Delivery,160970.14
5863,3399,2023-01-01,,95427.15
6162,2617,2024-06-20,Debit Card,332977.88
16859,4927,2025-10-28,Debit Card,126896.63
16175,1640,2024-10-18,Cash on Delivery,15550.35
19783,4720,2021-10-01,Cash on Delivery,330268.88
12703,3385,2025-09-07,Debit Card,492548.29
12321,998,2023-11-06,Cash on Delivery,66449.16
5011,4912,2023-08-04,Debit Card,213061.28
8480,3785,2023-11-06,UPI,255610.79
5326,2021,2023-10-07,Debit Card,138902.71
3633,2305,2024-12-14,UPI,134077.48
18719,2201,2022-10-27,UPI,287712.54
17939,994,2022-01-14,Debit Card,473161.32
13666,1449,2023-11-02,UPI,318713.76
4759,4265,2025-12-24,UPI,86938.94
5338,4293,2022-06-11,Debit Card,131386.72
6670,4228,2024-11-10,Net Banking,249335.42
19110,3016,2022-09-16,Debit Card ,57548.49
4891,4074,2021-11-04,UPI,156596.81
16154,217,2024-11-07,Credit Card,3533.64
11443,4244,2024-12-01,,21633.26
6073,110,2021-08-01,Net Banking,210149.4
16652,3560,2024-12-12,Credit Card,125116.57
8746,4299,2021-01-22,Cash on Delivery,111348.84
2447,3559,2024-08-28, nan ,136696.2
1077,4864,2025-11-18,Upi ,458019.76
1939,4774,2024-03-25,UPI,510077.95
10310,950,2023-12-18,Cash on Delivery,204735.52
14363,1195,2024-01-24,Net Banking,90727.52
5532,2876,2021-08-30,,196124.07
5758,1255,2021-12-01,Net Banking,99975.05
5410,1625,2024-06-01,UPI,194701.85
12643,942,2022-10-18,Cash on Delivery,210063.51
14454,2613,2023-02-21,Debit Card,232800.79
4342,3630,2021-07-09,Credit Card,203632.45
12118,3169,2022-10-09,,182589.48
18853,1303,2024-09-25,Debit Card,33316.5
9464,1968,2023-11-19,UPI,154209.44
3179,4111,2023-03-05,Net Banking,99007.04
3034,3824,2025-02-10,UPI,18890.01
5300,4290,2025-04-16,Cash on Delivery,80281.44
9502,1275,2023-11-11,Debit Card,89512.35
15397,4956,2025-07-06,UPI,273528.96
12441,3439,2023-09-24,Credit Card,135318.37
5512,1357,2025-08-21,Credit Card,105303.9
17008,4092,2025-03-16,Cash on Delivery,163818.7
12494,1142,2020-11-22,Credit Card,230379.86
13660,2449,2024-03-02,UPI,185597.06
13083,3068,2025-12-27,UPI,460811.96
19320,3941,2023-06-02,UPI,185699.82
7263,2136,2023-11-30,Credit Card,189010.86
8977,2371,2021-11-04,Net Banking,182001.76
6443,858,2024-06-18,Cash on Delivery,309395.27
7634,2764,2024-09-13,UPI,260655.16
18186,2254,2024-09-05,Debit Card,27391.1
9631,4180,2024-08-06,UPI,282962.96
19765,1832,2021-03-17,Net Banking,239262.43
2308,4024,2024-05-19,Cash on Delivery,291227.62
4542,2299,2023-06-22,Net Banking,356828.27
5143,996,2025-10-16,UPI,59372.42
7182,858,2025-09-05,Credit Card,91175.97
2425,1499,2022-06-02,Credit Card,99271.62
9609,1436,2024-08-16,Debit Card,22893.62
15142,2138,2024-09-28,debit card,288306.28
2753,404,2025-02-10,Debit Card,131283.42
7021,173,2025-06-21,UPI,231914.88
12802,4734,2024-08-27,Net Banking,253672.66
5182,1010,2023-04-17,,135101.01
16006,1917,2025-03-11,UPI,13153.66
7018,2190,2020-05-29,Debit Card,468214.86
5366,1227,2024-01-10,Debit Card,264586.96
2955,1759,2022-05-30,Debit Card,106270.63
3243,2549,2025-06-28,Debit Card,314855.43
11398,87,2023-05-29,Debit Card,229620.62
10288,3734,2021-01-07,UPI,123480.75
12011,801,2021-07-19,Cash on Delivery,80090.43
13222,3747,2025-12-05,UPI,194010.1
13943,2781,2022-01-26,Credit Card,147790.21
11673,718,2022-04-13,Net Banking,176785.5
19847,2414,2025-02-05,Credit Card,168603.2
5169,4841,2025-07-14,Net Banking,169473.42
9200,3599,2025-04-27,Net Banking,79192.15
4809,4847,2025-05-18,,150865.82
7066,1549,2019-08-18,Cash On Delivery ,101557.81
7753,2983,2025-12-31,Credit Card,160351.32
7827,2910,2023-08-07,Net Banking,292927.34
2209,4724,2024-03-16,,296278.51
16775,1551,2024-10-29,Net Banking,82228.65
12484,334,2022-01-10,Cash on Delivery,193197.91
6141,4550,2025-12-03,UPI,167289.41
14289,537,2024-09-03,Debit Card,192551.55
13502,3724,2025-10-19,net banking,40248.91
12808,2580,2022-06-26,UPI,158848.34
3959,3249,2025-10-03,Credit Card,173469.75
15903,4136,2022-10-21,CASH ON DELIVERY,620789.7
9459,2832,2025-08-24,Cash on Delivery,229436.84
10123,1786,2022-02-02,Debit Card,30387.49
5876,994,2023-03-12, Cash on Delivery ,454810.17
7571,1557,2023-03-06,Net Banking,319721.97
11656,4661,2025-11-21,Credit Card,194225.8
1185,4693,2025-05-22,Credit Card,
17070,1106,2024-11-28,Cash on Delivery,258468.56
18347,2562,2023-01-04,Cash on Delivery,169701.13
14373,2566,2021-12-06,Net Banking,334898.13
2850,3520,2025-01-06,Credit Card,5857.64
16002,1498,2024-07-16,Cash on Delivery,344486.13
6854,4226,2025-02-23,Net Banking,56812.08
3251,1683,2023-12-18,UPI,346716.75
15422,4471,2023-09-28,Cash on Delivery,507948.68
12242,268,2020-06-28,Credit Card,262557.62
13697,2877,2024-07-03,Net Banking,197568.2
10337,3598,2024-10-04,CREDIT CARD,252245.07
16901,3581,2024-10-17,Net Banking,32537.31
19747,4394,2025-09-06,Credit Card,335958.4
4883,731,2025-07-06,UPI,93255.58
7680,3820,2024-09-05,UPI,233998.89
5411,3373,2025-01-05,Debit Card,102360.91
13015,156,2025-11-17,Cash on Delivery,216342.31
7617,556,2024-12-30,Credit Card,234286.73
911,4128,2022-10-09,UPI,355532.12
1125,3813,2020-07-29,Credit Card,333774.67
18213,4080,2022-02-27,Net Banking,121192.46
14833,33,2022-12-26,Debit Card,68279.17
18532,3284,2024-10-24,UPI,216969.88
10169,4468,2022-12-26,Credit Card,274921.93
10606,3879,2024-12-08,Cash on Delivery,112249.97
12518,1230,2024-04-05,Cash on Delivery,334767.32
15679,1558,2025-05-25,Net Banking,357190.4
140,3166,2024-06-26,UPI,
13069,1182,2025-02-06,Credit Card,273965.75
16917,1014,2024-07-08,Cash on Delivery,276475.23
12352,2901,2025-03-04,Debit Card,6809.72
13248,1648,2025-12-27,Credit Card,37207.35
13564,2063,2024-07-16,Debit Card,346886.62
13693,1027,2024-12-05,Net Banking,15654.06
10,4164,2024-08-11,Net Banking,196544.83
10141,4069,2021-10-26,Credit Card,202101.32
14841,3599,2024-06-07,UPI,
8398,355,2024-07-10,Net Banking,149849.98
6491,3427,2025-02-01,Credit Card,10658.0
15380,1763,2022-12-02,Debit Card,168575.91
13780,2591,2025-04-27,Cash on Delivery,104675.2
8464,327,2020-08-04,UPI,81377.48
19686,3729,2022-08-06,Net Banking,222451.25
13762,2197,2024-04-02,UPI,91980.8
3868,3429,2021-09-06,Debit Card,534285.48
15703,2807,2021-12-08,Cash on Delivery,103667.73
3387,3222,2022-11-08,Cash on Delivery,326989.84
441,4196,2025-03-28,Net Banking,195741.81
9374,4682,2025-10-21,Net Banking,296078.89
19769,167,2021-06-25,Cash on Delivery,236409.65
10824,83,2021-12-24,Upi ,27595.3
8036,1567,2024-10-06,Debit Card,51583.44
18286,3411,2025-03-25,Net Banking,161794.18
14624,1694,2025-11-29,Debit Card,325337.45
2088,136,2024-09-15,Net Banking,189435.76
17849,1899,2024-10-28,UPI,80957.4
10562,1477,2025-04-07,UPI,161085.12
2718,4778,2020-08-27,cash on delivery,134239.15
8719,3504,2025-04-30,UPI,251842.85
66,3919,2024-02-15,Debit Card,375355.25
17673,2185,2025-06-23,UPI,199346.56
15584,637,2024-04-14,Debit Card,135510.1
17241,3435,2020-02-01,Cash on Delivery,158989.56
8750,3601,2023-11-16,Credit Card,122471.4
1406,4115,2021-04-17,UPI,187763.56
6201,1707,2019-08-06,Net Banking,120569.45
14829,960,2024-10-15,Debit Card,235407.14
13723,3455,2022-05-09,,201944.14
8059,3704,2024-03-09,Debit Card ,196002.8
1006,4673,2024-01-07,Net Banking ,66208.05
1228,1568,2023-04-28,Net Banking,30862.18
8428,2485,2022-04-29,Cash on Delivery,202547.73
7759,1788,2025-02-25,UPI,179226.04
4631,809,2024-09-23,UPI,445263.46
18625,2148,2024-12-03,UPI,22020.31
11044,1432,2024-07-31,Debit Card,146024.25
15937,568,2024-09-15,Cash on Delivery,56700.44
8704,1629,2021-05-30,Upi ,125244.16
5786,3143,2024-04-10,Net Banking,340835.69
1887,785,2022-03-11,Cash on Delivery,50683.26
3255,1686,2024-10-25,UPI,228909.64
18426,4931,2024-07-02,Cash on Delivery,136391.61
5895,772,2024-12-24,Credit Card,120060.82
9341,933,2022-06-15,Debit Card,115800.13
11685,4935,2025-02-25,Credit Card,449928.83
15284,1353,2025-01-01,UPI,164964.77
2516,3903,2024-02-05,UPI,285760.9
8041,3939,2022-08-04, Credit Card ,207209.95
14848,2677,2024-09-19,UPI,475402.91
12895,1112,2023-10-03,Net Banking,67733.26
497,604,2023-07-05,Cash On Delivery ,60515.11
17022,2684,2025-04-15,Debit Card,76054.43
9524,4596,2025-06-12,Credit Card,243268.74
10016,34,2020-01-15,Net Banking,151189.87
19597,3241,2025-05-13,Cash on Delivery,276638.9
1770,928,2025-11-03,Credit Card,171845.29
5852,293,2024-07-30,Net Banking,466597.45
10067,4903,2020-01-29,UPI,125016.16
11220,1211,2025-07-24,Net Banking,99473.34
511,4567,2025-08-12,Debit Card,211190.19
2062,3018,2021-05-29,Cash on Delivery,38653.23
7320,4283,2025-09-14,Cash on Delivery,40774.1
5329,1110,2025-01-25,UPI,12063.65
1809,4361,2025-08-05,Credit Card,190673.57
16254,1632,2025-10-27,Cash on Delivery,197497.71
17773,2202,2021-03-24,Debit Card,250955.8
757,1116,2022-10-28,net banking,78780.91
14620,3784,2020-01-06,UPI,103200.92
17650,3694,2023-01-26,Net Banking,107125.21
8884,3843,2024-10-18,Credit Card,
11782,2955,2025-11-24,UPI,39863.3
19555,4560,2020-11-24,Debit Card,355437.62
3634,740,2024-07-05,Credit Card,70636.13
8694,3350,2024-03-09,Credit Card,253714.05
6981,4371,2022-02-12,UPI,158163.68
7983,367,2024-09-26,,182232.29
7988,1972,2024-07-22,Net Banking,143319.49
7540,185,2022-05-28,Net Banking,197661.46
388,1926,2024-08-29,Debit Card,36730.56
13327,2763,2024-11-15,,13136.48
5118,4493,2025-01-08,Debit Card,97477.8
15030,1117,2022-05-08,Debit Card,148202.36
9284,1042,2025-02-15,Net Banking,258094.71
9701,724,2024-03-16,Cash on Delivery,159993.43
8403,3951,2020-07-08,Net Banking,
12030,430,2023-06-26,Credit Card,114157.11
17630,1767,2023-01-25,Net Banking,195241.69
6480,170,2022-08-01,Debit Card ,
15431,896,2025-09-15,Cash on Delivery,325755.97
8929,3049,2025-10-12,Net Banking,197078.41
7467,3355,2025-04-02,Debit Card,187401.49
8575,1812,2025-04-28,Net Banking,112919.16
13107,178,2023-10-28,Cash on Delivery,331171.32
17460,1071,2023-07-22,Debit Card,283680.27
2842,1309,2021-12-18,Credit Card ,102255.03
12215,4261,2025-11-21,Debit Card,137158.25
4164,4816,2024-08-03,Cash on Delivery,175636.76
18208,535,2024-10-03,Cash on Delivery,166235.19
3623,3237,2024-06-11,credit card,257333.49
8130,4902,2023-02-06,Net Banking,33485.46
904,3202,2024-09-03,UPI,90626.36
7662,275,2020-10-01,Net Banking,308582.6
2975,335,2025-08-02,Debit Card,301716.65
9527,989,2025-02-09,Net Banking,242472.21
15934,526,2023-04-03,credit card,118568.74
16957,2485,2025-10-12,Cash on Delivery,31885.23
14569,1364,2020-05-01,Credit Card,48015.75
15406,1535,2023-05-24,Debit Card,226333.63
16119,3522,2025-10-08,,27908.65
3157,3560,2021-06-01,Cash on Delivery,231460.68
7441,2644,2025-02-10,UPI,260747.02
10226,3604,2025-09-20,Credit Card,285216.17
8412,2605,2025-01-02,Credit Card,181236.33
19869,4897,2025-01-23,NET BANKING,224683.0
5765,364,2023-12-27,Net Banking ,180308.65
18732,3820,2025-11-20,Debit Card,191006.7
4189,1240,2023-03-24, Net Banking ,302234.99
17491,70,2021-03-09,Cash on Delivery,23828.7
4685,1834,2024-01-30,Cash on Delivery,28067.5
15741,2359,2025-04-06,Debit Card,155701.45
1625,4716,2023-07-12,UPI,213051.75
14831,3420,2024-03-12,UPI,
13672,1968,2023-10-19,Net Banking,352247.88
7051,4811,2021-06-23,Credit Card,356224.12
6100,4025,2024-02-17,UPI,225490.67
13738,4726,2024-07-08,Cash on Delivery,118510.1
7082,960,2025-04-29,Credit Card,394772.39
9137,4354,2020-09-26,Debit Card,137440.84
18409,1737,2024-09-05,UPI,238124.2
16892,1188,2022-02-18,UPI,150862.85
7499,626,2023-04-24,upi,127166.38
14292,850,2025-09-26,Net Banking,10700.33
13398,4591,2024-09-06,Debit Card,182945.92
18510,355,2025-01-05,Debit Card,57298.56
10539,2464,2024-06-09,Net Banking,208056.2
17499,4268,2025-02-14,Credit Card,46583.73
7776,4087,2025-06-18,Credit Card,88890.15
1863,4929,2024-04-25,Credit Card,85113.31
11581,1235,2025-08-24,Debit Card,461674.58
5653,492,2024-10-02,Net Banking,218261.17
13828,856,2023-07-08,Net Banking,140120.81
11841,1235,2022-08-21,Debit Card,124665.44
7415,387,2025-11-23,UPI,405508.75
18248,1993,2024-02-17,,37952.56
16189,3319,2025-04-09,DEBIT CARD,65160.9
2633,3578,2022-04-21,UPI,329994.82
8420,3025,2024-07-15,Net Banking,26749.2
14330,3618,2024-12-03,UPI,132019.21
1585,2125,2025-01-11,Debit Card,275637.9
15322,2382,2024-07-21,Debit Card,225806.76
6352,4882,2025-04-02,Debit Card,57289.86
5007,4689,2024-10-31,Cash on Delivery,5399.52
11960,1709,2025-04-20,UPI,
9193,4060,2022-07-03,UPI,140428.87
17478,1632,2025-09-14,Credit Card,194565.58
4657,252,2021-04-21,Net Banking,12485.34
11961,4778,2020-06-11,Cash on Delivery,275486.35
6756,21,2025-12-29,Net Banking,126884.01
14521,4829,2021-08-02,Net Banking,155616.18
2427,3035,2024-06-13,Debit Card,132948.32
19415,2471,2022-06-09, Debit Card ,176931.42
5854,3976,2023-05-30,UPI,247553.97
9534,1711,2025-05-29,Debit Card,126219.55
6329,1737,2024-01-11,Debit Card,421603.15
1688,1068,2024-10-31,Cash on Delivery,190047.35
18018,3331,2024-10-30,Debit Card,383814.73
9603,3505,2022-11-01,Credit Card,
14351,2588,2022-02-22,Net Banking ,251343.34
1084,4218,2023-09-06, Debit Card ,40800.1
12459,3168,2022-06-05,Cash On Delivery ,115051.96
6205,2251,2024-05-24,Debit Card,350211.66
5265,2867,2021-11-16,,151796.12
13829,3293,2025-10-27,,47198.43
8960,3655,2025-10-25,Cash on Delivery,281146.68
303,1195,2024-07-12,Debit Card ,305990.73
19203,1791,2024-08-07,,155655.48
13462,4000,2024-07-11,Cash on Delivery,253559.42
70,1801,2025-11-11,UPI,303601.89
10118,4738,2024-04-10,Net Banking,113352.2
9222,628,2023-12-17,Cash on Delivery,182276.51
17308,4318,2025-10-27,Credit Card,95746.06
3423,4617,2022-10-22,Credit Card,298009.04
330,682,2022-04-06,Cash on Delivery,317670.31
8179,3407,2025-01-18,UPI,204546.64
1923,1138,2023-04-25,Credit Card,43872.52
15214,889,2025-03-21,Net Banking,65342.84
5508,882,2025-12-01,Net Banking,158121.64
19131,2047,2024-12-17,Credit Card,180708.8
14794,1685,2024-05-14,Cash on Delivery,606078.5
1324,4676,2024-08-10,,230216.19
11730,2529,2021-12-25,UPI,261816.73
6046,1652,2020-08-18,Debit Card,17297.67
10494,4227,2023-03-23,UPI,116855.9
5586,1997,2024-02-29,Net Banking,133104.38
3430,2812,2024-07-26,,229554.48
13034,1196,2025-07-31,Debit Card,216324.22
19794,2830,2024-11-16, UPI ,254692.28
7358,822,2023-01-03,Debit Card,361587.83
16791,1927,2023-08-24,Credit Card,284120.9
11913,981,2022-07-27,UPI,143572.88
3406,3261,2023-04-04,Credit Card,294748.77
15609,3824,2025-08-04,Debit Card,68732.42
1783,4756,2020-07-30,UPI,14749.67
10007,2564,2024-06-11,Net Banking,88450.5
19964,576,2021-03-21,UPI,56504.33
11145,4187,2024-10-19,Credit Card,372552.73
17014,344,2023-10-05,Debit Card,237754.36
16734,237,2022-10-13,Credit Card,199975.4
4479,3559,2025-03-31,Net Banking,132540.93
3485,2532,2024-10-16,Debit Card,26162.38
16628,3961,2025-12-30,Net Banking,201365.04
9449,2933,2025-10-03,UPI,175501.08
19337,2699,2022-08-31,Debit Card,38444.12
9840,4339,2024-02-25,cash on delivery,3327.64
10510,3362,2025-03-11,Net Banking,154130.68
18521,2070,2024-02-20,UPI,139205.38
7829,3628,2024-08-22,UPI,141191.36
10574,3270,2024-09-07,Debit Card,114604.66
13403,1523,2025-07-04,net banking,289430.06
3170,3218,2021-01-06,Cash on Delivery,403204.46
1640,4327,2025-07-14,Credit Card,222182.08
7586,3386,2025-10-31,UPI,265835.54
5072,2945,2023-11-25,UPI,188304.06
14027,1727,2024-03-31,UPI,23966.56
1781,443,2024-01-01,Net Banking,52703.88
5998,3322,2025-08-08,DEBIT CARD,119799.0
19751,3223,2023-02-13,UPI,380234.15
5255,1628,2023-05-18,UPI,48921.4
13698,3533,2021-03-30,NAN,63145.63
12628,4092,2024-11-08,cash on delivery,69328.68
19319,1617,2025-09-17,Net Banking,395169.46
3010,340,2023-02-05,Debit Card,267499.6
2228,4993,2024-10-29,Credit Card,157660.41
15497,3077,2025-12-06,Credit Card,136549.84
8307,2304,2024-02-12,UPI,43295.48
4837,2212,2025-06-04,Credit Card,72776.82
8903,3619,2025-08-14,Debit Card,352385.32
14691,3100,2023-06-15,UPI,128892.24
6860,2065,2024-02-02,UPI,169157.47
2935,47,2025-11-11,UPI,203527.08
14727,2796,2020-02-29,Cash on Delivery,420912.99
1308,3036,2021-05-25,Cash on Delivery,250820.36
8674,3447,2024-03-18,Net Banking,146986.75
18153,2254,2025-06-10,UPI,100737.27
14615,4468,2023-12-20,Debit Card,31119.8
7123,2778,2023-11-05,,248683.19
15435,4000,2024-11-14,,318465.66
8133,4674,2025-07-05,Net Banking,329092.99
18926,1114,2025-11-07,Credit Card,334401.89
5909,2762,2025-02-06,UPI,90419.33
10493,3528,2022-11-20,UPI,235499.68
4430,3135,2021-11-08,Debit Card,239258.0
226,4813,2025-10-23,Net Banking,23627.65
1652,2078,2024-08-31,Net Banking,252814.98
16200,438,2025-12-11,UPI,119358.2
17283,4007,2019-10-12,Cash on Delivery,51112.05
9617,3554,2023-03-13,Net Banking,140123.98
6187,4478,2021-11-07,Debit Card,47170.55
18906,4536,2022-04-25,Cash on Delivery,149792.76
8157,4170,2023-04-28,UPI,314101.16
11106,2783,2023-03-14,Debit Card,95885.35
3591,1270,2021-01-31,Net Banking ,233014.57
1175,4656,2025-06-08,Net Banking,72283.12
18474,277,2024-09-22,Cash on Delivery,138077.2
17820,456,2022-09-27,Debit Card,284792.55
13191,4101,2022-06-09,UPI,56644.28
8120,4597,2023-03-25,Credit Card ,193635.97
8547,2169,2023-12-15,Cash on Delivery,257304.4
17300,3210,2020-12-05,UPI,303826.01
4808,2297,2024-01-30,Cash on Delivery,382106.51
16410,1930,2024-12-27,Debit Card,419382.54
12804,2978,2022-02-04,Debit Card,269042.58
5368,3723,2022-06-10,Net Banking,228316.71
16632,4513,2020-11-06,Net Banking,329078.77
15253,152,2024-12-05,Cash on Delivery,4868.22
16919,4741,2022-07-03,Credit Card,286647.73
17084,309,2023-06-11,Credit Card,270860.09
10490,395,2024-01-08,debit card,131841.97
10236,4035,2019-12-13,UPI,321265.44
18957,4660,2025-02-07, Credit Card ,35946.4
14944,1385,2025-01-10,Net Banking,275405.07
13663,2975,2020-08-10,Credit Card,191063.74
11996,3179,2024-06-05,Credit Card,234712.86
5683,2489,2025-02-26,Cash on Delivery,205151.06
7508,1530,2022-06-23,Net Banking,
3566,4171,2024-09-25,UPI,10459.47
6801,4062,2023-01-09,Credit Card,136712.14
6473,3889,2024-12-09,Cash on Delivery,281650.69
14256,4834,2024-03-09,Credit Card,11893.95
15690,3814,2025-10-22,Cash on Delivery,189720.29
5083,634,2023-10-24,Net Banking,26144.79
8875,3696,2022-09-28,Credit Card,242076.05
190,706,2025-06-25,Debit Card,286410.64
3020,207,2022-07-31,Debit Card,188424.65
8978,2875,2023-04-19,NET BANKING,351312.09
8956,3188,2025-10-22,Cash on Delivery,354908.14
17151,4430,2024-05-23,Cash on Delivery,218490.39
1823,4055,2025-06-09,,150103.48
15981,3995,2020-06-10,Cash on Delivery,254781.92
1942,4766,2022-10-21, Credit Card ,105922.89
10086,136,2021-05-28,Credit Card,116444.97
18114,1605,2025-07-08,Cash on Delivery,201811.54
7494,3534,2022-11-08,UPI,283376.6
9485,1383,2023-06-11,Net Banking,45637.8
3173,4100,2022-02-17,Credit Card,208206.27
15042,1951,2023-08-20,Credit Card,251708.06
16743,756,2025-09-03,Cash on Delivery,213119.62
16374,3798,2025-10-03,Cash on Delivery,111630.01
3642,2377,2025-10-08,UPI,20413.28
12322,2843,2024-11-24, UPI ,
4426,1897,2024-07-24,Credit Card,58932.81
14339,2200,2023-09-22,Credit Card,253470.31
7737,1928,2023-01-27,Credit Card,192348.43
5029,3719,2025-08-02,Credit Card,268977.61
19318,1379,2022-10-11,UPI,156846.69
6502,2809,2021-09-03,Debit Card,170088.45
14176,4235,2021-12-19,Cash on Delivery,112754.62
2231,1027,2025-10-08,UPI,26898.5
9579,2448,2021-08-04,Net Banking,80803.2
2761,99,2024-06-14,Cash on Delivery,67946.24
11204,1349,2025-06-19,Credit Card,81504.12
2157,251,2022-08-05,Cash on Delivery,362017.58
12654,978,2023-10-17,Credit Card,244460.88
10491,24,2025-04-22,Net Banking,153121.0
4783,1523,2021-06-06,Cash on Delivery,247979.23
15813,3896,2021-01-29,Net Banking,396105.99
15285,1564,2022-08-05,UPI,92643.6
727,514,2020-09-17,Credit Card,149027.98
11650,1892,2025-07-25,Net Banking,30857.6
19358,4506,2025-06-17,UPI,164353.7
5550,2456,2022-11-10,Net Banking,410021.62
14213,2015,2025-04-19,UPI,18937.84
19772,684,2023-07-18,Net Banking,433585.8
11235,947,2024-04-22,Cash on Delivery,
3855,3363,2023-09-10,Credit Card,71339.03
17058,1994,2025-04-22,Debit Card,101347.92
4493,1715,2024-02-08,UPI,168426.63
753,138,2022-06-08,Cash on Delivery,125129.86
11598,2314,2023-07-22,Credit Card ,122074.84
17412,2126,2024-02-26,Credit Card,321135.35
8134,546,2023-11-12,Net Banking,44060.57
19188,3533,2023-10-16,UPI,
15646,1797,2025-03-05,Net Banking,20537.55
12417,3841,2024-10-19,Net Banking,300086.44
12187,2752,2025-09-11,UPI,142417.16
16772,3730,2025-04-01,Debit Card,257593.97
3599,4417,2023-11-09, Debit Card ,161032.57
11470,1812,2023-04-15,UPI,317923.53
13295,4148,2024-09-16,Net Banking,68326.7
13096,1198,2023-05-22,credit card,
7608,3993,2025-11-22,Debit Card,126295.23
11625,2515,2025-05-25,Debit Card,61163.56
7963,1302,2025-06-28,Cash on Delivery,366296.72
8845,2143,2021-04-20,UPI,121588.04
14334,1166,2025-02-25,Net Banking,539954.56
5990,3479,2024-10-21,Net Banking,122946.88
16951,3575,2022-05-05,Net Banking,294716.32
9345,3218,2023-08-29,Net Banking,85965.35
18408,4181,2023-07-23,Cash on Delivery,288291.95
602,695,2024-06-15,Net Banking,209080.23
15128,116,2023-12-18,Cash on Delivery,186809.92
2335,2591,2023-03-12,UPI,52037.57
4384,4608,2024-02-12,Cash on Delivery,375256.65
1760,4003,2023-04-08,Credit Card,85425.53
14702,3487,2025-03-11,Net Banking,113731.15
7304,2089,2023-06-14,Cash on Delivery,272898.65
16211,4257,2021-11-26,Debit Card,307612.79
16511,4993,2023-01-04,Credit Card,173756.1
18712,3117,2024-04-11,Credit Card,84616.38
321,1682,2023-11-21,UPI,158648.75
14878,1797,2025-03-02,Credit Card,3308.06
6014,2153,2022-08-16,Debit Card,84921.05
9796,834,2024-12-28, Cash on Delivery ,211181.78
8858,3475,2025-05-11,Cash on Delivery,377195.08
5454,179,2024-07-12,Net Banking,240972.7
9525,776,2024-12-24,UPI,36064.05
6354,135,2025-08-14,Debit Card,301938.75
14491,1682,2025-09-21,Cash on Delivery,163701.16
7332,1155,2024-01-27,Cash on Delivery,223625.02
15326,360,2021-07-19,Cash on Delivery,222069.12
12491,1341,2023-01-11,Credit Card,314989.62
10931,2385,2022-07-18,Debit Card,69069.46
6708,2188,2024-01-13,Cash On Delivery ,221715.22
10059,1713,2023-08-09,Debit Card,172261.3
14781,2032,2025-10-14,UPI,245176.45
15560,3379,2022-01-02,Net Banking,119923.77
19914,268,2022-03-29,Net Banking,78023.16
8951,402,2022-09-01,Debit Card,293595.59
16399,3157,2022-01-31,UPI,213963.92
3281,2935,2021-04-23,Cash on Delivery,21724.74
17198,3523,2024-08-27,Cash on Delivery,378980.01
17181,4165,2024-04-10,Net Banking,
2243,213,2024-11-26,Cash on Delivery,214161.18
2244,4079,2024-03-30,Debit Card,64953.73
6741,2744,2025-06-23,UPI,42798.48
12532,641,2025-03-09,Cash on Delivery,256646.92
15279,3893,2024-09-03,Cash on Delivery,253749.79
6946,4940,2025-11-24,DEBIT CARD,202308.35
14918,3124,2025-05-10,Cash on Delivery,16417.32
13156,1011,2025-11-16,Cash on Delivery,117536.56
15645,2741,2025-11-08,Credit Card,84806.88
2238,826,2023-05-02,Credit Card,171798.3
19535,556,2021-02-10,Credit Card,329510.65
16178,496,2024-09-04,Cash on Delivery,7066.58
19879,266,2023-07-19,,109678.64
5956,3839,2025-06-19,UPI,190040.0
5415,967,2024-12-12,UPI,89528.55
19586,346,2021-06-13,Net Banking,53128.98
12509,3264,2023-11-21,UPI,36327.69
9917,877,2025-07-31,Credit Card,29740.3
19157,4347,2024-09-03,Debit Card,6024.96
18890,580,2025-01-27,Cash on Delivery,279309.86
17651,4770,2024-12-04,Cash on Delivery,43786.9
18644,4741,2024-11-21,UPI,170376.5
18268,1808,2025-08-23,Cash on Delivery,115123.32
5134,3131,2025-12-06,Net Banking,341972.2
11769,2494,2024-11-22,UPI,272871.11
16356,2597,2025-07-04,Cash on Delivery,16780.77
16059,80,2024-10-09,Debit Card ,346297.9
10978,1928,2025-10-20,Net Banking,332870.93
17375,2478,2025-10-25,Debit Card ,104174.37
6189,3279,2024-10-27,UPI,285538.27
9087,557,2023-10-23,Debit Card,366165.75
19253,769,2023-11-01,Debit Card,24883.66
8199,926,2024-07-01,Net Banking,68385.3
15173,2557,2025-03-05,UPI,410038.62
15303,465,2024-08-31,Credit Card,174137.61
105,4520,2024-07-21,Debit Card,110890.87
19012,4491,2024-08-14,Cash on Delivery,99822.79
3296,2468,2025-02-02,Cash on Delivery,394266.74
4308,555,2023-06-13,Cash on Delivery,
16561,1816,2025-01-27,Net Banking,59409.21
5181,2882,2023-05-20,Debit Card,241922.86
16066,104,2020-07-25,Cash on Delivery,250023.3
5917,3679,2025-01-06,Credit Card,65501.2
5435,2133,2025-04-23,UPI,4545.7
19581,4714,2019-12-30,Debit Card ,70825.96
10566,1672,2021-09-26,Cash on Delivery,89221.13
15908,1360,2024-05-01,CREDIT CARD,31743.92
16789,2427,2025-02-25,Cash on Delivery,82447.24
6359,4590,2025-03-30,Credit Card,249680.14
1489,3403,2025-05-07,Credit Card,222502.05
14181,4587,2023-04-03,Cash on Delivery,117974.97
13158,1127,2025-04-18,Credit Card,11713.22
10966,3025,2024-04-21,Credit Card,206513.15
7371,3182,2025-06-20,Credit Card,364606.29
9612,4376,2022-05-19,Net Banking,144274.48
15082,1576,2024-08-22,Debit Card,135842.68
3103,1922,2019-12-29,Debit Card,57388.56
12272,2095,2025-12-29,Net Banking,16557.9
15730,1816,2024-01-25,Cash on Delivery,128824.94
18288,3422,2025-06-09,Credit Card,14157.43
9228,48,2024-08-02,,210207.99
19237,566,2025-08-20,upi,82799.82
9946,4003,2022-08-27,UPI,141012.14
10043,2572,2025-03-02,Debit Card,385626.53
19579,1969,2024-12-23,Net Banking,304383.25
14196,3481,2019-05-13,Cash on Delivery,67640.58
13993,147,2023-11-19,UPI,221044.9
9881,3578,2025-12-16,Cash on Delivery,88990.61
2912,1667,2025-03-15,Cash on Delivery,226834.05
14262,2955,2025-06-13,,371596.23
2346,4862,2025-07-26,Cash on Delivery,61413.21
12171,4889,2025-07-23,Debit Card,114132.53
7728,2705,2021-11-14,Credit Card,355046.83
8492,343,2023-02-13,UPI,280180.25
14807,4834,2025-12-29,,
10188,3041,2025-03-01,Cash on Delivery,118090.0
16617,1222,2025-10-07,Debit Card,72253.94
11105,3882,2023-12-09,Credit Card ,280273.33
1096,4177,2021-06-26,Net Banking,
14905,2507,2021-09-29,Net Banking,141142.01
2199,2324,2025-07-21,Cash on Delivery,338059.43
10973,4630,2025-08-05,,90052.26
19335,3847,2022-02-17,Debit Card,
2475,2754,2025-11-22,Debit Card,203015.06
9708,1150,2021-03-03,Cash on Delivery,283574.47
15348,3605,2020-12-01,Debit Card,288615.59
9925,4297,2024-02-13,UPI,212746.31
2834,2957,2025-11-01,Net Banking,3723.52
6103,2092,2023-01-07,Cash on Delivery,366976.78
5763,466,2024-12-21,UPI,144457.07
4334,692,2022-01-24,Cash on Delivery,33603.5
10567,808,2024-03-20,DEBIT CARD,50809.68
9630,3254,2024-10-02,,203695.13
13770,3423,2021-04-02,,138998.8
3530,4577,2024-03-03,Net Banking ,84751.02
11573,246,2024-05-16,UPI,298995.99
15048,3566,2024-04-26,,261424.97
3746,2692,2023-09-11,Cash on Delivery,229858.19
15668,1271,2025-02-01,UPI,10951.56
18956,3698,2024-10-29,UPI,439201.84
1385,1231,2021-05-03,Debit Card,102340.16
7498,2809,2021-04-05,Cash on Delivery,95455.59
6532,502,2025-12-18,Net Banking,361091.09
3670,4226,2023-11-29,UPI,248047.63
15533,1246,2025-11-10,UPI,76898.96
1404,1778,2025-10-18,Net Banking,46153.18
19832,4941,2023-04-28,Debit Card,247442.41
7886,2611,2025-04-15,Credit Card,95107.16
18798,3931,2024-06-16,UPI,429881.55
12545,3277,2023-08-12,UPI,236647.98
1133,2057,2020-06-26,Credit Card,165791.21
17218,1093,2024-05-04,Credit Card,30776.11
752,1718,2024-09-23,Credit Card,46827.39
1330,3318,2022-10-09,UPI,70343.4
9073,4755,2025-03-08,Cash on Delivery,326849.85
13126,1280,2024-11-23,Credit Card,413581.13
5818,3669,2023-03-03,Debit Card ,188553.34
2027,2177,2025-07-16,Cash on Delivery,78236.73
7471,637,2025-09-09,Credit Card ,208042.88
8808,1910,2024-04-15,Cash on Delivery,43699.34
6200,1350,2024-03-07,Net Banking,279198.61
14997,3496,2022-08-03,UPI,326915.65
3836,549,2021-06-28,Debit Card,186693.72
9581,1157,2020-01-31,credit card,236610.03
13925,2087,2019-10-02,Cash on Delivery,161085.51
5821,4309,2024-10-11,Net Banking,349620.58
9105,2950,2019-12-05,Debit Card,250763.21
11226,2685,2025-05-16,Credit Card,308917.51
12220,724,2025-11-06,Debit Card,106454.25
8259,2278,2025-06-24,Cash on Delivery,228688.1
6648,4993,2021-12-04,Credit Card,200543.56
11887,2397,2019-09-23,Credit Card,380348.2
18676,4559,2022-03-03,Debit Card,159033.7
2876,1724,2025-11-16,Cash on Delivery,355358.8
9920,4999,2025-02-27,Debit Card,334497.12
5277,1722,2022-10-30,Credit Card,291657.88
15428,1011,2025-05-22,Cash on Delivery,34552.7
4453,2887,2021-11-28,Debit Card,257521.61
9676,4287,2020-12-14,Net Banking,176647.02
13831,1892,2025-06-29,Debit Card,181222.22
5564,1569,2021-03-16,Net Banking,177500.03
13948,2652,2022-02-22,Net Banking,185238.45
19959,4064,2024-07-11,Debit Card,452330.56
4464,55,2022-09-28,Cash on Delivery,360153.94
7453,4132,2025-10-03,Cash on Delivery,127907.34
7502,495,2019-02-16,UPI,351322.38
9657,4823,2025-04-25,Credit Card,428065.26
12456,1732,2025-08-23,Net Banking,242508.54
6883,4001,2025-07-04,UPI,105136.02
3509,4290,2024-12-19,Debit Card,62650.24
6494,3236,2025-04-11,Cash on Delivery,234198.92
16693,4740,2025-08-22,Credit Card,235465.15
6031,4282,2025-11-18,Debit Card,287854.77
17115,1124,2024-06-12,Credit Card,215089.85
10720,4702,2024-09-21,Net Banking,149513.62
6360,124,2023-09-27,Credit Card,146046.85
4990,2811,2022-04-20,Debit Card,188548.26
14903,2209,2025-01-11,Net Banking,43026.8
18407,4648,2022-04-05,Debit Card,139078.94
5356,1105,2019-07-16,Net Banking,73029.92
19421,3970,2024-01-29,Debit Card,362152.83
3014,3219,2024-12-29,Net Banking,217495.85
8366,611,2023-11-04,Credit Card,249519.54
13539,2909,2022-01-08,Net Banking,195642.21
4638,610,2024-12-26,Cash on Delivery,539167.03
5343,2622,2024-04-27,Net Banking,230755.3
14460,281,2024-12-04,Debit Card,106414.0
7906,959,2021-07-23,Debit Card,270905.43
217,1645,2025-05-21,UPI,135021.14
16382,3948,2024-12-12,UPI,90026.2
19729,322,2024-11-10,Debit Card,127395.0
2739,3201,2024-03-23,Cash on Delivery,115595.16
634,2113,2024-12-21, Credit Card ,88092.17
7101,393,2024-07-08,Net Banking,223425.2
9074,1106,2024-10-09,Net Banking,16876.9
18519,3960,2023-03-05,UPI,143521.05
6466,3557,2025-03-23,Debit Card,215825.35
14660,1154,2024-12-19,Net Banking,305612.28
8593,4961,2025-12-09,Credit Card,39701.83
4302,3316,2023-09-25,Credit Card,298720.43
4850,2155,2024-12-22,,285117.2
14990,816,2022-01-21,Cash on Delivery,172286.69
18538,3898,2022-08-06,Credit Card,4774.95
1698,1196,2024-09-09,Credit Card,110417.3
13745,3291,2023-05-24,Net Banking,170786.33
357,4705,2021-03-22,Cash on Delivery,408253.84
9505,2737,2020-04-02,UPI,152190.46
11138,582,2025-08-14,Debit Card,210496.74
1051,845,2025-04-11,Credit Card,96725.01
8982,464,2025-08-06,Cash on Delivery,414487.47
2295,538,2023-12-08,Debit Card,350108.5
16585,454,2025-08-24,Credit Card,193142.7
14443,4287,2021-09-29,Debit Card,35373.35
17589,2207,2024-11-27,UPI,73535.43
17871,3089,2022-10-10,Net Banking,135331.2
10590,3099,2024-04-25,Credit Card,247067.24
4582,1717,2022-11-26,UPI,90022.05
15395,376,2020-03-29,Net Banking,147187.57
7609,4170,2022-11-20,Credit Card,89051.45
9519,3194,2025-05-16,Credit Card,116990.49
6312,1436,2024-01-22,UPI,81175.57
6558,3624,2025-12-10,Debit Card,169503.29
18250,2178,2024-10-09,UPI,105183.03
12560,933,2025-04-30,Cash on Delivery,63714.66
2252,3989,2024-09-24,Cash on Delivery,57053.8
14767,3353,2023-07-03,Cash on Delivery,142082.99
9804,760,2020-04-05,Credit Card,171711.06
19800,2738,2025-04-30,UPI,
373,3336,2022-03-25,Credit Card,52579.34
807,2007,2025-11-22, Net Banking ,53983.65
13601,4803,2022-12-28,Debit Card,332413.81
590,273,2023-10-18,Cash on Delivery,116638.4
4319,3910,2022-12-20,Cash on Delivery,43633.6
10921,3994,2022-02-02,Cash on Delivery,267133.54
11813,1435,2021-01-02,Debit Card,243217.19
5755,2361,2024-05-31,UPI,27103.88
16303,2060,2022-01-16,UPI,173664.46
16985,3008,2025-09-09,Net Banking,98716.62
9867,250,2024-10-29,Cash on Delivery,103291.16
6895,4521,2023-10-23,UPI,81550.7
3440,869,2023-10-05,Debit Card,233346.25
9809,4315,2021-06-04,Debit Card,312360.77
14073,4673,2024-06-15,Cash on Delivery,135285.48
19300,932,2023-12-20,UPI,59323.58
14953,1566,2025-05-08,Credit Card,6415.32
19124,3844,2025-12-18,Debit Card,254828.16
15308,1850,2025-06-01,Debit Card,104447.82
3355,4116,2025-12-31, Cash on Delivery ,232630.12
15546,429,2025-04-19,Cash on Delivery,72212.24
17388,1558,2024-10-14,Cash on Delivery,170892.72
6597,3890,2022-03-12,Credit Card,63454.58
19588,1314,2023-03-06,Net Banking,186404.18
19833,3723,2025-12-20,Debit Card,255807.55
19013,714,2025-11-19,Debit Card,145461.68
19080,3175,2019-05-17,Cash on Delivery,108057.4
19600,437,2020-11-12,UPI,283011.91
8587,927,2024-11-09,Net Banking,62762.85
696,3856,2022-09-16,debit card,171275.87
15959,1104,2024-02-01,,298820.34
1873,1125,2022-02-02,CREDIT CARD,121289.59
15343,4340,2021-11-15, Credit Card ,201201.63
3362,3854,2024-09-24,Debit Card,141483.17
11618,4199,2025-12-11,debit card,167365.07
7716,1609,2025-06-30,Net Banking,182174.23
9600,3347,2022-12-23,Debit Card,72069.84
4213,651,2024-12-18,Credit Card,252702.62
3996,3551,2024-04-13,Debit Card,305830.25
14943,4594,2022-11-06,Net Banking,133445.1
11252,4733,2025-11-08,Credit Card,270857.83
18748,677,2023-08-03,Cash on Delivery,270486.39
14038,2795,2024-08-20,Net Banking,
11054,3079,2023-08-23,Net Banking,108990.77
12551,4595,2024-12-24,Debit Card,110980.92
18282,2716,2024-05-17,UPI,157968.65
8911,1403,2024-07-23,Net Banking,95392.32
11988,393,2022-08-15,Net Banking,73444.34
3583,2056,2024-07-24,Cash on Delivery,188907.24
3153,2786,2025-02-06,Cash on Delivery,357492.87
15763,819,2020-02-02,Credit Card,38264.78
1974,4951,2024-08-15,Cash On Delivery ,399302.11
18369,485,2025-03-09,Debit Card,152208.3
16110,4431,2025-07-10,UPI,133150.8
6259,4054,2024-12-25,Cash on Delivery,305546.53
11580,300,2025-10-21, UPI ,10309.35
1693,241,2025-02-02,Net Banking,265599.72
5429,3064,2025-12-12,Debit Card,54109.88
3029,4625,2024-09-06,UPI,201062.72
12854,442,2024-06-30,Debit Card,16713.38
9384,3248,2021-07-20,Cash on Delivery,148040.3
18679,3090,2023-03-12,Credit Card,287968.65
12640,738,2023-12-31,Net Banking,284276.57
19063,1465,2025-10-27,,7064.9
7738,3312,2025-03-15,Net Banking,354954.64
13742,743,2023-04-23,Cash on Delivery,88221.56
14294,970,2024-05-04,Debit Card,203340.12
7141,4036,2023-10-05,UPI,242645.04
13114,1000,2025-04-21, UPI ,146840.51
7834,2371,2022-06-30,Cash on Delivery,97886.28
13647,1963,2021-08-09,Debit Card,32649.96
5799,4580,2022-12-31,UPI,45097.12
8558,4093,2024-06-17,Net Banking,227270.15
16669,900,2024-06-06,Cash on Delivery,49537.01
8187,1127,2023-12-29,Net Banking,338776.94
4227,2362,2022-09-15,UPI,125600.94
18366,2264,2025-09-02, Credit Card ,230284.44
19630,3111,2023-10-06, UPI ,154564.56
10496,471,2025-07-13,UPI,31278.08
16953,698,2023-10-21,Cash on Delivery,67947.5
16730,317,2025-07-16,Cash on Delivery,116128.76
19212,4497,2025-02-26,UPI,
19515,2610,2025-12-17,cash on delivery,158845.8
9615,4236,2020-06-23,UPI,31721.81
15116,1526,2021-03-26,Debit Card,157335.6
6086,1272,2023-11-17,,240779.24
18401,3573,2022-03-10, Debit Card ,410543.49
12887,4238,2020-11-14,UPI,111728.61
14828,4114,2025-09-22,Debit Card,
5185,1243,2025-06-19,Cash on Delivery,189624.45
7132,3242,2023-12-23,debit card,180013.65
12455,1292,2024-12-16,Net Banking,355728.62
2261,984,2024-08-21,Credit Card,168978.27
18922,1327,2022-12-29,UPI,44845.28
10513,3080,2023-11-05,Credit Card,176736.11
15508,2607,2024-12-14,Credit Card,81852.75
2470,3768,2025-06-24,Net Banking,20653.29
11897,2074,2022-07-25,Net Banking,133736.22
3239,3404,2025-07-15,Cash on Delivery,202329.77
15482,53,2025-02-21,NET BANKING,401308.59
13838,2030,2024-04-25,Cash on Delivery,240024.63
7258,4185,2025-06-25,Credit Card,290428.19
5580,3752,2022-07-20,Credit Card,74068.91
4636,2554,2023-01-20,Debit Card,25156.04
4791,1617,2025-06-07,Debit Card,48968.64
1515,601,2025-04-02,Credit Card,232290.35
14736,4276,2024-01-12,Debit Card,192610.2
7064,1402,2025-02-17,Credit Card,321241.11
12506,2336,2022-11-10,Cash on Delivery,72255.42
16270,1522,2021-08-30,CREDIT CARD,122405.95
1824,1963,2024-01-16,Net Banking,437935.89
4876,2960,2024-07-14,UPI,323669.46
9378,3770,2022-10-27,Cash on Delivery,388132.25
16463,2143,2023-03-13,Cash on Delivery,154131.49
2223,3845,2025-12-23,UPI,17737.54
1568,38,2025-07-18,Net Banking,57903.95
19449,3084,2023-01-26,Debit Card,304818.79
7631,3771,2025-06-28,UPI,22240.02
9725,1189,2023-03-02,Net Banking,87918.17
8060,448,2022-09-14,Debit Card,237976.49
16793,714,2025-11-23,UPI,183551.34
9832,2664,2022-05-30,Credit Card,101803.98
19483,2300,2024-03-25,Credit Card,18497.4
4874,1729,2024-10-21,Net Banking,151201.61
12581,1482,2025-05-18,UPI,168395.31
10700,3239,2024-10-19,Credit Card,8707.97
15358,2423,2025-04-20,,333582.12
16927,3556,2024-10-07,Credit Card,120956.18
7438,4882,2023-08-23,UPI,290952.35
10497,3618,2025-10-23,Cash on Delivery,
8129,3029,2025-04-10,Net Banking,64361.35
16376,1900,2023-10-13,,163764.58
81,4276,2024-07-05,Credit Card,17289.4
1910,1960,2023-03-27,UPI,92632.2
411,4617,2024-12-15,Cash on Delivery,2476.96
16296,3571,2025-05-25,UPI,224104.66
5748,4301,2019-08-05,Debit Card,167263.2
15858,4350,2025-04-13,,160898.55
5681,4988,2024-11-25,Credit Card,6934.98
7166,3139,2025-03-07,Net Banking,134478.58
10686,417,2025-03-11,Debit Card,271836.45
6937,4746,2024-05-02,Debit Card ,127579.73
15483,427,2021-10-19,Debit Card,27256.55
8003,2155,2025-10-29,UPI,190448.65
11663,3637,2022-10-01, Debit Card ,278166.51
19230,4203,2024-12-29,Cash on Delivery,273620.28
11174,3908,2025-07-29,UPI,404364.56
9874,704,2024-10-11,UPI,269217.85
16333,411,2025-10-25,Cash on Delivery,241919.56
14820,2009,2024-03-02,Net Banking,115315.51
9455,4087,2025-07-18,Cash on Delivery,40626.99
3699,4597,2024-06-13,Net Banking,132772.64
5105,2138,2024-12-15,UPI,164489.48
14769,4438,2024-07-27,UPI,99434.44
17431,1667,2025-02-23,Credit Card,125711.85
7552,947,2020-08-28,CREDIT CARD,102084.3
3963,4906,2023-12-19,Credit Card,371642.49
8474,2827,2021-03-13,Cash on Delivery,319965.29
8263,2512,2022-12-06,UPI,245653.95
17744,808,2023-11-13,Debit Card,
18039,943,2024-09-17,Net Banking,40926.02
10950,3714,2025-01-25,Debit Card,211844.34
9155,292,2022-02-12,Cash on Delivery,21903.12
14611,1569,2024-06-05,Debit Card,27952.65
7331,2944,2024-06-09,Net Banking,35268.17
15209,744,2024-06-29,Debit Card,178708.88
10576,770,2024-09-22,Debit Card,253399.62
8093,3420,2024-03-05,NAN,251717.55
1518,1585,2024-04-12,Debit Card,265335.8
10781,4200,2025-11-25,UPI,99245.62
14819,1485,2022-10-20,,337285.79
7781,1032,2024-10-08,Credit Card,47654.64
10130,89,2023-10-24,Debit Card,203845.12
7454,4348,2025-07-03,UPI,305940.46
12528,1058,2019-11-27,UPI,348578.33
9198,3440,2024-01-08,Cash on Delivery,302194.63
10217,4926,2025-10-26,UPI,85963.8
11400,3322,2025-11-30,Net Banking,150379.68
6348,1275,2023-12-22,Credit Card,88876.5
3733,3226,2024-05-03,UPI,259245.51
17228,1214,2023-05-22,Debit Card,203193.18
1787,2701,2025-02-06, Net Banking ,155013.14
19554,813,2025-07-19,Net Banking,353838.16
6387,3437,2023-09-13,Debit Card,8030.5
6713,2589,2025-09-27,Cash on Delivery,187421.78
218,3946,2025-11-14,Cash on Delivery,3192.32
17940,4427,2021-06-04,UPI,105805.08
12937,3984,2022-12-18,Credit Card,223995.48
1896,1088,2024-11-22,UPI,109784.02
13704,1693,2023-11-08,Cash on Delivery,201400.8
6007,4777,2024-04-11,Cash on Delivery,138385.35
48,1753,2023-09-17,Cash on Delivery,154095.76
16727,4714,2022-02-27,Debit Card,214370.28
12434,714,2025-11-06,Cash on Delivery,272354.25
11298,4601,2024-11-01,Net Banking,6696.88
17751,3869,2023-06-11,CASH ON DELIVERY,118574.22
9541,89,2024-11-04,CASH ON DELIVERY,112865.59
17597,1435,2022-08-09,Net Banking,17241.46
10131,4381,2020-10-08,Net Banking,29750.12
5327,3412,2025-07-26,debit card,11251.86
3557,3768,2025-04-19,Debit Card,379397.74
16531,4858,2024-09-15,Cash on Delivery,363796.92
11488,795,2023-10-27,Cash on Delivery,343842.66
4544,83,2024-09-02,Credit Card,174458.86
11094,4168,2022-07-23,Net Banking,236469.45
6915,1447,2024-12-28,Credit Card,86107.72
9269,3025,2023-10-27,CREDIT CARD,101735.65
9158,4394,2025-07-07,Debit Card,406492.02
12553,2414,2023-03-24,CREDIT CARD,
8518,2693,2024-01-18,Credit Card,206377.08
8374,709,2023-05-25,Credit Card ,75271.41
795,2322,2025-05-16,Net Banking,116777.34
11533,3345,2024-04-12,Cash on Delivery,182393.23
15222,2111,2025-12-27,Net Banking,80174.04
3969,3438,2023-11-10,Debit Card,21887.75
17516,1522,2021-09-22,UPI,129876.42
8712,1817,2025-08-03,Credit Card,29049.45
3527,2795,2025-03-21,Cash on Delivery,398206.35
4400,3085,2024-08-26,Cash on Delivery,90860.97
9298,4204,2025-11-17,Net Banking,174682.19
18907,1314,2025-03-16,Debit Card,90290.15
12405,2575,2023-12-19,Net Banking,76701.33
8178,1077,2025-11-25,Credit Card,101922.69
2136,1615,2024-02-27,Cash on Delivery,333872.72
16596,3245,2025-04-20,Debit Card,64054.84
4138,4977,2022-09-23,Cash on Delivery,122781.34
17741,1491,2025-03-21,Credit Card,136678.2
15612,3160,2021-02-05,Credit Card,141969.72
667,4887,2024-03-20,Credit Card,103031.96
9173,1915,2023-03-25,Credit Card ,207964.54
16062,1443,2023-05-08,Credit Card,240423.59
5918,4862,2025-02-13,Credit Card,165735.12
6832,1609,2023-04-22,UPI,484210.58
17866,2771,2021-09-29,Credit Card,165887.94
18452,2815,2023-03-04,UPI,45596.38
6609,4554,2025-09-07,Debit Card,178813.45
10003,4003,2024-01-03,Cash on Delivery,71414.66
7429,4038,2021-09-27,Credit Card,36483.69
16021,4040,2023-06-16,Net Banking,196265.41
18775,329,2023-02-22,Debit Card,82222.56
14603,2750,2022-11-07,Cash on Delivery,223109.91
8329,1863,2019-01-22,Net Banking,11099.8
16501,3667,2024-07-23,Net Banking,22267.98
15743,999,2023-03-24,Debit Card,9365.57
10701,585,2024-06-11,Cash on Delivery,179855.59
8813,918,2025-03-07,Credit Card,163700.39
12395,3860,2022-12-14,UPI,164888.7
9184,1569,2025-03-13,CREDIT CARD,249649.44
6493,103,2024-12-29,UPI,238192.21
6948,3227,2024-09-23,Debit Card,301145.12
13305,3169,2023-02-12,Cash on Delivery,420104.32
10727,3309,2022-07-06, Net Banking ,215350.33
13820,3795,2023-11-05,,18175.28
8904,3675,2024-12-09,UPI,11622.45
7327,3471,2023-06-16,UPI,162065.44
13473,167,2023-01-15,Credit Card,284822.4
1477,2558,2024-12-22,Credit Card,40441.16
379,4996,2024-07-12,Net Banking,61042.86
4614,802,2019-12-20,Cash on Delivery,69311.96
13469,1877,2024-02-20,Net Banking,293054.27
15105,305,2024-11-18,Credit Card,81757.58
11113,2026,2025-06-16,UPI,76160.06
6190,4479,2024-08-10,Net Banking,230410.3
420,4502,2025-08-08,Debit Card,118626.45
3757,4221,2024-03-29,Net Banking,30835.45
10218,3420,2023-04-02,Credit Card,340370.57
6611,2008,2025-10-09,Cash on Delivery,46392.78
16968,3411,2025-01-24,UPI,157481.75
12045,3838,2021-02-06,UPI,181344.35
10685,4582,2024-11-18,Credit Card,101020.34
14141,2983,2025-06-02,Net Banking,200765.99
7458,4218,2025-05-05,Net Banking,121054.17
2738,1233,2022-06-08,upi,258146.54
9178,1614,2023-03-04,Cash on Delivery,192329.27
10993,2876,2021-06-11,Upi ,453024.28
13312,190,2022-01-18,UPI,35097.32
6118,3888,2023-02-04,UPI,154045.28
14093,3508,2024-12-25,Debit Card,137941.28
9744,4618,2023-08-10,Debit Card,208331.83
11933,1999,2020-12-16,Cash on Delivery,90856.6
9846,4409,2023-05-10,Net Banking,119851.3
307,4829,2025-08-12,Cash on Delivery,199473.31
6306,1617,2024-11-12,Credit Card,42163.17
13633,1969,2025-02-24,Cash on Delivery,35439.39
8102,3388,2023-12-08,Debit Card,132952.4
15924,1684,2020-06-14,Cash on Delivery,97808.52
15259,3376,2020-05-26,Cash on Delivery,170900.96
7789,209,2025-12-31,UPI,246916.47
16319,2857,2024-03-25,Debit Card,54168.25
4545,215,2023-11-06,debit card,71001.56
9236,3143,2025-09-23,UPI,15898.52
652,4224,2019-12-07,Credit Card,184841.11
14682,460,2021-04-01,Net Banking,112498.2
9005,3827,2022-12-28,Credit Card ,98338.88
10157,2264,2024-06-30,Net Banking,246744.88
1530,2440,2023-11-19,Cash on Delivery,66101.81
3869,3146,2025-03-26,Cash On Delivery ,116331.75
17459,2618,2022-05-10,,113428.97
3148,4907,2022-07-15,Cash on Delivery,124180.05
3802,2116,2025-12-10,Net Banking,401099.46
19890,3778,2021-01-18,UPI,116885.1
16993,239,2021-11-29,Debit Card,29881.95
12457,2094,2024-09-20,Debit Card ,
15058,3737,2023-08-05,Cash on Delivery,53316.27
5422,2512,2025-12-28,cash on delivery,30824.23
11152,1569,2021-02-06,Cash on Delivery,93927.49
10281,201,2025-04-04,UPI,123887.89
19915,1926,2025-05-28,Debit Card,317107.05
14078,2322,2021-07-09,CASH ON DELIVERY,196867.08
15391,32,2024-12-11,Debit Card,66075.29
4250,2163,2025-08-30,Net Banking,215128.45
8232,2721,2025-12-25,UPI,249332.7
2799,2058,2024-05-01,Cash on Delivery,186357.04
12314,1185,2024-07-11,UPI,281053.24
1780,3397,2024-12-30,Net Banking,312927.28
18328,2656,2020-12-01,Cash on Delivery,209261.6
5469,4332,2023-05-28, Credit Card ,101459.68
19470,4786,2023-09-03,Credit Card,379276.9
8186,1846,2024-02-04,UPI,91700.46
9325,3853,2020-12-08,Debit Card ,230503.41
1771,2264,2022-01-02,Cash on Delivery,286334.94
2866,3833,2025-05-14,Credit Card,275561.88
19999,3319,2021-02-17,Cash on Delivery,267686.57
2463,3907,2023-10-27,Credit Card ,351049.46
14585,3733,2022-11-08,UPI,128636.18
10415,1150,2024-07-29,NET BANKING,82093.66
12823,4472,2022-10-08,Cash on Delivery,83134.94
11504,727,2025-11-30,NET BANKING,113224.94
6188,4981,2024-06-02,Net Banking,137415.45
6600,2770,2024-09-02,Net Banking,64861.97
15286,1882,2023-09-08,Cash On Delivery ,212419.82
9763,2687,2025-04-03,CREDIT CARD,106972.18
17100,163,2025-08-02,,168486.75
3212,2029,2023-10-28,Credit Card,174384.04
415,4492,2024-09-07,UPI,161342.09
9629,2048,2025-01-15,Net Banking,177938.2
6936,2789,2024-01-11,,413511.18
13967,3733,2020-08-08,Debit Card,63677.75
7977,4206,2021-06-08,Net Banking,46383.02
10355,1778,2024-11-29,Net Banking,120675.87
18212,2415,2025-01-30,UPI,287257.85
9334,791,2024-12-11,Net Banking,137379.93
19284,1949,2025-01-27,Net Banking,2312.95
6947,4121,2025-08-09,Debit Card,264319.75
18822,2463,2023-02-15,UPI,165006.45
16608,1175,2024-09-05,UPI,351410.85
11546,658,2024-07-18,Net Banking,
17275,3997,2025-12-24,Debit Card,360007.47
6893,2973,2021-12-06,Cash on Delivery,75420.52
7786,701,2024-10-23,Net Banking,15473.33
14954,453,2021-03-29,Credit Card,251651.05
15466,1735,2020-08-21,UPI,128349.48
13001,628,2023-03-17,CASH ON DELIVERY,316928.78
9549,2340,2025-08-15,UPI,
8042,1746,2025-06-22,Credit Card,111556.85
13604,3488,2025-05-18,Cash on Delivery,439898.25
15697,666,2023-01-03,Debit Card,34363.05
5317,4995,2024-02-16,Net Banking,174863.09
13205,1361,2024-10-08,Credit Card,38364.91
11308,2515,2022-10-07,Net Banking,13328.13
15913,716,2022-08-15,UPI,221554.43
6866,2785,2024-04-04,UPI,147419.7
15596,267,2025-10-13,net banking,326655.56
3828,2119,2025-07-06,Cash on Delivery,19877.76
2519,4583,2023-04-15,UPI,200843.15
18770,3272,2025-01-21,UPI,35682.12
8759,3776,2023-01-11,nan,120997.04
12711,2403,2023-07-10,Cash on Delivery,372849.34
11444,4389,2023-08-28,,26220.45
11264,62,2023-09-01,NET BANKING,350961.51
8897,755,2025-04-22,Cash on Delivery,198796.47
19946,2464,2023-11-29,UPI,133584.67
2674,4696,2025-07-22,Net Banking,292365.39
2303,3804,2020-08-25,UPI,124815.06
14532,2794,2025-08-09,Debit Card,13890.5
7472,2100,2019-11-30,Net Banking,126123.09
8141,2474,2024-09-06,Net Banking,158723.51
14315,478,2025-04-25,Credit Card,177197.56
5839,4889,2023-01-18,Upi ,55673.87
10664,2909,2024-10-24,Cash on Delivery,
284,2469,2025-09-07,Debit Card,362377.77
592,87,2025-12-08,,145283.02
5349,3937,2024-02-13,Net Banking,96814.98
1274,562,2023-05-04,Debit Card,97930.2
3862,284,2021-04-21,Debit Card,261690.69
3111,2528,2021-12-14,UPI,145589.19
5296,4987,2025-11-04,Net Banking,367426.47
1475,113,2024-01-27,Cash on Delivery,374991.76
19280,4248,2022-10-31,Net Banking,119203.11
7603,4253,2024-04-07,Debit Card,281789.56
7113,4135,2022-05-17,Debit Card,526087.77
7048,483,2019-08-31,Net Banking,240536.95
1142,2207,2024-02-29,Credit Card,113948.96
3484,3216,2024-07-25,Credit Card,169775.55
12142,2702,2022-05-22,UPI,47573.6
1715,1285,2023-04-01,Credit Card,371800.23
17017,3865,2025-12-17,UPI,45416.12
10083,4024,2020-03-29,Net Banking,179619.41
19814,379,2021-07-14,Credit Card,109192.92
15587,272,2023-10-25,Net Banking,219160.52
9427,3375,2023-12-03,Cash on Delivery,49691.72
19980,3984,2021-12-01,Cash on Delivery,154892.74
553,3642,2025-08-11,Debit Card,104383.2
15778,3097,2021-10-27,Credit Card,180422.09
3728,3246,2022-07-25,Cash on Delivery,413805.15
18438,2050,2022-04-20,Cash on Delivery,105180.81
7642,1042,2021-12-20,,306482.5
17983,3919,2024-03-19,Cash on Delivery,271313.76
1877,3065,2025-05-26,UPI,168751.4
13432,2234,2025-09-13,Cash on Delivery,370850.33
9811,191,2021-07-27,UPI,249926.56
6999,4804,2025-02-15,UPI,106109.51
11406,3882,2025-09-01,Credit Card,278770.39
11998,3645,2021-11-03,Net Banking,114102.25
5123,4045,2020-05-06,Net Banking,336931.18
688,661,2022-08-05,Cash on Delivery,290903.88
9822,3765,2021-07-12,UPI,127581.57
12675,4201,2024-12-23,Debit Card,154024.45
2621,4933,2025-06-11,Cash on Delivery,230118.53
6001,173,2025-09-29,Cash on Delivery,151128.17
3094,1422,2022-12-14,Cash on Delivery,210502.55
10227,2402,2025-08-19,Net Banking,85870.48
15289,3912,2021-04-02,Cash on Delivery,90256.0
493,2572,2024-12-27,DEBIT CARD,37450.2
2745,1971,2025-10-11,UPI,87088.93
18435,2129,2023-04-25, UPI ,96421.05
12710,2474,2023-09-30,Cash on Delivery,223883.25
155,3221,2025-12-25,Debit Card,233357.13
7204,4318,2023-11-16,Debit Card,161421.39
13860,38,2021-05-08,Net Banking,237421.88
2391,3009,2020-07-02,Cash on Delivery,448811.22
14242,4138,2024-09-07, Cash on Delivery ,342912.95
7483,4774,2024-01-13,Debit Card,356440.74
12667,1503,2024-10-02,Cash on Delivery,393356.8
301,1463,2025-08-28,Cash on Delivery,191540.03
18557,1499,2022-02-27,Net Banking,326297.38
9244,1392,2023-03-03,UPI,23652.05
14403,1683,2024-08-11,Net Banking,95566.25
10359,3066,2021-04-28,net banking,168624.79
16113,3629,2022-11-22,Credit Card,207031.65
13910,488,2025-03-09,Net Banking ,135673.88
10791,52,2025-10-14,Cash on Delivery,65084.06
9514,608,2023-06-21,Cash on Delivery,289468.84
2460,2072,2024-11-06,UPI,142917.19
1574,3886,2023-06-12,Debit Card,10544.13
1597,1942,2024-11-01,Debit Card,336996.29
7037,1532,2022-08-15,UPI,319796.95
5955,4627,2021-06-14,Debit Card,107301.16
8243,3417,2022-09-04,UPI,247817.35
5716,4720,2023-09-18,Debit Card,150363.9
4734,1010,2023-06-24,Credit Card,371099.7
14683,1313,2025-05-09,UPI,89627.92
2581,1239,2023-08-15,Debit Card,264075.46
15108,4546,2025-01-13,Cash on Delivery,182166.45
4440,1796,2025-06-27,Net Banking ,344943.95
14614,4528,2023-05-28,UPI,176673.12
16850,392,2021-10-26,Cash on Delivery,73513.03
14616,3689,2025-06-13,UPI,9432.3
5600,3924,2023-03-16,UPI,27937.8
14704,3789,2021-01-03,Net Banking,88729.69
12311,1444,2025-10-16,,54295.44
8244,4212,2022-10-09,UPI,68674.26
4932,3544,2022-10-25,Cash on Delivery,102033.05
12051,637,2025-05-27,,173968.67
6230,4682,2023-12-20,UPI,175637.51
1187,2760,2025-10-08,Debit Card,96336.9
7160,2201,2025-05-02,UPI,228198.38
2558,2488,2024-11-11,UPI,88054.8
9333,2977,2024-07-24,Credit Card,240270.12
2618,2772,2025-01-24,Credit Card,147317.15
19836,4200,2025-03-21,cash on delivery,78475.33
12641,728,2024-01-25,UPI,39958.04
12065,2130,2022-12-10,Nan ,30339.77
16548,4777,2025-03-24,Debit Card,117219.16
3753,2144,2025-07-31,Net Banking,237561.7
7943,1600,2025-08-23,Debit Card,386464.11
484,2712,2025-03-20,UPI,138011.01
8706,2761,2024-02-23,Cash on Delivery,326853.26
13484,3152,2023-04-18,Net Banking,271287.83
248,719,2024-05-02,upi,338676.37
236,4432,2025-09-01,Cash on Delivery,359867.6
17038,4025,2025-03-17,Net Banking,24075.1
5957,4753,2024-03-06,Credit Card,120192.72
16322,3982,2024-02-08,Credit Card ,429814.31
14758,835,2020-12-04,Net Banking,271968.25
13016,3260,2025-08-01,UPI,293103.72
18971,1393,2024-04-29,Cash on Delivery,11753.78
18255,3956,2025-12-06,Net Banking,31287.26
4805,4550,2021-10-20,Net Banking,287103.03
8363,1940,2024-08-20,Debit Card,6205.46
1109,3781,2023-05-22,UPI,32542.93
19507,3889,2024-09-13,Debit Card,155191.92
11112,2997,2024-05-04,UPI,46013.0
3459,4825,2023-09-11,Cash on Delivery,69312.68
18967,2794,2024-07-02,Credit Card,267949.98
19140,4305,2022-06-23,Credit Card,121942.75
9735,2824,2024-11-12,Debit Card,259505.92
7120,3568,2024-10-26,Debit Card,128698.16
18169,3655,2023-06-25,Debit Card,278091.4
9081,876,2024-09-28,UPI,236500.85
14179,732,2024-11-19,CREDIT CARD,169877.3
686,3947,2025-02-08,Net Banking,59839.97
7297,2546,2024-10-19,Credit Card ,62056.11
18839,1842,2025-12-01,Net Banking,203849.62
12921,1707,2024-12-01,Credit Card,406809.49
15512,139,2024-01-09,Debit Card ,175998.01
7761,1496,2023-07-10,Cash on Delivery,307252.86
16348,2516,2022-05-18,Debit Card,203156.56
13722,2604,2025-11-28,Net Banking,
12086,4330,2025-12-12,Net Banking,413862.72
2190,4043,2025-08-17,Cash on Delivery,219511.62
13104,2038,2022-08-11,UPI,385451.51
17475,637,2024-09-27,Debit Card,137338.7
6963,3652,2024-05-25,,322804.78
2980,4276,2023-06-06,UPI,107665.9
19387,2435,2025-07-14,Cash on Delivery,352279.9
10424,1031,2025-06-25,Net Banking,36262.84
8803,1109,2024-05-30,Net Banking,284997.49
11121,2617,2020-01-18,,1818.26
3162,37,2022-10-23,,61819.23
7373,4181,2024-12-17,,223549.85
18477,2604,2025-01-17,Credit Card,163890.74
2367,4114,2025-05-09,Cash On Delivery ,113356.66
6305,3936,2023-08-12,Net Banking,434571.39
18794,3471,2021-11-03,UPI,189574.36
1076,1548,2024-06-30,UPI,237844.1
2967,908,2023-02-19,Cash on Delivery,173869.25
8287,1338,2022-03-09,UPI,258758.51
4706,947,2025-03-15,Debit Card,120771.0
12622,4387,2022-10-15,Credit Card,107043.61
4966,3681,2022-06-26,Cash on Delivery,141626.04
2717,377,2023-11-18,,177906.65
5417,8,2023-12-04,DEBIT CARD,180737.18
16716,3194,2025-12-23, Net Banking ,293595.37
16832,1551,2023-10-12,Net Banking,3547.51
4583,3071,2025-04-23,Net Banking,266206.16
4875,3611,2025-07-29,Credit Card,189411.6
1045,4275,2022-12-11,UPI,243029.01
3923,731,2025-03-15,Debit Card,243696.03
18677,4291,2022-08-01,Credit Card,353206.66
14676,2198,2025-09-24,UPI,278599.42
2896,4114,2025-11-01,Cash on Delivery,94725.63
15425,1763,2021-10-09,UPI,139671.96
3513,4373,2023-11-12,Debit Card,42534.64
1019,1509,2022-03-23,Debit Card,53911.9
13758,2944,2025-03-08,Cash on Delivery,
5822,753,2025-08-29,UPI,128471.83
5070,3778,2022-12-26,Net Banking,32084.04
9551,1125,2024-06-08,Credit Card,109340.6
17905,299,2022-08-28,Debit Card,50692.4
18983,4553,2024-10-01,Net Banking,190524.41
15388,4097,2024-03-26,Credit Card,55227.24
6519,2823,2025-11-21,Credit Card,194572.66
7032,3456,2023-02-06,,323429.0
6545,4949,2025-09-17,Credit Card,305162.17
263,172,2022-10-16,Credit Card,477297.19
6459,2168,2023-09-23,UPI,214544.9
8123,4036,2022-11-08,Credit Card,73326.81
15599,3367,2021-05-30,Net Banking,91514.59
18904,1097,2022-06-24,UPI,122620.16
7389,1389,2020-02-28,Net Banking,108067.95
17328,467,2024-11-30,UPI,36123.06
451,4764,2021-08-12,Cash on Delivery,9595.3
15335,4989,2025-04-03,Net Banking,166994.28
12345,4425,2024-09-19,Cash on Delivery,204652.37
5631,1241,2025-09-26,UPI,164101.22
9548,1567,2021-08-01,Credit Card,89142.35
10117,1624,2022-05-28,Debit Card,313741.73
17696,1052,2024-02-02,Cash on Delivery,197336.99
7583,3329,2025-11-21,UPI,117404.37
18243,365,2023-08-08,Credit Card,129437.04
4490,4945,2024-07-26,Debit Card,254629.65
3555,2046,2023-12-22,Net Banking,44752.74
851,4774,2023-07-25,Cash on Delivery,233913.2
19356,2867,2025-04-18, Debit Card ,330534.92
17060,1936,2025-05-18,Cash on Delivery,188063.92
9016,531,2023-07-21,Net Banking,
13902,3972,2021-04-04,UPI,252633.47
11116,2060,2025-10-20,Cash on Delivery,257745.14
1444,669,2023-05-22,Debit Card,96001.97
135,2580,2024-07-14,UPI,31283.63
14638,2148,2023-09-27,Cash on Delivery,124354.4
16271,1012,2025-08-04,Credit Card,130700.88
15487,2986,2025-10-06,UPI,100949.84
16825,2003,2021-09-15,UPI,24147.95
480,355,2023-07-22,Credit Card,172818.12
18946,727,2025-12-19,Cash on Delivery,59648.18
8753,2735,2023-05-21,Net Banking ,145460.83
11104,4496,2024-06-17,Net Banking,187310.71
7187,1661,2022-09-15,CASH ON DELIVERY,92171.16
14165,2305,2025-12-28,Debit Card,256804.78
6719,2843,2024-02-29,Debit Card,129185.4
2821,2532,2024-05-31,UPI,120010.56
6120,2057,2022-07-25,CASH ON DELIVERY,238985.87
1213,2975,2023-02-07,UPI,209290.81
13631,4205,2024-10-05,Cash on Delivery,232040.54
17226,688,2023-07-31,Credit Card,378794.07
17954,579,2024-12-10,Debit Card,172437.62
19056,4277,2021-05-17,Net Banking,103559.62
5827,1068,2025-05-29,,355757.82
6133,4634,2022-07-16,Credit Card,328424.73
16630,1036,2024-05-30,Credit Card,46863.1
15236,1464,2025-04-21,Credit Card,
7468,4255,2023-01-13,Credit Card,157751.65
17047,2782,2024-10-31,CREDIT CARD,68848.04
7729,2633,2024-03-01,Credit Card,149196.03
1015,920,2024-09-30,UPI,185870.95
16162,3708,2022-06-20,Cash on Delivery,356015.87
14920,2903,2025-05-07,UPI,435507.82
3703,4884,2025-07-05,Net Banking,320207.11
8478,3626,2023-07-29,Debit Card,153716.8
13342,122,2023-02-01,UPI,191875.8
3265,880,2024-09-26,Debit Card,84739.28
10599,1097,2025-12-22,Debit Card,63207.85
1990,4724,2024-05-27,Cash on Delivery,148258.17
9341,933,2022-06-15,Debit Card,115800.13
15543,2430,2025-09-11,UPI,133468.92
15189,1434,2025-08-24,UPI,84786.37
10935,982,2021-02-13,,450585.58
14144,4820,2023-01-21,Debit Card,279340.6
15252,4126,2024-12-20,Net Banking,257068.51
1056,4478,2025-10-12,Debit Card,92646.53
454,2439,2024-12-28,Debit Card,222009.3
6658,4809,2025-04-15,UPI,103638.15
8182,3564,2025-09-05, UPI ,194809.0
1941,460,2025-08-16,Cash on Delivery,146227.02
2682,3393,2025-12-15,Net Banking,269339.44
14721,2954,2025-03-12,Net Banking,63319.16
7687,1471,2020-10-03,Cash on Delivery,181601.19
17598,3502,2024-09-23,Net Banking,209795.46
6994,2412,2022-10-27,Net Banking,332472.36
951,1929,2023-11-26,Debit Card,77738.29
17967,4327,2025-02-23,UPI,160151.2
11885,2558,2025-12-02,Debit Card,192214.21
15519,2316,2022-06-29,Cash on Delivery,45200.42
15133,4700,2023-01-18,Debit Card,162931.15
6452,681,2022-08-06,Net Banking,387783.3
5468,4653,2020-05-27,Debit Card,376643.55
13459,1681,2023-03-24,Debit Card,34113.92
16332,3643,2023-03-23,Credit Card,270322.01
2791,1986,2023-11-20,Debit Card,77545.06
3638,3376,2022-04-07,Cash on Delivery,159649.64
15258,3568,2025-06-05,UPI,178114.76
15551,1786,2025-11-13,UPI,169611.47
14720,3965,2025-12-31,Cash on Delivery,254398.52
10053,800,2024-02-24,Cash on Delivery,148854.81
16171,2628,2023-06-20,Credit Card,339726.8
12691,4533,2024-07-15,UPI,317235.57
18102,3288,2024-01-29,DEBIT CARD,
7915,3906,2022-06-03,Debit Card,108204.06
1900,4128,2023-06-05,UPI,120706.38
10786,2173,2023-09-24,Debit Card,503084.88
12210,1918,2023-09-11,UPI,
11042,3951,2021-05-20,Cash on Delivery,21445.99
544,4885,2020-11-22,Net Banking,53872.92
11944,1867,2022-11-03,Credit Card,449222.74
3256,2551,2025-10-30,Debit Card,269538.14
14184,325,2025-12-27,UPI,242203.65
3788,4819,2022-03-23,Cash on Delivery,150737.04
4500,1816,2024-04-03,Credit Card,143850.88
10437,423,2024-06-09,cash on delivery,95393.2
3131,1859,2021-07-28,UPI,264721.36
14454,2613,2023-02-21,Debit Card,232800.79
14778,3652,2024-07-12,Debit Card,162487.66
17908,1534,2025-01-07,net banking,175872.45
17775,3067,2024-11-17,NET BANKING,21687.44
13821,846,2025-07-15,Credit Card,75239.24
2607,4720,2023-03-31,Net Banking,112442.69
4957,3191,2025-02-17, Credit Card ,67473.81
18280,287,2025-10-20,UPI,314321.2
11139,4675,2024-01-22,Credit Card,207495.42
1754,2712,2025-09-08,Debit Card,309423.19
8260,1154,2025-02-23,Debit Card,28113.55
14423,3865,2023-06-24,UPI,124646.24
12834,2912,2022-05-09,Net Banking,97578.95
13103,1417,2024-09-23,Debit Card,43418.15
13626,3578,2024-01-16,Net Banking,171933.3
14133,3423,2023-11-24,UPI,138098.65
11059,574,2021-08-30, Net Banking ,239135.91
4533,2899,2022-03-27,Cash on Delivery,43220.58
5191,497,2023-10-18,Credit Card,94273.34
5904,1864,2022-09-13,NAN,175595.14
10755,2658,2025-05-22,Debit Card,34594.45
253,3317,2023-06-30,Credit Card,180547.5
18919,3056,2022-07-05,Net Banking,113949.29
18764,2810,2025-05-12, Cash on Delivery ,70768.25
793,1698,2022-12-17,Credit Card,193381.42
5010,1276,2025-03-08,Cash on Delivery,178085.35
12061,1367,2021-09-27,Credit Card,163975.63
14919,2884,2023-12-22,UPI,104582.4
16086,3394,2024-09-20,nan,207040.69
8940,1341,2024-06-15,Cash On Delivery ,203617.63
8871,262,2023-11-18,Debit Card,143124.72
12423,3231,2022-12-15,Net Banking,189209.46
16397,1237,2025-03-24,Net Banking,133210.94
6710,4137,2023-07-29,Debit Card,57554.68
4071,4050,2025-03-11,Net Banking,261583.81
860,2072,2023-10-14,Credit Card,41636.28
13578,3913,2024-03-21,Debit Card,158863.5
19235,1370,2023-07-31,Credit Card,159862.48
2307,4537,2025-09-15,Cash on Delivery,235513.58
2506,3427,2021-10-04,UPI,354528.97
2773,3192,2025-06-20,Cash on Delivery,204175.89
9296,3262,2024-12-20,Debit Card,322921.27
16383,2069,2024-05-12,Debit Card,181289.56
12479,4301,2024-07-17,UPI,108652.64
75,4029,2024-07-06,UPI,172912.6
9490,3661,2025-10-18,Net Banking,113526.28
5463,4952,2024-08-07,UPI,166707.54
10092,377,2023-07-24,Cash on Delivery,324828.7
19289,1493,2024-09-04,UPI,47464.4
14296,1063,2024-10-09,Credit Card,10429.18
14253,1913,2025-10-24,UPI,289585.6
2466,3046,2021-09-25,Credit Card,282213.44
8239,3428,2025-09-05,Debit Card,91050.0
310,4743,2023-06-14,Debit Card,148756.9
9717,2863,2019-07-26,Credit Card,141417.01
11968,198,2025-11-14,Debit Card,248186.59
11591,2640,2024-11-04,UPI,201601.15
10341,4557,2024-03-17,Cash on Delivery,62608.78
16792,4298,2020-10-25,cash on delivery,102124.9
3811,4633,2024-02-27,Cash on Delivery,55982.43
14036,3362,2021-11-08,UPI,197312.94
5436,2821,2022-10-24,Credit Card,115681.2
13527,581,2025-03-25,Debit Card,44507.06
6052,56,2024-12-12,Credit Card,28460.59
5481,1715,2023-10-01,Credit Card,168062.93
19278,2718,2024-06-18,credit card,103689.06
5129,3640,2021-01-08,Debit Card,481897.08
16715,2905,2022-10-31,Cash on Delivery,217451.47
18554,2389,2023-03-31,Debit Card,227534.34
18352,4630,2024-12-14, Cash on Delivery ,220329.05
17814,1936,2023-01-08,Credit Card,81162.2
15720,1845,2023-10-31,Net Banking,71538.92
11322,991,2019-04-14,Debit Card,72204.1
13973,2546,2024-10-20,UPI,309295.06
6033,372,2020-05-25,,372005.63
8106,4122,2025-03-10,UPI,68580.25
13281,3050,2024-01-19,Net Banking,140409.56
14273,2063,2025-05-19,UPI,69134.18
15488,1672,2024-08-14,Cash on Delivery,191349.35
16402,1581,2025-08-16,Cash on Delivery,536987.9
12642,3182,2024-01-08,Net Banking,134285.58
12433,3615,2025-02-06,UPI,245230.46
1392,1013,2024-03-05,Net Banking ,249936.48
5708,2963,2019-05-04,Net Banking,162496.65
5288,3802,2024-03-13,Cash on Delivery,42290.73
18951,3687,2022-10-18,Net Banking,197969.59
13,375,2025-04-14,UPI,37413.46
2446,3197,2024-07-31,Net Banking,242683.55
18368,995,2024-01-17,Credit Card,230295.41
16773,1379,2025-12-12,Cash on Delivery,340269.99
6296,4905,2022-08-12,UPI,68017.22
12708,294,2022-10-06,UPI,33768.98
11734,793,2022-06-20,Cash on Delivery,111050.52
5034,4968,2024-11-21,Debit Card,143838.22
13877,3101,2023-07-23,Cash on Delivery,172565.0
5663,2388,2022-06-10,UPI,138835.92
17757,3847,2023-05-15,,62080.25
5828,3247,2023-03-16,Net Banking,339133.74
6106,1050,2024-01-04, Net Banking ,263744.63
14830,4201,2022-12-06,Debit Card,137788.12
1241,4983,2025-01-20,Debit Card,63416.67
10260,2472,2023-03-04,Debit Card,111970.75
8620,1101,2025-11-03,,67001.06
5285,4220,2025-02-24, Cash on Delivery ,253967.26
9500,1608,2025-10-29,UPI,388540.35
16248,3440,2024-03-02,UPI,4564.8
1442,2158,2023-09-04,UPI,238096.01
4184,1283,2021-12-03,Credit Card,57218.32
5745,3995,2020-07-06,Credit Card,105403.1
16897,1639,2021-01-31,UPI,176289.4
10350,2558,2021-06-29,Debit Card,180992.76
18109,2868,2025-02-28,UPI,211547.68
11278,278,2024-08-06,Cash On Delivery ,57869.01
10084,2301,2022-06-07,Debit Card,34127.01
12188,3171,2025-12-26,upi,82162.27
18533,1879,2025-10-23,Credit Card,219609.31
17317,4377,2025-07-30,UPI,40060.06
3233,3522,2023-07-05,Credit Card,335518.22
2845,4816,2024-10-01,Debit Card,340624.85
440,4206,2022-08-17,Net Banking,75591.76
18159,4826,2022-03-25,Credit Card,130422.38
2123,4676,2025-12-18,UPI,45910.17
7479,2263,2024-09-18,Debit Card,126101.56
7597,1457,2022-11-22,Debit Card,113506.56
966,3030,2025-02-06,Credit Card,20138.58
178,208,2022-03-16,Cash on Delivery,83159.7
18241,2964,2023-12-05,Credit Card,95254.46
4775,3888,2020-06-26,Net Banking,
7883,3394,2025-08-20,Debit Card,55293.16
13846,2052,2025-09-10, Debit Card ,163982.51
4918,4752,2021-02-26,Debit Card,186272.25
6357,1727,2024-05-06,Net Banking,239635.92
6105,4603,2024-05-08,Cash on Delivery,82763.0
11521,3753,2023-07-23,CREDIT CARD,221391.6
14549,1448,2024-05-02,DEBIT CARD,297845.5
2820,3928,2024-08-15,Net Banking,
4098,368,2024-08-24,UPI,177647.57
19199,3395,2022-05-15,Credit Card,179196.55
7188,643,2023-01-16,,95967.32
15701,465,2025-02-03,credit card,380150.27
1622,4673,2025-08-20,,269121.45
12310,4178,2023-08-13,UPI,20157.85
13394,4918,2020-10-14,Net Banking,424484.07
13823,4307,2024-08-14,Net Banking,129805.16
14759,4369,2025-09-22,Credit Card,190702.0
6319,3027,2025-05-17,Debit Card,166423.26
3335,3311,2021-08-10,net banking,40946.34
10448,1813,2025-06-20,Cash on Delivery,321132.79
14407,2824,2024-01-06,Credit Card,12244.0
17776,4761,2021-11-25,Credit Card,234123.71
2146,702,2021-02-04,UPI,13170.92
12394,3121,2023-09-07,Debit Card,203456.29
13213,2584,2025-07-25,UPI,28264.06
12901,754,2025-07-17,Cash on Delivery,53150.74
11550,3690,2021-07-21,Credit Card,296541.5
15692,1275,2022-11-24,Debit Card,274422.15
5612,3173,2025-11-12,UPI,338544.61
188,194,2023-02-24,UPI,323232.28
1984,2458,2023-10-22,Cash on Delivery,121584.97
19276,3412,2022-09-29,Credit Card,128444.05
15957,1287,2024-03-27,Debit Card,113926.65
10479,1679,2021-09-29,Debit Card,251744.61
18209,1137,2023-11-18,Net Banking,39792.36
5700,749,2022-06-19,Net Banking,187778.99
19412,3667,2024-07-27,UPI,507236.2
1097,844,2024-10-03,Net Banking,120361.72
2502,1722,2023-09-13,Debit Card,52981.6
10927,1906,2024-12-07,,129566.89
7660,3369,2023-08-06,Credit Card,62139.04
10207,1785,2024-07-17,Debit Card,210513.1
14856,1240,2025-01-16,Cash on Delivery,313468.87
4274,845,2021-02-15,Credit Card,230689.32
1918,3391,2024-09-20,Debit Card,137638.32
13538,2286,2023-09-14,Credit Card,381565.8
5752,3198,2025-01-15,Cash on Delivery,161815.6
3385,246,2025-10-09,Credit Card,
17511,488,2025-05-10, Credit Card ,41120.87
4386,1350,2024-08-04,Debit Card,239432.86
14278,1075,2025-04-28,Credit Card,
17291,582,2025-04-07,Debit Card,4018.38
5996,1562,2023-05-26,Net Banking,296754.98
11436,4492,2025-12-29,UPI,172107.85
11258,2948,2024-04-07,Debit Card,117528.32
8068,4895,2024-02-14,Credit Card,278924.87
2116,4016,2022-09-30,Cash on Delivery,358398.79
13421,1994,2024-02-27,Cash on Delivery,298435.83
11714,1434,2025-03-31,,5633.21
3107,4122,2021-02-05, Credit Card ,138753.36
12054,377,2023-05-09,,112597.17
11838,4024,2024-11-19,Net Banking,140258.46
17799,4951,2025-04-09,Debit Card,215235.12
4725,1230,2025-11-22,UPI,61354.28
801,4857,2022-03-05,Credit Card,168849.12
12957,2952,2023-06-20,Cash on Delivery,192834.28
6430,4021,2020-10-31,Credit Card,143243.0
3745,1121,2025-02-21,Net Banking,122278.4
9232,4775,2024-10-27,UPI,243897.85
13168,1214,2020-05-17,Debit Card,216747.28
13132,3170,2024-03-29,Net Banking,13698.56
8444,4862,2024-11-03,Cash on Delivery,164758.6
5080,1282,2022-02-17,Net Banking,248641.63
9738,3545,2023-01-24,upi,55214.9
11912,2383,2025-02-06,Net Banking,197127.32
15621,145,2021-08-31,Credit Card,118921.3
5789,4882,2025-01-14,Credit Card,34080.18
7130,4061,2024-03-24,Net Banking,60255.92
7296,1967,2024-05-06,Debit Card,196045.0
906,1258,2024-05-24,cash on delivery,312119.06
18282,2716,2024-05-17,UPI,157968.65
11896,2669,2025-08-28, nan ,50428.52
545,3096,2025-12-23,Net Banking,72904.14
10106,2464,2023-11-22,Net Banking,179840.3
983,2579,2025-02-17,Debit Card,238978.01
3882,1920,2021-10-17,Debit Card,356384.09
1908,2779,2022-07-24,Cash on Delivery,173659.96
6144,1707,2021-02-28,Net Banking,51213.51
12994,4160,2024-07-28,Cash on Delivery,147346.08
6906,3856,2024-01-20,Cash on Delivery,119248.06
6522,1030,2024-06-17,Cash on Delivery,123592.11
19422,1308,2023-09-09,Debit Card,55849.8
1861,3241,2025-02-02,Cash on Delivery,119052.66
17252,296,2025-04-29,Credit Card,44724.04
8541,3557,2024-05-11,Debit Card,318300.85
848,1983,2023-02-18,Upi ,190163.1
15847,3356,2019-09-17,Credit Card ,180840.1
5188,1088,2025-10-03,,160667.39
5209,44,2022-07-24,Debit Card,215200.8
13732,2141,2024-04-18,Credit Card,10863.11
8331,2505,2024-04-06,Cash on Delivery,189989.86
15955,1575,2025-10-14,DEBIT CARD,118065.81
326,4577,2021-11-08,Net Banking,226557.06
6485,877,2025-09-25,Cash on Delivery,59464.26
15376,2467,2024-01-10,Cash on Delivery,
8246,3745,2025-07-18,Cash on Delivery,266389.95
6382,584,2025-08-03,Net Banking,28718.49
4890,177,2024-09-09,UPI,70551.26
7228,2528,2022-01-17,Net Banking,160216.34
8192,1595,2025-03-22,DEBIT CARD,37125.16
19872,3414,2025-04-04,Cash on Delivery,320314.37
19071,4441,2021-08-17,Cash on Delivery,203278.2
10568,2130,2021-10-27,Cash on Delivery,419852.56
17818,2055,2023-11-22,Credit Card,128862.37
10340,3546,2024-05-07,Cash on Delivery,152894.82
10569,45,2023-09-22, nan ,315324.7
7347,16,2025-04-19,UPI,474680.61
14260,3012,2023-09-26,Net Banking,334446.85
6740,331,2024-11-28,Net Banking,379741.24
1539,2522,2024-09-11,Credit Card ,354368.02
6735,2345,2023-09-26,Cash on Delivery,367340.26
17384,4191,2023-09-08,Cash On Delivery ,192298.3
315,3736,2024-04-20,Credit Card,274632.88
17548,1201,2025-09-08,CREDIT CARD,240215.46
11603,3211,2022-06-14,Cash on Delivery,175495.72
4824,2095,2025-06-28,UPI,147656.55
11640,3304,2021-08-20,Credit Card,388104.13
10833,764,2023-04-16,Cash on Delivery,175461.57
1580,1232,2023-04-02,Cash on Delivery,296345.57
7222,2061,2024-08-05,Debit Card,194044.0
8375,3119,2022-10-12,Credit Card,100940.65
18807,99,2023-05-30,UPI,318906.26
7000,210,2022-11-06,Debit Card ,46979.2
19487,4888,2024-06-16,Cash on Delivery,39521.66
6723,3492,2025-09-05,,442803.8
11949,31,2024-12-18,Net Banking,162684.87
7196,2544,2022-03-15,Debit Card,119578.48
12646,3087,2022-02-19,Net Banking,265575.67
942,937,2025-05-05,Cash on Delivery,260306.81
10614,2792,2025-01-14,Debit Card,57249.48
11834,2471,2024-09-03,Credit Card,550113.09
15288,3152,2024-01-02,Credit Card,224476.53
11037,725,2025-07-02,Credit Card,225449.51
18661,3048,2024-08-20,Net Banking,41695.02
3418,3345,2024-03-18,Cash on Delivery,63239.3
12702,3533,2023-01-23,UPI,31003.5
8786,1450,2020-10-24,Credit Card,326890.3
16854,2835,2022-07-30,UPI,224186.16
13014,4960,2024-10-16,Credit Card,42820.98
9498,2411,2024-03-06,Cash on Delivery,266197.81
18754,3890,2021-11-15,Cash on Delivery,338173.79
12685,2509,2022-01-24,Cash on Delivery,271516.33
10589,4268,2025-07-12,UPI,62103.0
11932,804,2022-05-25,Cash on Delivery,186107.8
2956,624,2023-07-30,Credit Card,153604.6
8667,2866,2024-09-19,Net Banking,230608.21
7517,112,2024-11-28,Net Banking,85425.05
7584,3534,2024-07-07,NET BANKING,51715.14
14538,1674,2022-03-06,Credit Card,174276.55
6922,2552,2023-02-05,Credit Card,166273.23
12927,182,2020-11-08,Credit Card,107540.15
12688,2786,2024-10-29,Credit Card,442887.11
6958,2165,2020-07-21,UPI,276833.89
4125,3170,2025-11-01,Net Banking,363377.08
3294,3850,2025-11-11,Net Banking,22863.85
19908,204,2019-11-27,Debit Card,
9253,4205,2024-12-05,Credit Card,324819.1
15505,3381,2023-06-07,Debit Card,97983.0
16250,4510,2022-12-08,Credit Card,465636.41
12740,3123,2025-01-12,Credit Card,
14245,4300,2025-02-19,Credit Card,373392.82
19147,4466,2023-09-25,Net Banking,124081.53
6130,1915,2023-04-14,UPI,120842.44
18559,2545,2024-07-01,UPI,241016.27
3420,4163,2021-03-27,Credit Card,171722.86
1825,2681,2024-10-26,Net Banking,203208.05
15360,4838,2025-07-29,Cash on Delivery,28253.8
11856,4465,2024-04-03,UPI,22218.76
15477,192,2024-06-05,Cash on Delivery,138871.98
13745,3291,2023-05-24,Net Banking,170786.33
4632,2599,2025-10-20,UPI,141441.75
1762,1811,2024-11-27,UPI,61753.36
17959,167,2024-11-14,Net Banking,247926.51
14129,2001,2024-12-20,Net Banking,406386.03
4448,3894,2024-03-20,UPI,1857.18
12582,1238,2024-11-22,Debit Card,167775.12
3496,2937,2023-07-01,UPI,281136.96
6170,4688,2023-03-17,UPI,71857.44
9164,4912,2023-04-26,Credit Card,255986.56
11263,4725,2024-03-11,Credit Card,90595.53
6168,3923,2022-07-29,Net Banking,37778.65
19752,1473,2025-06-05,Debit Card,73095.0
17612,549,2022-01-25,Net Banking,48245.62
4187,4017,2025-03-06,UPI,188927.99
5056,4876,2025-07-07,Debit Card,152812.95
3207,1176,2025-06-15,Net Banking,462333.03
7162,1476,2024-12-10,Debit Card,359620.83
2572,4703,2025-07-21,Debit Card,351706.39
8193,3467,2024-04-14,Credit Card,13671.21
16157,3076,2021-03-26,Debit Card,298456.18
1646,3854,2024-04-27,Cash on Delivery,247678.93
18666,768,2022-09-05,Net Banking,219183.45
382,1331,2023-09-18,debit card,13484.72
13540,4576,2020-11-10,UPI,248991.8
5012,3561,2025-03-22,nan,
705,525,2025-09-26,Net Banking,314388.78
619,3842,2022-03-19,UPI,21455.8
1645,3854,2025-02-02,Cash on Delivery,109672.08
1510,2068,2025-12-04,UPI,16220.0
5518,4048,2022-01-18,Debit Card,95244.4
12608,4809,2023-05-12,Credit Card,253926.3
224,995,2024-06-11,Credit Card,192257.5
18566,4996,2023-04-09,,
15350,1217,2025-07-29,Credit Card,39570.16
12502,1192,2024-02-03,Cash on Delivery,175284.8
15371,4800,2023-07-30,Cash on Delivery,160682.09
11785,2061,2025-10-16,Credit Card,254276.59
14539,179,2025-08-01,Debit Card,64025.78
16462,2555,2024-06-18,Net Banking,45520.38
2323,4551,2019-12-11,Cash on Delivery,144197.79
1025,435,2024-02-22,Cash on Delivery,6951.8
13701,3503,2020-03-22,Credit Card,299050.48
8632,217,2022-09-22,Credit Card,268349.0
9279,3558,2024-08-11,Cash on Delivery,226674.5
19069,2949,2025-03-21,Cash on Delivery,167779.49
343,2896,2025-03-14,Upi ,422805.92
18730,2332,2024-01-11,Debit Card,188527.91
14561,1217,2025-08-05,Debit Card,33088.1
2643,892,2025-08-24,Net Banking,25345.47
15245,3092,2021-06-06,Net Banking,134147.99
491,2702,2019-10-25,Net Banking,278539.57
12511,4782,2021-08-17,net banking,268212.62
7979,4814,2022-05-06,Debit Card,145236.66
3681,1359,2023-03-06,Net Banking,248933.37
18660,1693,2025-02-02,Credit Card,129617.63
14657,4744,2021-09-15,Net Banking,50230.71
8566,4540,2025-01-15,Credit Card,44740.28
15270,2418,2025-08-26,Debit Card,366907.76
18827,4768,2022-05-02,Net Banking,318242.75
13220,1859,2025-06-21,Cash on Delivery,175062.8
8878,2034,2022-09-15,UPI,58223.42
8142,3748,2024-07-25,UPI,385139.7
15657,2898,2020-08-20,Cash on Delivery,16977.02
17202,4337,2023-03-23,Debit Card,340368.47
19741,3850,2025-07-15,Cash on Delivery,136305.28
16386,4947,2020-11-16,UPI,394069.02
18259,1208,2025-04-02,UPI,114936.01
1246,837,2024-04-06,Debit Card,260070.56
18841,1796,2025-03-21,,151251.84
14942,3712,2024-12-08,Cash on Delivery,431136.25
6502,2809,2021-09-03,Debit Card,170088.45
17607,2416,2025-02-27,Debit Card,19898.78
8488,822,2022-02-21,Credit Card,156230.01
8902,3571,2024-02-29,Credit Card,261818.01
18444,855,2024-06-01,Debit Card,75100.22
5430,1575,2025-07-11,Net Banking,265372.51
6588,2147,2020-12-07,upi,236425.8
11688,4018,2025-12-29,Net Banking,27960.54
19379,232,2024-05-02,Debit Card,111773.0
2971,1547,2025-07-04,Cash on Delivery,93215.62
10859,3601,2024-04-30,UPI,
18581,4854,2025-02-13,UPI,218516.68
4800,128,2025-04-09,Credit Card,89817.09
9544,2764,2025-05-18,Net Banking,470595.8
15056,4028,2023-08-28,Net Banking,116417.48
11787,1751,2021-09-18,Credit Card,210685.55
9565,4929,2023-09-20,Cash on Delivery,213339.22
17680,2599,2023-09-22,Net Banking,409649.55
18870,2958,2024-07-01,Cash on Delivery,269294.62
7837,1271,2025-02-19,Net Banking,66260.56
16177,2145,2023-04-14,UPI,414221.54
1189,4612,2023-11-15,Debit Card,9548.27
15481,1658,2024-03-21,Cash on Delivery,121159.51
14974,2508,2025-09-17,Credit Card,259748.42
17602,464,2024-11-12,UPI,218917.43
4423,305,2025-09-03, UPI ,153854.8
7277,4690,2022-04-30,Net Banking,390634.59
9900,4372,2022-10-07,Cash on Delivery,
5651,2490,2025-02-25, Debit Card ,
17052,603,2023-12-25,UPI,224479.39
7873,2840,2024-06-07,UPI,133176.91
4970,4558,2024-04-24,UPI,18672.22
10616,388,2023-08-09,Credit Card,323267.67
57,2152,2025-09-14,UPI,133381.84
9246,3733,2019-05-02,Debit Card,131466.71
10721,1919,2019-05-06,Net Banking,289287.61
3035,1057,2021-05-19,Credit Card,23977.9
5599,913,2023-03-31,UPI,8214.17
17088,4464,2022-09-23,Credit Card,315109.08
3558,3445,2023-11-21,UPI,49621.01
7506,3126,2022-04-23,Debit Card,107812.7
7531,4858,2023-12-14,Debit Card,353221.94
8209,1966,2024-04-09,Net Banking,247252.94
5531,3802,2023-06-22,UPI,171616.45
8327,915,2023-11-20,Credit Card,153962.6
5454,179,2024-07-12,Net Banking,240972.7
8038,3083,2025-07-25,Credit Card,121725.76
3943,4477,2023-10-31,Debit Card,214180.64
16114,1603,2025-07-02,Cash on Delivery,197249.24
6298,1790,2021-04-05,UPI,22266.44
6125,1814,2024-10-28,Cash on Delivery,14107.54
10759,1709,2025-09-19,Cash on Delivery,187284.6
15026,2633,2024-04-28,Net Banking,268186.94
19132,4564,2024-12-20,Debit Card,185508.55
12856,4711,2024-08-22,Debit Card,188335.34
2257,4312,2025-02-24,Net Banking,170092.3
7420,4702,2024-02-11,Net Banking,
6523,1518,2024-10-26,NET BANKING,19004.55
1192,611,2024-10-03,UPI,62090.4
14268,2390,2024-08-22,Net Banking,244886.2
3607,75,2024-01-31,CASH ON DELIVERY,241386.18
1087,4029,2024-08-29,Net Banking,125668.29
8618,1653,2025-07-21,UPI,218353.53
17498,2307,2025-10-04,Cash on Delivery,380543.09
275,1869,2023-08-01,Debit Card,66734.2
1342,3742,2023-09-09,Debit Card,151011.5
17565,2648,2024-01-07,Cash on Delivery,11070.72
5562,4438,2024-04-21,Debit Card,146063.03
11859,103,2025-06-09,Debit Card,114743.6
14777,2453,2025-03-27,Net Banking,290712.91
14751,4794,2024-01-06,Net Banking,
2524,3681,2022-11-11,UPI,90888.68
11257,2375,2025-03-09,Credit Card,30260.07
9728,1072,2020-09-13,UPI,141508.01
10888,2624,2024-06-04,Credit Card,126316.39
15043,1022,2022-06-02,Net Banking,357920.81
14858,1964,2023-07-09,Net Banking,234245.8
6862,525,2025-01-14,UPI,117257.97
16051,1005,2020-09-30,Credit Card,164195.51
5251,1664,2023-12-16,Net Banking,
5340,1039,2023-08-25,Net Banking,268907.56
4666,2598,2023-06-09,Cash on Delivery,253251.92
17255,197,2020-11-08,,394504.83
13786,3474,2023-07-24,Net Banking,41749.67
5234,3835,2022-11-15,UPI,220952.19
13154,4351,2025-05-01,Debit Card,65569.92
17152,4521,2023-06-23,Credit Card,
1954,2331,2025-06-14,Debit Card,294923.93
8175,2986,2025-05-07,Credit Card,119029.91
10430,3618,2025-05-06,Cash on Delivery,272587.71
9397,2980,2025-06-17, Debit Card ,49805.2
10390,1734,2022-05-25,Credit Card,21345.26
17506,2303,2025-12-17,UPI,78408.94
11095,3495,2024-07-03,Credit Card,115644.65
18346,4749,2025-10-18,UPI,275280.82
1794,4241,2025-03-20,Net Banking,
11666,405,2025-03-18,Debit Card,276356.38
3777,1644,2022-03-26,UPI,32876.43
864,713,2024-03-11,Credit Card,135848.24
13236,2949,2023-09-26,Net Banking,131462.16
19107,3616,2022-07-08,Cash on Delivery,168091.64
4442,4146,2023-05-15,Cash on Delivery,143748.12
13588,259,2024-09-30,Debit Card,11383.14
16181,679,2023-03-06,Credit Card,224393.53
9512,1647,2023-11-05,Debit Card,16017.52
11901,4696,2022-06-09,Debit Card ,438886.53
7444,2728,2025-07-11,CASH ON DELIVERY,325495.3
10933,3112,2024-12-01,,111470.94
8007,1593,2024-02-24,Debit Card ,378837.28
12409,1855,2025-07-28,UPI,160377.55
1317,4058,2025-11-01,Credit Card,317617.07
6364,1304,2023-06-16,Credit Card,538322.63
6412,677,2024-05-15,Cash on Delivery,159346.1
5489,3734,2020-10-30,Cash on Delivery,135011.0
1217,2398,2024-05-25,net banking,299859.58
2339,3836,2020-08-17,Debit Card,83884.41
6842,4341,2025-04-29,Net Banking,147986.59
9478,4657,2021-06-16,Credit Card,124031.07
10187,2429,2025-11-26,Cash on Delivery,276181.13
16863,4738,2024-06-02,Credit Card,278960.86
8047,4270,2025-10-08,Net Banking,71496.51
6861,502,2024-04-26,Credit Card,319009.11
5307,113,2024-04-27,Cash on Delivery,150740.82
16959,3804,2019-10-09,UPI,31515.53
1457,1854,2024-12-27,Debit Card,
7683,3341,2023-12-27,Debit Card ,97898.79
3669,3802,2025-06-08,Credit Card,209580.64
14798,937,2025-04-28,debit card,35049.8
5132,4137,2023-11-11,Debit Card,41092.36
5886,3075,2024-10-24,UPI,204493.0
12269,3538,2022-08-13,Cash on Delivery,27657.98
14164,4654,2022-05-13,Debit Card,15083.24
10558,4660,2024-12-04,Credit Card,448134.33
5060,4335,2023-08-30,Debit Card,255275.67
7394,1238,2025-09-14,Net Banking,119718.88
1234,4967,2024-04-11,Net Banking,49057.92
16202,3627,2024-06-02,Credit Card,280652.16
7427,4985,2024-02-08,Debit Card,127370.64
13190,4945,2025-11-26,UPI,182105.61
2562,3649,2021-01-31,Net Banking,56519.97
11577,4641,2022-09-16,UPI,61732.38
8633,1001,2021-08-19,UPI,132758.94
984,4642,2022-07-15,,67744.53
10987,2109,2025-11-06,Cash on Delivery,174193.35
3361,1545,2023-03-01,Cash on Delivery,76225.12
18489,1221,2020-06-15,Cash on Delivery,211323.19
17793,3687,2025-06-21, Debit Card ,231621.36
14596,2096,2024-05-08,Net Banking,186563.66
7400,4578,2020-09-26,Cash on Delivery,131249.1
3723,3864,2023-10-01,Cash on Delivery,41010.6
13030,4480,2024-01-26,Debit Card,136182.2
5899,4572,2025-05-05,Credit Card,14500.96
17364,3813,2019-03-19,Cash on Delivery,207019.34
5431,4404,2025-06-21,Cash on Delivery,146064.06
16974,3507,2025-02-25,Debit Card,37440.76
7405,650,2025-02-21,UPI,306473.59
9643,735,2020-10-13,Net Banking,409371.15
15501,1182,2024-02-14,UPI,170969.65
17558,3061,2023-12-06,Cash on Delivery,151452.32
9978,3746,2025-01-30,Net Banking,189046.33
8368,1426,2024-05-08,UPI,170460.8
11978,1417,2024-07-24,Credit Card,184211.47
7179,3592,2023-02-14,Credit Card,91979.12
5310,4817,2023-05-07,,240292.74
17865,3757,2024-08-31,Credit Card,25320.9
11675,2046,2025-10-28,Credit Card ,244945.86
413,4912,2023-07-22,UPI,175142.0
9583,516,2023-01-30,UPI,218815.12
3631,2553,2024-07-27,UPI,40062.87
6537,3800,2024-12-21,,445995.88
10452,4276,2025-11-19,Net Banking,82990.32
11564,4929,2025-10-31,Debit Card,97245.3
79,4195,2025-07-26,Cash on Delivery,198960.0
12381,1874,2020-12-23,Credit Card,213906.03
12637,4663,2025-08-23,cash on delivery,139842.26
12017,3294,2022-03-12,Net Banking,64839.51
8457,3338,2023-08-05,UPI,22110.98
13172,3578,2024-12-23,,170529.61
4395,1735,2020-07-13,Debit Card,257592.27
1599,3949,2025-05-30,UPI,
10515,3804,2019-08-20,Credit Card,49451.29
3957,941,2024-12-25,Debit Card,418860.75
8761,2672,2023-08-20,Cash on Delivery,295805.38
17563,2296,2022-10-30,Debit Card,219583.25
10263,3129,2021-09-20,Credit Card,78888.88
16372,661,2021-12-20,Debit Card,148232.17
13851,268,2024-01-04,Credit Card,84442.52
11979,4552,2021-02-17,Cash On Delivery ,142472.14
13170,2281,2020-04-08,Cash on Delivery,304548.94
18771,966,2023-08-16,net banking,240656.18
7760,2881,2025-05-16,nan,60630.14
5527,1168,2024-05-16,UPI,402300.41
7254,2089,2022-12-16,Net Banking,156976.38
13571,4488,2025-03-14,Credit Card,455843.37
10468,2846,2023-06-07,Net Banking,416328.49
14322,4021,2021-04-26,Credit Card,94900.9
15824,3081,2023-09-04,Net Banking,250368.5
14444,2714,2020-10-28,Net Banking,219584.12
13677,4829,2025-02-06,Net Banking,105618.58
15446,4980,2025-10-04,credit card,332411.48
13969,3103,2023-02-02,,178224.0
19622,700,2025-07-16,Cash on Delivery,68174.74
15194,2817,2021-04-30,Credit Card,171655.6
2641,4007,2024-11-13,Debit Card,364537.79
15971,2192,2025-10-29,Cash on Delivery,140046.85
12413,2898,2023-12-24,CASH ON DELIVERY,125436.95
5645,1825,2021-11-02,Net Banking,128761.44
14367,1047,2020-10-28,Debit Card,135625.5
8203,1708,2021-07-20,UPI,181663.62
13917,311,2025-03-03,Credit Card,147187.8
16823,732,2022-08-08,Debit Card,154332.93
9559,1230,2023-10-28,Credit Card,65977.72
972,1625,2025-01-10,UPI,304532.79
12999,3593,2024-02-09,Net Banking,97439.5
4222,3526,2022-11-10,,309610.83
18690,4555,2024-12-25,UPI,152642.31
11934,492,2023-02-18,Net Banking,278262.56
16304,1420,2022-05-26,Credit Card,290786.41
1927,64,2025-05-31, Debit Card ,299642.43
1338,2298,2024-04-14,,169916.72
3588,1519,2022-12-05,Net Banking,333407.04
6108,2702,2023-12-16,Credit Card,300622.68
19461,547,2024-06-11,Debit Card,144807.47
17013,749,2024-06-17,Net Banking,107535.88
16794,4495,2021-07-07,Credit Card,
8984,4410,2023-08-22,Cash on Delivery,104051.84
5760,2101,2022-02-26,Credit Card,209626.93
17583,2688,2022-04-21,Net Banking,70093.9
14619,3492,2023-11-02,Credit Card,
15176,270,2024-06-04, UPI ,153943.68
7638,1410,2022-12-28,Net Banking,347392.93
2680,3532,2020-12-23,Net Banking,124285.26
5396,2333,2019-11-20,Net Banking,223827.9
5331,576,2025-09-28,UPI,44846.13
14749,28,2022-08-29,UPI,154903.85
6628,1562,2023-01-05,Cash on Delivery,317623.39
17145,3008,2025-10-31,UPI,135969.84
11299,2735,2023-02-16,Cash on Delivery,238594.02
8140,4491,2024-02-17,Cash on Delivery,18534.9
14812,91,2022-08-21,Credit Card,280605.3
7286,5000,2020-01-03,,201838.38
5064,1713,2022-08-22,UPI,38082.25
13954,4871,2025-04-16,UPI,69009.54
5232,460,2021-04-03,Credit Card,20617.59
11609,2625,2025-05-22,UPI,133619.9
9786,1516,2023-11-22,Cash on Delivery,17794.64
17843,3632,2022-10-09,Debit Card,266715.42
13533,875,2024-02-22,Credit Card,45174.8
9780,1736,2023-12-29,Credit Card,55471.59
10371,1024,2023-12-29,Net Banking,269194.09
15337,2061,2023-08-25,UPI,202445.29
3112,582,2024-07-31,,134500.72
15699,4433,2021-10-11,Debit Card,93705.62
694,4125,2025-05-30,Net Banking,51148.62
5636,1496,2022-06-15,Cash on Delivery,94850.36
9771,3621,2025-05-01, Net Banking ,70185.03
13760,2506,2025-06-23,Cash on Delivery,362350.59
18402,2381,2024-09-24,Cash on Delivery,188310.99
12850,4749,2023-09-05,UPI,170188.09
19369,815,2024-10-11,UPI,254218.48
2352,178,2024-05-11,Cash on Delivery,
14957,1407,2024-02-05,Net Banking,140421.37
5630,1771,2024-09-12,Cash on Delivery,254007.69
12123,764,2021-11-21,,100940.84
11909,2026,2024-11-14,UPI,120140.2
8097,2649,2025-03-08,Cash on Delivery,93514.47
6003,1232,2025-10-29,Net Banking,206150.31
6965,2174,2024-01-31,Debit Card,159966.84
12442,3727,2025-01-26,Credit Card,73905.63
1419,2638,2024-11-30,,
17263,4013,2022-10-15,Cash on Delivery,35170.48
14238,3511,2024-10-22,nan,347112.04
17868,4246,2023-10-20,,227824.46
11972,1128,2024-11-02,Cash on Delivery,126819.63
12648,3117,2025-07-30,Cash on Delivery,29790.2
16440,2713,2021-05-15,Debit Card,163762.4
1319,1812,2022-01-16,Debit Card,278437.16
19018,66,2022-04-10,Credit Card,261175.14
1239,4675,2025-05-13,Net Banking,58294.03
17898,2000,2025-07-13,,7960.63
10451,1195,2024-04-27,UPI,342673.75
19213,3371,2025-09-02,Net Banking,321453.57
5474,458,2024-06-13,UPI,121541.07
5097,1561,2025-06-22,Debit Card,179094.04
10055,1561,2022-07-18,Credit Card,159967.75
11424,1553,2023-10-21,Net Banking,228618.37
9691,1587,2019-12-17,Net Banking,36831.84
4150,463,2025-04-12,Net Banking,212675.44
11314,1900,2019-05-13,,164525.21
14941,4874,2025-10-23,Net Banking,221283.2
179,3839,2020-07-16,UPI,52312.76
7345,4635,2023-01-25,UPI,254932.96
10981,3437,2023-10-04,UPI,105455.17
4604,96,2023-08-17,Debit Card,68937.49
16281,895,2020-05-30,Cash on Delivery,155623.12
11405,4069,2020-11-22,UPI,289141.76
9856,3920,2025-02-18,cash on delivery,18936.42
9194,4324,2024-07-24,Debit Card,38284.52
12367,3199,2023-07-11,upi,302262.17
13284,4225,2021-03-31,Credit Card,146715.28
14870,1745,2023-05-31,Cash on Delivery,95436.62
4823,1684,2020-10-10,Credit Card,44488.14
16613,642,2024-09-02,Cash on Delivery,249857.6
17203,4832,2025-10-16, Cash on Delivery ,127968.96
9181,4152,2024-07-24,Cash on Delivery,76658.85
16414,3914,2025-11-23,Credit Card,200205.59
9850,4019,2025-12-24,Credit Card,244956.71
16017,3779,2024-08-23,Net Banking,115189.25
562,3453,2024-11-22,Net Banking,78849.44
11657,4050,2025-12-27,Cash on Delivery,204873.76
4102,2098,2022-05-27,Credit Card,180126.68
13516,2334,2024-09-01,upi,412737.01
12282,2938,2024-12-10,Net Banking,521057.9
3011,527,2023-08-21,Cash on Delivery,240795.88
13970,3804,2020-03-31,Cash on Delivery,134320.04
11136,159,2024-11-05,Net Banking,293247.34
14499,1997,2024-04-28,,72895.02
19391,1289,2024-01-11,Cash on Delivery,147533.05
3540,2182,2024-08-23,nan,107425.62
15296,4946,2021-06-13,Credit Card,168985.26
18187,82,2025-07-30,CREDIT CARD,73896.86
17087,1366,2023-03-30,Credit Card,352191.32
13955,885,2024-01-03,Debit Card,177246.39
18702,4150,2021-07-29,Debit Card,4887.58
17829,222,2024-01-25,Credit Card,230218.82
2951,2319,2025-09-29,UPI,
19902,898,2024-09-28,credit card,418910.27
9047,1177,2025-01-16,debit card,45442.86
10025,3662,2021-04-13,,84758.62
7210,2710,2024-09-12,Credit Card,204956.44
2882,3089,2024-06-29,Net Banking ,56276.22
8009,3719,2024-04-13,Net Banking,107615.65
13875,45,2024-11-30,Credit Card,317589.47
12402,2497,2024-06-23,Debit Card,177937.65
6193,2363,2022-08-18,Debit Card,231749.15
2338,70,2021-05-10,UPI,374956.99
13389,4640,2025-05-13,Credit Card,320045.16
7118,3625,2024-03-14,Net Banking,133401.26
11329,450,2025-12-03,Cash on Delivery,
3298,3470,2024-09-28,credit card,412920.75
19623,2860,2023-12-05,Net Banking,316397.45
6777,2610,2025-02-18,Cash on Delivery,203470.19
16093,1883,2023-07-26,Net Banking,335222.7
4996,439,2024-09-16,UPI,
4929,1039,2024-04-27,,11340.79
6196,3645,2023-04-09,,346533.24
2666,3153,2024-07-03,Debit Card,300570.1
13530,2,2023-09-16,Net Banking,348107.34
10175,123,2024-12-16,Credit Card ,363003.58
17254,3223,2022-12-22,Net Banking,134463.82
19618,241,2024-11-01,Debit Card,271803.89
16053,3436,2025-05-13,Debit Card,86520.12
6894,567,2023-03-22, UPI ,340767.17
3051,1989,2024-10-01,Net Banking,82644.92
14745,1654,2025-01-16,UPI,138639.64
19062,140,2025-10-23,,3363.96
5471,3104,2024-08-30,UPI,33937.66
11590,4906,2023-10-22,Credit Card,116699.5
5773,3095,2023-06-25,Debit Card,144504.29
16262,2564,2022-07-14,Net Banking,268557.53
3079,1207,2024-09-02,UPI,69490.24
12178,1208,2025-09-05,Net Banking,304433.96
1139,3266,2025-11-02,UPI,105041.65
7921,3214,2023-07-20,Cash on Delivery,175035.9
2695,889,2024-11-14,Net Banking,165746.83
7836,1615,2025-07-13,Debit Card,178952.98
12428,4093,2023-05-13,Net Banking,37340.46
4586,2560,2022-12-30,UPI,290939.56
7741,935,2024-09-16,Debit Card,374289.03
15713,1550,2021-07-15,Net Banking,201923.19
14187,979,2024-05-09,Credit Card,3565.22
17312,1869,2025-02-25,Credit Card ,311653.43
13101,3901,2021-06-17,UPI,137169.06
10,4164,2024-08-11,Net Banking,196544.83
19754,4551,2022-09-28,Cash on Delivery,123088.96
7563,4782,2025-05-31,Cash on Delivery,383382.58
12603,3760,2025-01-07,Debit Card,312855.08
11606,1719,2024-03-10,UPI,197934.02
16801,1897,2022-11-28,Net Banking,386240.82
5126,1015,2021-09-14,Cash on Delivery,93360.93
2087,40,2023-09-27,Debit Card,371257.98
4055,2789,2024-01-10,Credit Card,255349.62
15610,3664,2025-08-05,UPI,274837.36
15739,1480,2024-11-22,Cash on Delivery,75838.88
19139,1357,2025-08-28,Cash on Delivery,
137,2555,2025-06-06,UPI,77795.97
4843,981,2021-01-16,UPI,116161.3
1123,4365,2025-01-28,Cash on Delivery,141386.48
12324,4580,2024-02-17,Cash On Delivery ,192075.82
26,408,2024-07-14,Net Banking,269006.19
17042,98,2025-11-02,UPI,173181.15
14915,878,2023-11-04,Debit Card,278452.33
19817,3850,2025-03-30,Credit Card,150751.55
16074,1565,2024-01-25,Debit Card,41316.8
19681,2119,2025-04-08,,308981.39
17643,2149,2023-10-19,Cash on Delivery,93424.16
1271,1371,2024-05-19,Debit Card,80877.15
17834,4228,2025-02-19,,272002.32
11018,3608,2024-09-10,UPI,2067.03
2438,4004,2025-06-25,Debit Card,32701.35
12533,2877,2025-01-15,Cash on Delivery,419339.81
6248,2737,2022-12-03,Cash on Delivery,66307.61
8469,2167,2022-12-30,Cash on Delivery,228761.46
10634,2717,2021-07-06,UPI,124886.46
18543,1626,2025-07-05,Cash on Delivery,274623.41
16973,1251,2023-11-29,UPI,171811.36
17355,82,2024-03-31,Debit Card,
7087,1961,2024-08-27,UPI,203296.38
13043,1636,2022-10-02,Net Banking,59349.84
3185,3664,2024-06-16,Cash on Delivery,119980.04
7882,910,2025-08-05,Credit Card,62222.95
2709,1979,2024-07-29,Debit Card,472420.34
14666,31,2025-04-23, UPI ,52255.85
19719,4470,2025-06-08, Net Banking ,1389.11
18144,784,2023-01-12,UPI,98108.4
2182,670,2022-01-18,Credit Card,71451.0
18657,1586,2020-08-26,UPI,202850.76
9120,2528,2021-11-06,Debit Card,129566.16
7005,2321,2025-12-01, Net Banking ,85821.34
19611,3885,2025-07-27,Cash on Delivery,364232.16
3069,753,2024-04-06,Cash on Delivery,196175.93
11315,2131,2024-06-30,Debit Card,242668.35
25,236,2024-10-16,Credit Card,337658.27
4903,2994,2024-11-05,Net Banking,89142.69
2588,1743,2023-07-31,,143304.77
8636,3877,2025-02-03,Net Banking ,16242.64
8947,4025,2025-04-02,Cash on Delivery,143266.1
14718,4842,2025-05-09,Credit Card,115718.22
9240,2108,2024-02-19,Net Banking,95375.22
781,3364,2024-09-30,Net Banking,37204.44
19145,559,2022-06-25,Cash on Delivery,40410.03
17582,1739,2025-03-20,Net Banking,217422.27
17434,3865,2024-10-26,Nan ,347306.14
9820,1466,2022-03-21,Net Banking,43529.26
3412,33,2025-09-06,UPI,25051.34
2832,4094,2024-02-01,Net Banking,277399.07
3801,3007,2024-08-19,Credit Card ,426170.75
2444,72,2023-08-24,Net Banking,72471.8
14826,4514,2024-06-16,Debit Card,244536.82
17656,681,2023-07-07,Credit Card,298277.67
18135,2056,2024-02-04,Net Banking,227199.65
8959,1604,2023-04-11,Net Banking,85357.62
5059,3460,2023-03-07,Cash on Delivery,110634.22
15698,1085,2025-09-20,Credit Card,63812.82
1890,355,2022-09-20,Debit Card,212397.5
19445,4849,2021-04-28,Debit Card,192256.31
8361,2858,2023-06-30,Debit Card,344172.93
74,2517,2022-10-18,UPI,70447.22
13364,2891,2024-08-28,Net Banking,142922.59
2986,4010,2025-08-07,UPI,26256.04
10076,2876,2024-10-10,Net Banking,100175.08
4045,1887,2025-03-10,Cash on Delivery,46388.2
7951,2665,2022-05-22,UPI,149187.69
10761,1219,2025-05-14,Net Banking,86696.77
993,1899,2025-03-14,UPI,74826.71
14342,4442,2025-07-19, Cash on Delivery ,273447.96
6399,4760,2022-01-16,Cash on Delivery,330683.46
19601,1557,2025-02-04,Net Banking,78674.48
18290,4827,2025-08-21,Credit Card,208436.48
13382,61,2021-10-23,Debit Card,283686.22
3087,4143,2022-02-17,Debit Card,79859.77
7247,3413,2024-01-17,Net Banking,44877.04
1739,2725,2024-12-13,Net Banking,
1560,3595,2020-12-09,Debit Card,59102.54
1504,3548,2024-11-11,UPI,167495.51
2565,1101,2020-03-23,Debit Card,203488.11
18016,435,2025-12-28,,152018.9
2103,636,2020-07-23,UPI,226945.65
14804,4452,2021-02-03,Cash on Delivery,177314.55
16651,4263,2025-02-10,upi,291087.81
9226,588,2024-01-29,Cash on Delivery,34176.91
14118,1293,2024-10-03,,402109.93
19016,4703,2025-09-11,Cash on Delivery,212100.98
3587,3847,2024-12-02,Cash on Delivery,226833.35
18970,1255,2024-03-18,UPI,367312.95
11096,4202,2023-09-12,upi,384657.85
6204,695,2025-08-28,Credit Card,212193.08
7672,2049,2024-11-26,Debit Card,379171.71
4527,495,2025-01-16,Debit Card,74891.1
18599,4111,2022-12-28,,66132.09
7858,3494,2021-07-07,Debit Card,32251.55
12436,2320,2022-11-19,UPI,34749.98
3960,423,2025-08-06,Debit Card ,159521.14
4344,2753,2024-10-12,,224766.2
4470,1684,2022-12-08,UPI,174477.67
17972,4051,2024-06-20,Cash on Delivery,239270.18
6711,1103,2022-10-28,Credit Card ,230308.23
6857,4840,2025-01-15,Credit Card,170037.07
3700,2308,2022-02-04,UPI,91022.68
9203,1990,2024-04-13,Debit Card,432049.26
15856,2224,2023-12-20,Cash on Delivery,452085.71
19409,2192,2021-11-14,,248851.89
3997,3121,2024-03-30,Credit Card,41277.88
1176,3511,2023-12-15,Credit Card,101724.3
7860,638,2024-07-09,UPI,37280.52
12724,145,2023-03-13,Net Banking,142733.27
4993,3499,2025-07-14,Net Banking,84512.95
18075,1369,2019-10-07,Net Banking,132824.76
6039,4164,2019-09-24,Credit Card,121329.47
1281,3062,2020-11-17,Debit Card,343797.21
3351,1099,2024-10-08,Debit Card,210712.95
10425,176,2020-03-18,Credit Card,59430.66
17072,4951,2025-03-16,UPI,184032.75
17023,117,2021-03-12,Net Banking,39228.03
8762,3496,2021-12-05,Debit Card,444206.01
6459,2168,2023-09-23,UPI,214544.9
13696,3212,2023-11-24,Credit Card,131063.85
1361,3075,2025-04-17,Debit Card,123840.92
7387,2796,2020-02-08,Cash on Delivery,278268.62
3288,595,2025-12-27,Debit Card,169598.23
6414,543,2019-07-18,CASH ON DELIVERY,77898.78
16581,4065,2024-04-08,Cash on Delivery,378152.62
14091,2743,2023-11-26,Credit Card,177442.03
4592,3177,2024-08-23,Credit Card,424164.78
5033,3478,2024-02-20,,55059.48
11282,4312,2022-03-03,Net Banking,522125.42
10621,2914,2023-02-20,,31105.48
2076,2029,2025-09-20,UPI,293690.8
14102,2320,2021-03-18,Net Banking,193137.6
13944,753,2023-03-20,Debit Card,287557.86
12684,3039,2024-12-09,Debit Card,306695.53
8035,4928,2025-03-04,UPI,52022.35
7397,3024,2022-06-02,Debit Card,93675.78
8031,1179,2023-11-04,Credit Card,230386.73
148,2202,2020-04-20,Cash on Delivery,
17182,4178,2020-04-18,,171283.68
9943,263,2022-08-29,Debit Card,
18671,4829,2022-09-24,Cash on Delivery,22754.55
18413,1135,2025-08-13,Cash on Delivery,68291.18
5106,3169,2024-01-15,,353130.7
13199,3458,2025-10-22,Cash on Delivery,92903.2
16291,4218,2022-06-22,Debit Card,154200.04
1474,4561,2022-04-13,Cash on Delivery,239277.79
723,4031,2021-04-04,Net Banking,5149.44
9554,4697,2024-05-11,UPI,198945.49
16491,422,2024-01-03,UPI,13870.07
4486,598,2021-10-22,Cash on Delivery,152499.62
11245,4904,2023-05-27,Cash on Delivery,117223.07
1473,1877,2024-12-10,Debit Card,123787.2
9310,2364,2025-04-08,Debit Card,39115.71
8747,2966,2024-11-15,Cash on Delivery,32769.46
300,1379,2022-10-19, Cash on Delivery ,297940.49
171,4269,2025-01-24,cash on delivery,65658.66
3327,2799,2024-11-19,Debit Card,66512.0
3675,2784,2021-10-27,Credit Card ,299539.35
10547,2104,2024-05-06,Debit Card,256512.61
3620,167,2021-11-18,Debit Card,204127.13
16800,3627,2025-09-12,Net Banking,207146.8
6595,2308,2023-07-30,UPI,190421.34
12717,1203,2025-08-21,UPI,192726.85
11246,1418,2022-04-24,Cash on Delivery,45832.44
10032,3301,2025-04-02,Net Banking,259384.08
2957,1138,2024-12-22,Credit Card,124442.62
14203,3854,2025-04-08,Net Banking,156089.58
14178,4796,2025-03-13,CREDIT CARD,125891.84
16060,4965,2025-04-18,Credit Card,341058.57
631,4875,2025-03-09,Debit Card,96131.89
5047,1355,2024-10-18,Net Banking,5620.48
16547,2105,2025-03-03,Debit Card,286907.92
8606,1620,2024-12-16,,216952.0
9069,1878,2025-03-18,Credit Card,29982.09
9010,2450,2024-07-08,,146012.37
13111,2159,2024-06-25,cash on delivery,305730.09
2256,657,2023-06-18,UPI,196380.51
11876,3120,2024-05-09,Debit Card,23649.67
8422,2628,2024-03-03,Net Banking,225031.43
9099,2230,2023-06-03,Upi ,14576.94
9089,1981,2025-08-19,Cash on Delivery,183921.22
14524,4859,2023-12-29,Debit Card,44000.73
5322,4474,2025-09-16,Debit Card,247472.59
5850,3296,2022-02-27,Cash on Delivery,150399.0
10346,4436,2025-01-27,Cash on Delivery,260450.42
6334,4152,2024-07-18,Cash on Delivery,120306.19
9520,3166,2025-04-14,Net Banking,97714.44
10501,1763,2024-12-05,Cash on Delivery,143172.2
14481,382,2024-01-08,Net Banking,247833.54
2877,4142,2021-08-24, Debit Card ,178449.56
13940,2202,2020-08-22,Cash on Delivery,419818.01
8891,4017,2025-03-22,Net Banking,68049.8
6587,2552,2023-11-14,UPI,153764.35
15274,836,2023-02-03,cash on delivery,254496.88
11276,2360,2022-09-23,UPI,104845.02
13179,1172,2023-02-20,Cash on Delivery,350804.78
18964,3062,2025-07-03,UPI,437728.93
3021,4449,2025-07-19,UPI,142791.51
3542,3813,2019-09-23,Credit Card ,99292.04
5248,1192,2025-07-24,Cash on Delivery,165726.43
5543,3898,2022-09-05,Credit Card,343394.09
1980,604,2025-02-25,Net Banking,126587.53
17442,4663,2023-04-08,UPI,112467.81
11502,2583,2025-01-05,Debit Card,9322.74
11711,562,2025-08-27,UPI,24634.44
19663,963,2023-05-03,Cash on Delivery,187406.21
7079,3174,2025-03-04,Credit Card,236348.08
14580,1011,2022-05-17,UPI,195269.6
7772,1924,2022-09-28,CASH ON DELIVERY,213160.72
93,4153,2025-10-22,UPI,45437.13
1235,2613,2022-05-05,Net Banking,249018.26
6482,2610,2025-01-17,cash on delivery,144504.19
17398,1500,2022-08-04,Net Banking,232963.27
5797,3536,2025-05-03,Cash on Delivery,100457.43
9140,4717,2025-08-22,Debit Card,83133.53
191,2738,2025-10-25,Cash on Delivery,77490.62
14376,1293,2024-02-23,,21033.76
15861,3595,2022-09-18, UPI ,31947.34
7792,1703,2024-08-15,Cash on Delivery,37600.28
17916,766,2024-09-15,Debit Card,125979.82
14285,801,2025-07-09,UPI,320504.8
2683,1395,2025-02-28,Net Banking,79181.19
6051,57,2024-12-09,Debit Card,517181.36
19197,4106,2024-10-26,Cash on Delivery,4973.5
3895,3050,2023-07-26, Cash on Delivery ,156786.34
11781,1028,2023-11-06,Credit Card,157810.65
3177,1071,2024-09-20,Debit Card,42121.02
16490,4271,2020-03-01,UPI,90430.0
3414,4810,2023-01-20,Cash on Delivery,132773.29
14010,1445,2024-05-30,Net Banking,22385.46
2302,4889,2023-04-21,Cash on Delivery,166441.6
13721,2179,2023-06-19,Credit Card,156001.25
6567,1177,2025-11-14,Debit Card,182217.88
8967,4412,2024-08-18,Cash on Delivery,285232.71
859,2313,2025-03-23,Net Banking,189339.28
14416,2479,2025-02-07,Credit Card,313869.64
12786,2215,2025-01-27,,123875.55
5045,684,2020-07-23,Debit Card,41121.45
13896,4524,2023-02-05,UPI,189171.75
19815,3061,2025-07-24,Cash on Delivery,226524.95
17110,2885,2025-06-28,Cash on Delivery,
18064,556,2024-06-19,,139384.1
10394,127,2024-12-25,Credit Card,302656.17
14950,3632,2022-06-22,Credit Card,54037.84
12136,1674,2020-10-16,UPI,87509.14
1364,3654,2025-01-31,UPI,157887.8
3782,4071,2023-04-29,,
17297,3942,2023-02-21,Cash on Delivery,167560.76
6662,2685,2025-08-09,Credit Card,158854.93
10285,4904,2021-06-19,Net Banking,350823.66
7794,2202,2023-01-29,Debit Card,83642.75
391,2785,2025-02-15,Credit Card,318252.49
6285,3810,2024-04-09,Credit Card,39340.42
14694,88,2025-01-14,Debit Card,58541.25
7302,4571,2022-12-12,net banking,301983.17
15639,2796,2024-07-26,UPI,32503.51
18628,2431,2024-08-19,Net Banking,255005.07
8092,4552,2022-03-30,Debit Card,315242.78
14452,760,2022-02-05,Net Banking,242307.14
3124,839,2021-06-04,Credit Card,132910.94
19506,172,2024-05-19,Debit Card,214274.55
719,3103,2019-07-20,Credit Card,78281.63
3257,2756,2022-06-10,Cash on Delivery,204703.85
14356,714,2025-12-06,credit card,148217.17
6503,3764,2024-03-30,Cash on Delivery,412461.32
16169,4153,2023-08-08,UPI,39762.27
16219,2067,2025-06-03,UPI,142258.0
7164,4791,2021-07-01,,66592.32
11604,1174,2022-05-27,Debit Card,268905.19
19433,857,2025-01-28,UPI,146178.93
16805,4301,2020-04-20,Credit Card,21661.05
18582,2826,2022-11-22,UPI,73819.16
12070,868,2022-06-28,Credit Card,404299.58
3118,1205,2025-07-07,UPI,291633.0
1938,2234,2024-09-13,,40972.99
9312,4150,2024-04-14,credit card,363468.1
4116,3944,2024-09-13,Cash on Delivery,62723.92
535,2792,2023-07-05,Credit Card ,126616.48
16933,1418,2024-06-06,Debit Card,174277.4
16683,4386,2025-06-16,NET BANKING,18445.0
7121,3043,2021-09-18,UPI,315248.35
11555,1173,2023-05-31,Net Banking,
7482,4148,2021-02-04,UPI,132993.38
11922,4862,2024-05-29,Net Banking,184173.76
18555,1508,2021-03-30,upi,13903.95
7376,2556,2022-10-27,Net Banking,332668.7
17770,3511,2022-11-10,Debit Card,123402.47
19592,2275,2025-10-03,Net Banking,78802.71
3136,3237,2023-06-24,Net Banking,84486.89
12092,3870,2022-01-28,UPI,210000.85
6914,1613,2025-03-13,Debit Card,81098.1
5772,1194,2024-07-16,Net Banking,9171.89
4185,3020,2024-12-03,Credit Card,467164.38
11351,1822,2023-09-25,Cash on Delivery,203106.28
7177,1900,2023-07-27,UPI,22359.53
16482,1658,2025-06-17,Net Banking,154482.72
14685,3671,2020-12-20,Debit Card,317959.91
10162,4754,2022-04-02,Cash on Delivery,248806.78
2795,1453,2021-05-15,Cash on Delivery,128874.26
7739,584,2024-05-04,UPI,119825.24
5526,3109,2024-09-07,UPI,68003.72
2527,2551,2025-10-24,Debit Card,94985.21
2540,2686,2025-04-14,Net Banking,154446.58
15178,3694,2025-07-05,Cash on Delivery,90240.38
17455,3411,2024-04-11,Net Banking,225994.57
14701,1422,2021-10-20,Cash on Delivery,104327.49
16681,4118,2021-12-27,Cash on Delivery,133712.14
16434,2213,2024-07-06, UPI ,139605.76
13800,166,2022-08-03,Cash on Delivery,305320.52
8417,3407,2025-09-19,Net Banking,274185.64
1244,3324,2025-07-03,Debit Card,376401.41
11472,3654,2024-09-23,Cash on Delivery,302359.97
14074,4676,2024-06-12,Net Banking,33858.48
15794,4932,2024-05-13,Cash on Delivery,
17610,1843,2024-10-07,Credit Card,237232.04
4659,2382,2025-06-20,Credit Card,241668.22
14959,4572,2023-12-23,Cash on Delivery,264159.62
7244,3578,2023-08-04,UPI,194981.02
15424,337,2023-06-15,Cash on Delivery,123918.99
11045,3588,2024-10-13,UPI,139734.02
4701,1280,2025-10-30,Debit Card,303209.45
443,4714,2024-07-01,Cash on Delivery,236589.69
18857,562,2022-07-23,Debit Card,83242.29
10780,3628,2025-01-08,Net Banking,100656.73
19200,1420,2021-07-11,Net Banking,344569.13
15099,2220,2024-05-29,Cash on Delivery,323865.31
11109,964,2020-11-29,Credit Card,46911.16
6834,3065,2024-10-24,Net Banking,127694.92
10992,527,2023-10-15,Net Banking,324407.06
3904,4807,2024-12-01,Net Banking,12420.0
1566,786,2024-08-26,cash on delivery,132044.88
15387,638,2022-04-07,cash on delivery,348502.48
8654,2876,2021-09-01,Cash on Delivery,251725.96
6800,3373,2024-06-18,Credit Card,365758.82
15122,4081,2019-10-21,Cash on Delivery,124268.76
11324,294,2024-03-14,,154551.96
8907,4676,2022-04-04,Net Banking,149644.29
16081,1627,2024-03-29,Net Banking,93538.44
7646,4357,2022-07-30,Cash on Delivery,
14998,272,2023-02-12,Net Banking,358266.65
16184,3820,2024-08-26,Cash on Delivery,141882.32
4625,4041,2025-11-03,Debit Card,130175.56
7905,4026,2024-01-26,UPI,209820.87
15844,231,2023-08-21,Credit Card,42010.52
12235,2445,2023-07-10,Debit Card,190955.15
1766,1016,2021-01-13,Credit Card,107424.92
15157,3320,2023-01-05,Net Banking ,155806.76
2904,2456,2023-02-08,UPI,177646.05
5595,1,2025-11-29,Cash on Delivery,150022.76
16994,2984,2025-02-21,Net Banking,79290.19
486,2151,2025-01-08,,461532.68
15486,3516,2024-01-17,Net Banking,38827.53
15354,4657,2023-07-14,UPI,336459.29
9278,4981,2020-07-15,CREDIT CARD,269924.9
10322,3772,2023-05-22,Debit Card,51591.21
4421,4788,2025-12-06,Debit Card,123720.31
7554,2477,2023-03-20,Credit Card,332848.6
3539,908,2025-11-01,,62314.7
11321,4055,2023-08-05,UPI,227265.62
14791,3381,2023-10-27,Net Banking,64770.18
14310,830,2025-05-10,Debit Card,153237.9
1674,3701,2024-12-15,Net Banking,42990.46
5437,4337,2025-05-26, Credit Card ,55289.96
11049,4734,2023-05-01,Credit Card,59429.73
7307,2876,2023-06-26,Net Banking,368916.86
9983,1889,2022-09-12,Debit Card,
13089,4743,2024-08-13,Cash on Delivery,133843.97
5676,56,2021-06-28,Credit Card,222225.2
97,1782,2025-12-22,Credit Card,309956.52
3156,1712,2025-05-22,Cash on Delivery,105715.96
18879,199,2021-05-30,UPI,144377.62
5885,1386,2020-01-01,UPI,194260.02
367,3571,2024-10-20,Debit Card,260732.04
3658,196,2024-01-07,Cash on Delivery,
10102,1352,2025-10-06,Cash on Delivery,305239.72
919,3254,2025-09-29,Net Banking,256731.1
12681,2137,2021-03-22,Credit Card,
12795,3889,2025-01-15,Debit Card,14932.39
6793,4230,2022-08-27,Credit Card ,140711.56
14120,4769,2025-11-13,Debit Card,146790.36
19776,4599,2022-12-23,Net Banking,43862.72
18819,1388,2024-10-16,Credit Card,179182.27
12421,3941,2025-06-11,Cash on Delivery,89602.68
19695,1930,2023-07-21,Net Banking,89774.22
17973,4317,2025-11-11,UPI,
3665,4688,2022-01-12,Debit Card,421949.74
10691,4179,2023-10-24,Debit Card,157160.12
16416,80,2019-06-24,Net Banking,340145.05
17760,1966,2024-06-23,Net Banking,352869.63
7623,3792,2022-10-15,,315010.77
9970,2996,2025-10-20,Net Banking,23415.95
9542,3134,2021-02-26,Debit Card,11743.44
16640,4702,2025-03-19,Net Banking,155260.46
12855,4039,2023-12-24,Credit Card,130351.56
15906,828,2023-02-09,Debit Card,263055.93
8171,1731,2024-11-14,,116970.03
14696,4184,2022-03-23,Cash on Delivery,141559.71
13415,579,2024-10-06,Cash on Delivery,180073.03
19112,4533,2025-08-02, Net Banking ,356586.28
10015,44,2024-10-24,UPI,66852.78
8317,2615,2022-12-23,Credit Card,212656.84
6549,332,2024-01-04, Debit Card ,265693.97
19163,2217,2024-12-15,Credit Card,211208.39
11072,1505,2025-09-26,Debit Card,238799.72
5168,3812,2025-04-21,Cash on Delivery,211561.7
2774,867,2023-11-13,Credit Card,150858.1
10828,628,2022-04-17,UPI,72403.35
434,4951,2025-09-13,Net Banking,311252.63
11528,890,2023-09-03,Net Banking,136197.84
14697,4407,2024-03-04,UPI,170933.76
1100,331,2023-08-07,Debit Card,193053.25
18899,4415,2025-12-05,Net Banking,264039.37
11799,623,2023-08-13,Credit Card ,226611.09
6638,3722,2020-09-17,Net Banking,247118.73
2576,3437,2024-11-02,,117352.08
